trade_date,amihud_000001.SZ,amihud_600015.SH,amihud_601398.SH,amihud_601939.SH,amihud_601988.SH,amihud_601998.SH
2018/1/2,1.62E-05,5.84E-05,1.33E-05,2.69E-05,1.82E-05,9.81E-05
2018/1/3,1.22E-05,5.55E-05,1.48E-05,2.87E-05,2.11E-05,6.80E-05
2018/1/4,7.38E-06,5.86E-05,7.37E-06,1.99E-05,1.68E-05,8.16E-05
2018/1/5,9.41E-06,2.41E-05,4.79E-06,2.30E-05,1.41E-05,7.53E-05
2018/1/8,1.20E-05,6.02E-05,7.46E-06,2.79E-05,1.10E-05,4.60E-05
2018/1/9,1.22E-05,7.59E-05,1.13E-05,1.64E-05,1.88E-05,5.34E-05
2018/1/10,1.35E-05,4.75E-05,1.39E-05,2.92E-05,1.44E-05,5.40E-05
2018/1/11,1.23E-05,4.33E-05,1.32E-05,3.20E-05,1.73E-05,6.11E-05
2018/1/12,1.13E-05,4.13E-05,1.17E-05,1.70E-05,1.56E-05,6.75E-05
2018/1/15,1.36E-05,3.85E-05,1.11E-05,2.33E-05,1.60E-05,5.86E-05
2018/1/16,7.29E-06,3.37E-05,1.31E-05,2.34E-05,1.53E-05,5.27E-05
2018/1/17,1.08E-05,4.29E-05,1.48E-05,2.28E-05,1.74E-05,7.80E-05
2018/1/18,1.08E-05,3.36E-05,1.52E-05,3.57E-05,1.02E-05,5.45E-05
2018/1/19,7.88E-06,3.22E-05,1.00E-05,1.58E-05,1.18E-05,4.69E-05
2018/1/22,1.15E-05,4.01E-05,1.41E-05,1.96E-05,1.70E-05,4.54E-05
2018/1/23,1.12E-05,3.52E-05,1.29E-05,2.87E-05,2.27E-05,5.06E-05
2018/1/24,1.02E-05,2.94E-05,1.29E-05,1.16E-05,1.41E-05,4.14E-05
2018/1/25,1.33E-05,3.18E-05,1.41E-05,1.59E-05,2.23E-05,7.21E-05
2018/1/26,7.82E-06,3.27E-05,1.21E-05,1.31E-05,1.83E-05,8.32E-05
2018/1/29,1.60E-05,3.55E-05,1.58E-05,1.53E-05,2.18E-05,7.87E-05
2018/1/30,1.41E-05,3.63E-05,1.67E-05,1.64E-05,2.46E-05,6.83E-05
2018/1/31,1.56E-05,4.38E-05,1.43E-05,1.37E-05,1.77E-05,6.84E-05
2018/2/1,1.16E-05,3.29E-05,1.07E-05,1.20E-05,1.50E-05,5.39E-05
2018/2/2,2.07E-05,5.98E-05,1.26E-05,1.80E-05,2.18E-05,9.23E-05
2018/2/5,1.79E-05,5.64E-05,1.30E-05,2.05E-05,2.65E-05,0.000103788
2018/2/6,1.20E-05,2.90E-05,9.02E-06,2.23E-05,1.26E-05,4.77E-05
2018/2/7,2.52E-05,4.20E-05,1.96E-05,3.27E-05,2.41E-05,0.000102339
2018/2/8,1.13E-05,6.62E-05,1.71E-05,2.82E-05,2.66E-05,0.000102326
2018/2/9,2.93E-05,0.000130169,1.48E-05,2.26E-05,2.95E-05,0.0001183
2018/2/12,1.66E-05,3.95E-05,1.23E-05,2.49E-05,2.43E-05,6.79E-05
2018/2/13,2.62E-05,6.35E-05,1.40E-05,2.35E-05,2.93E-05,5.01E-05
2018/2/14,2.20E-05,7.38E-05,2.02E-05,3.99E-05,3.27E-05,7.67E-05
2018/2/22,2.75E-05,6.87E-05,1.60E-05,3.35E-05,3.54E-05,0.000106392
2018/2/23,2.11E-05,6.59E-05,1.19E-05,1.52E-05,2.15E-05,0.000102297
2018/2/26,2.40E-05,4.41E-05,1.65E-05,2.74E-05,2.71E-05,8.65E-05
2018/2/27,2.58E-05,7.46E-05,1.99E-05,3.32E-05,2.13E-05,7.75E-05
2018/2/28,1.98E-05,5.81E-05,1.48E-05,2.87E-05,3.28E-05,0.000118698
2018/3/1,1.94E-05,0.000102484,2.00E-05,2.35E-05,2.44E-05,8.53E-05
2018/3/2,2.01E-05,6.79E-05,1.93E-05,2.94E-05,2.55E-05,9.27E-05
2018/3/5,2.61E-05,9.59E-05,2.11E-05,2.98E-05,2.77E-05,8.37E-05
2018/3/6,2.07E-05,5.61E-05,1.06E-05,1.82E-05,2.46E-05,5.86E-05
2018/3/7,1.41E-05,6.59E-05,1.03E-05,1.89E-05,2.08E-05,4.86E-05
2018/3/8,1.99E-05,8.12E-05,1.50E-05,2.02E-05,2.10E-05,7.09E-05
2018/3/9,1.60E-05,4.83E-05,1.01E-05,1.71E-05,2.57E-05,6.49E-05
2018/3/12,1.19E-05,3.62E-05,9.00E-06,1.40E-05,1.44E-05,3.92E-05
2018/3/13,1.39E-05,8.30E-05,7.99E-06,1.49E-05,2.16E-05,7.32E-05
2018/3/14,2.10E-05,6.90E-05,1.25E-05,2.43E-05,1.91E-05,8.35E-05
2018/3/15,1.63E-05,7.93E-05,1.11E-05,2.04E-05,2.03E-05,7.14E-05
2018/3/16,1.58E-05,5.66E-05,1.63E-05,2.13E-05,2.31E-05,5.54E-05
2018/3/19,2.07E-05,5.65E-05,1.81E-05,2.67E-05,1.71E-05,7.95E-05
2018/3/20,1.48E-05,0.000109193,1.91E-05,2.75E-05,3.82E-05,0.000108848
2018/3/21,1.44E-05,7.97E-05,1.52E-05,2.37E-05,1.43E-05,5.80E-05
2018/3/22,2.57E-05,9.75E-05,1.61E-05,3.43E-05,2.36E-05,0.000101318
2018/3/23,3.22E-05,9.86E-05,2.29E-05,3.01E-05,2.31E-05,8.01E-05
2018/3/26,2.85E-05,7.17E-05,2.35E-05,3.57E-05,4.47E-05,0.000122958
2018/3/27,2.32E-05,6.96E-05,1.57E-05,2.09E-05,2.35E-05,5.57E-05
2018/3/28,2.66E-05,9.83E-05,1.47E-05,2.78E-05,2.34E-05,6.28E-05
2018/3/29,3.95E-05,0.000113224,1.84E-05,3.50E-05,2.65E-05,0.000119569
2018/3/30,1.88E-05,6.83E-05,1.02E-05,2.42E-05,1.63E-05,7.83E-05
2018/4/2,2.23E-05,8.67E-05,1.75E-05,3.08E-05,1.91E-05,0.00011567
2018/4/3,2.00E-05,9.86E-05,1.48E-05,3.02E-05,2.42E-05,0.000103989
2018/4/4,2.40E-05,0.000102711,1.48E-05,3.73E-05,1.96E-05,8.03E-05
2018/4/9,2.87E-05,8.93E-05,1.10E-05,3.19E-05,1.92E-05,8.61E-05
2018/4/10,2.80E-05,0.000118172,2.38E-05,4.32E-05,3.52E-05,0.000115344
2018/4/11,1.89E-05,9.33E-05,1.46E-05,1.55E-05,1.93E-05,7.83E-05
2018/4/12,2.58E-05,0.000127102,2.43E-05,3.13E-05,2.61E-05,8.83E-05
2018/4/13,1.93E-05,0.000178437,2.38E-05,3.60E-05,3.42E-05,0.000159426
2018/4/16,3.00E-05,0.000103644,1.84E-05,2.45E-05,2.78E-05,0.000145359
2018/4/17,2.11E-05,0.000110425,1.65E-05,2.27E-05,2.84E-05,0.000120066
2018/4/18,2.07E-05,0.000102724,1.21E-05,1.53E-05,2.33E-05,0.000170997
2018/4/19,2.39E-05,9.35E-05,1.33E-05,2.23E-05,2.44E-05,0.000115938
2018/4/20,3.06E-05,0.000115042,1.81E-05,2.20E-05,2.60E-05,0.000108488
2018/4/23,2.49E-05,8.70E-05,2.24E-05,2.73E-05,3.17E-05,8.43E-05
2018/4/24,1.82E-05,0.000102834,1.15E-05,2.57E-05,3.11E-05,9.75E-05
2018/4/25,2.29E-05,9.38E-05,1.73E-05,1.94E-05,3.77E-05,0.00015043
2018/4/26,3.30E-05,0.000113167,1.52E-05,2.85E-05,2.81E-05,0.0001333
2018/4/27,2.69E-05,7.35E-05,1.80E-05,3.01E-05,4.12E-05,0.000120828
2018/5/2,1.63E-05,9.19E-05,2.09E-05,4.09E-05,2.71E-05,8.14E-05
2018/5/3,2.11E-05,5.43E-05,1.88E-05,3.60E-05,2.50E-05,0.000133212
2018/5/4,2.08E-05,4.97E-05,1.52E-05,2.38E-05,1.90E-05,0.000111928
2018/5/7,1.69E-05,5.25E-05,1.64E-05,2.57E-05,3.66E-05,0.00013291
2018/5/8,2.11E-05,5.61E-05,1.46E-05,2.13E-05,2.75E-05,0.000131237
2018/5/9,1.99E-05,4.35E-05,1.15E-05,2.71E-05,2.84E-05,9.26E-05
2018/5/10,2.69E-05,4.88E-05,1.64E-05,2.95E-05,4.36E-05,0.000195518
2018/5/11,1.80E-05,3.97E-05,1.08E-05,2.18E-05,2.99E-05,0.000140732
2018/5/14,1.71E-05,4.76E-05,1.30E-05,2.24E-05,2.22E-05,0.000119407
2018/5/15,2.06E-05,4.86E-05,1.19E-05,2.15E-05,3.34E-05,0.000147603
2018/5/16,2.67E-05,6.95E-05,1.89E-05,2.80E-05,3.31E-05,0.000160122
2018/5/17,2.32E-05,4.61E-05,1.40E-05,2.78E-05,2.23E-05,0.000109304
2018/5/18,3.08E-05,0.000104617,2.51E-05,3.22E-05,4.14E-05,0.000141801
2018/5/21,1.95E-05,5.11E-05,1.16E-05,1.86E-05,2.87E-05,0.00010838
2018/5/22,2.73E-05,0.000110177,1.36E-05,1.97E-05,3.60E-05,0.000163525
2018/5/23,2.11E-05,7.79E-05,1.36E-05,1.82E-05,2.99E-05,0.00014637
2018/5/24,1.29E-05,7.92E-05,1.50E-05,1.55E-05,4.00E-05,0.000153156
2018/5/25,1.80E-05,9.83E-05,1.00E-05,1.33E-05,2.41E-05,0.000161334
2018/5/28,2.35E-05,5.82E-05,1.32E-05,1.46E-05,4.66E-05,0.000106019
2018/5/29,2.87E-05,0.000118781,1.44E-05,1.68E-05,4.50E-05,0.000136373
2018/5/30,2.83E-05,0.000133482,2.55E-05,2.70E-05,5.34E-05,0.00026244
2018/5/31,1.68E-05,9.67E-05,1.16E-05,1.86E-05,1.41E-05,0.000163813
2018/6/1,3.55E-05,5.98E-05,1.61E-05,2.62E-05,2.49E-05,0.000110928
2018/6/4,2.57E-05,0.000100443,1.21E-05,1.95E-05,3.02E-05,7.53E-05
2018/6/5,2.78E-05,7.34E-05,1.47E-05,1.83E-05,3.20E-05,7.00E-05
2018/6/6,2.17E-05,0.000103432,1.21E-05,1.76E-05,2.94E-05,8.83E-05
2018/6/7,2.38E-05,6.35E-05,1.33E-05,1.74E-05,2.49E-05,8.83E-05
2018/6/8,2.72E-05,0.000102528,1.88E-05,2.25E-05,3.16E-05,0.000139838
2018/6/11,1.78E-05,7.42E-05,2.11E-05,2.08E-05,3.57E-05,0.000184441
2018/6/12,1.42E-05,5.85E-05,1.65E-05,3.03E-05,4.19E-05,0.000173442
2018/6/13,2.07E-05,0.000102188,1.66E-05,2.07E-05,3.93E-05,0.000140215
2018/6/14,2.63E-05,7.53E-05,2.50E-05,2.74E-05,3.01E-05,0.000181984
2018/6/15,1.78E-05,5.69E-05,1.44E-05,2.08E-05,2.21E-05,0.000104145
2018/6/19,2.24E-05,0.000168717,9.77E-06,1.35E-05,1.49E-05,6.57E-05
2018/6/20,2.56E-05,8.87E-05,2.04E-05,3.48E-05,2.90E-05,0.000122676
2018/6/21,2.16E-05,0.000130992,1.54E-05,3.31E-05,3.00E-05,0.000113854
2018/6/22,1.58E-05,5.33E-05,1.25E-05,3.09E-05,3.40E-05,0.000157085
2018/6/25,4.85E-05,0.000193469,3.52E-05,4.16E-05,5.79E-05,0.000217978
2018/6/26,3.83E-05,0.000130493,3.02E-05,4.32E-05,4.96E-05,0.000157794
2018/6/27,4.19E-05,0.000133522,2.54E-05,3.83E-05,5.05E-05,0.000165076
2018/6/28,2.46E-05,0.000127231,2.98E-05,3.85E-05,4.95E-05,0.000269277
2018/6/29,3.81E-05,0.000151885,3.59E-05,4.11E-05,5.94E-05,0.00015806
2018/7/2,5.29E-05,0.000234897,5.54E-05,6.52E-05,9.38E-05,0.000139602
2018/7/3,2.66E-05,0.000125656,1.57E-05,2.94E-05,3.60E-05,0.000261112
2018/7/4,2.61E-05,0.000167389,2.73E-05,3.53E-05,5.99E-05,0.000136945
2018/7/5,2.88E-05,0.000148273,2.56E-05,3.51E-05,4.93E-05,0.000182887
2018/7/6,4.50E-05,0.000161291,3.00E-05,4.46E-05,5.83E-05,0.000243427
2018/7/9,3.33E-05,0.000132843,3.93E-05,5.60E-05,7.80E-05,0.000238574
2018/7/10,1.95E-05,9.33E-05,2.81E-05,2.69E-05,3.53E-05,0.000151464
2018/7/11,4.56E-05,0.000206776,2.87E-05,4.16E-05,4.79E-05,0.000296369
2018/7/12,4.41E-05,0.000178503,3.15E-05,4.18E-05,4.61E-05,0.000190952
2018/7/13,2.52E-05,0.000100575,2.84E-05,2.29E-05,4.10E-05,0.000187293
2018/7/16,3.96E-05,0.000183927,3.11E-05,4.76E-05,5.59E-05,0.000192961
2018/7/17,3.17E-05,0.000168787,2.54E-05,4.32E-05,4.56E-05,0.00019319
2018/7/18,3.96E-05,0.000148594,3.36E-05,5.00E-05,4.31E-05,0.000319102
2018/7/19,3.40E-05,0.000216494,3.76E-05,3.69E-05,4.12E-05,0.000317562
2018/7/20,4.20E-05,0.000211604,3.72E-05,4.82E-05,5.99E-05,0.000311112
2018/7/23,2.96E-05,0.000138005,2.29E-05,2.55E-05,4.26E-05,0.000164071
2018/7/24,2.04E-05,8.74E-05,1.78E-05,2.20E-05,3.00E-05,9.66E-05
2018/7/25,2.59E-05,7.52E-05,1.51E-05,3.40E-05,3.21E-05,0.000222207
2018/7/26,3.71E-05,0.000149128,2.90E-05,4.09E-05,4.93E-05,0.000152273
2018/7/27,4.07E-05,0.000143322,2.00E-05,3.55E-05,3.19E-05,0.000240174
2018/7/30,3.87E-05,0.000160026,2.43E-05,3.72E-05,2.88E-05,0.000176031
2018/7/31,3.80E-05,0.000148562,3.63E-05,4.16E-05,3.92E-05,0.000221466
2018/8/1,5.52E-05,0.000162229,3.25E-05,3.89E-05,5.60E-05,0.000186098
2018/8/2,3.57E-05,0.000224439,3.12E-05,3.61E-05,4.73E-05,0.000167582
2018/8/3,4.92E-05,0.000166268,2.25E-05,3.80E-05,6.03E-05,0.000221569
2018/8/6,4.91E-05,0.000194491,3.32E-05,3.65E-05,3.80E-05,0.000210024
2018/8/7,5.15E-05,0.000164938,2.38E-05,2.96E-05,4.46E-05,0.000305746
2018/8/8,2.71E-05,0.000100582,2.68E-05,3.91E-05,3.81E-05,0.000197719
2018/8/9,4.81E-05,0.000233432,2.59E-05,3.41E-05,4.64E-05,0.000187308
2018/8/10,4.42E-05,0.000133428,2.11E-05,3.11E-05,4.70E-05,0.000268757
2018/8/13,4.94E-05,0.000228551,2.99E-05,4.33E-05,5.51E-05,0.000255951
2018/8/14,3.17E-05,0.000113436,2.07E-05,4.29E-05,4.14E-05,0.000206782
2018/8/15,5.11E-05,0.000246072,2.26E-05,4.05E-05,4.99E-05,0.000272255
2018/8/16,5.10E-05,0.000271224,2.38E-05,4.11E-05,5.43E-05,0.00033582
2018/8/17,3.13E-05,0.000172773,1.79E-05,7.19E-05,5.06E-05,0.000273831
2018/8/20,3.86E-05,0.000137335,3.01E-05,4.33E-05,4.81E-05,0.00019287
2018/8/21,2.45E-05,9.82E-05,1.85E-05,3.56E-05,5.73E-05,0.000227695
2018/8/22,2.50E-05,0.000108686,4.88E-05,4.99E-05,8.22E-05,0.000464742
2018/8/23,2.99E-05,7.22E-05,3.00E-05,6.39E-05,5.42E-05,0.000269021
2018/8/24,3.38E-05,0.000139764,3.55E-05,6.32E-05,6.62E-05,0.000266389
2018/8/27,2.00E-05,5.65E-05,1.84E-05,2.73E-05,1.98E-05,0.000149509
2018/8/28,1.38E-05,7.46E-05,2.17E-05,2.83E-05,2.87E-05,0.000144078
2018/8/29,1.90E-05,7.29E-05,2.82E-05,4.69E-05,2.29E-05,0.000192629
2018/8/30,2.61E-05,0.00011129,3.41E-05,6.11E-05,4.63E-05,0.000316581
2018/8/31,1.61E-05,7.73E-05,1.90E-05,5.52E-05,2.66E-05,0.000200829
2018/9/3,2.84E-05,6.19E-05,2.49E-05,3.97E-05,3.33E-05,0.000157046
2018/9/4,3.48E-05,8.91E-05,2.93E-05,5.70E-05,4.94E-05,0.00015192
2018/9/5,3.09E-05,0.000105012,2.64E-05,5.73E-05,4.54E-05,0.000245964
2018/9/6,2.65E-05,8.60E-05,2.86E-05,3.60E-05,4.63E-05,0.000292779
2018/9/7,3.05E-05,7.28E-05,2.43E-05,3.30E-05,4.21E-05,0.000174319
2018/9/10,3.66E-05,7.23E-05,2.94E-05,4.24E-05,4.27E-05,0.00017412
2018/9/11,3.14E-05,0.000106565,3.01E-05,6.97E-05,4.47E-05,0.000138894
2018/9/12,2.71E-05,0.000137008,2.11E-05,3.80E-05,4.35E-05,0.000140474
2018/9/13,2.63E-05,7.84E-05,2.75E-05,4.17E-05,4.55E-05,0.000150529
2018/9/14,2.81E-05,5.97E-05,2.04E-05,3.87E-05,2.30E-05,9.61E-05
2018/9/17,3.26E-05,0.000114419,2.52E-05,3.54E-05,4.38E-05,0.000135205
2018/9/18,3.87E-05,8.43E-05,2.80E-05,5.32E-05,3.92E-05,0.000168871
2018/9/19,2.42E-05,6.02E-05,1.93E-05,3.76E-05,3.02E-05,9.47E-05
2018/9/20,2.60E-05,5.68E-05,1.80E-05,3.81E-05,3.28E-05,0.000139193
2018/9/21,2.92E-05,9.02E-05,2.90E-05,4.17E-05,3.85E-05,0.000223031
2018/9/25,1.83E-05,4.73E-05,1.61E-05,3.19E-05,3.11E-05,0.000168662
2018/9/26,2.33E-05,6.73E-05,1.45E-05,2.22E-05,2.80E-05,0.000142457
2018/9/27,2.68E-05,3.89E-05,2.65E-05,2.97E-05,3.16E-05,8.55E-05
2018/9/28,2.07E-05,5.46E-05,1.82E-05,3.02E-05,2.92E-05,0.000133963
2018/10/8,3.11E-05,0.000124475,3.62E-05,5.48E-05,5.33E-05,0.000190181
2018/10/9,2.63E-05,6.04E-05,1.77E-05,4.06E-05,2.68E-05,0.000130699
2018/10/10,2.55E-05,9.44E-05,1.57E-05,4.18E-05,3.23E-05,0.000177623
2018/10/11,3.73E-05,0.000132596,2.71E-05,5.65E-05,5.40E-05,0.000279655
2018/10/12,3.10E-05,0.000103465,3.04E-05,5.14E-05,3.77E-05,0.00014588
2018/10/15,2.56E-05,0.000101147,3.17E-05,4.33E-05,4.35E-05,0.000182425
2018/10/16,2.87E-05,8.80E-05,3.29E-05,3.64E-05,3.47E-05,0.000130612
2018/10/17,2.83E-05,7.71E-05,2.52E-05,4.37E-05,3.33E-05,0.000138973
2018/10/18,2.61E-05,0.000111017,1.84E-05,3.82E-05,2.68E-05,0.000166656
2018/10/19,3.83E-05,0.000143617,3.30E-05,4.84E-05,5.60E-05,0.000278465
2018/10/22,2.15E-05,8.19E-05,2.30E-05,3.03E-05,3.39E-05,0.000135609
2018/10/23,2.54E-05,8.99E-05,3.33E-05,4.31E-05,4.29E-05,0.000195676
2018/10/24,2.36E-05,0.000100524,2.68E-05,4.58E-05,4.09E-05,0.000188517
2018/10/25,2.84E-05,0.000116417,2.92E-05,5.12E-05,5.39E-05,0.000229517
2018/10/26,2.17E-05,7.74E-05,2.99E-05,3.18E-05,2.71E-05,0.000109888
2018/10/29,3.29E-05,0.000134427,3.56E-05,5.20E-05,3.63E-05,0.000225103
2018/10/30,1.96E-05,8.88E-05,2.51E-05,3.87E-05,2.05E-05,0.0001301
2018/10/31,1.76E-05,4.56E-05,1.46E-05,3.39E-05,2.75E-05,0.000102292
2018/11/1,1.58E-05,6.95E-05,1.96E-05,3.18E-05,3.09E-05,0.000132849
2018/11/2,1.23E-05,5.78E-05,1.12E-05,1.75E-05,1.89E-05,9.58E-05
2018/11/5,1.75E-05,6.84E-05,1.69E-05,2.86E-05,2.59E-05,0.000163857
2018/11/6,2.32E-05,7.80E-05,1.65E-05,3.04E-05,2.90E-05,0.000122877
2018/11/7,2.16E-05,7.45E-05,1.50E-05,2.54E-05,3.30E-05,0.000123874
2018/11/8,1.70E-05,7.23E-05,1.33E-05,3.06E-05,3.19E-05,9.55E-05
2018/11/9,2.68E-05,9.69E-05,1.94E-05,2.69E-05,3.80E-05,0.000208114
2018/11/12,1.98E-05,0.000105842,1.29E-05,1.82E-05,3.47E-05,5.59E-05
2018/11/13,2.28E-05,0.000135029,1.95E-05,3.04E-05,3.48E-05,0.000134579
2018/11/14,1.53E-05,0.000102275,1.59E-05,2.15E-05,3.58E-05,0.000119293
2018/11/15,2.20E-05,8.98E-05,1.46E-05,2.16E-05,2.17E-05,0.000110121
2018/11/16,1.93E-05,6.01E-05,1.25E-05,1.97E-05,2.34E-05,0.000111244
2018/11/19,1.97E-05,5.94E-05,1.37E-05,2.09E-05,2.96E-05,7.55E-05
2018/11/20,2.81E-05,0.00010952,2.43E-05,1.72E-05,3.33E-05,0.000145882
2018/11/21,2.55E-05,6.91E-05,2.14E-05,2.36E-05,4.93E-05,0.000127924
2018/11/22,3.41E-05,0.000103462,2.20E-05,2.89E-05,4.80E-05,0.000160959
2018/11/23,3.54E-05,0.000116155,1.56E-05,3.27E-05,3.64E-05,0.000156064
2018/11/26,2.88E-05,0.000124805,2.00E-05,2.94E-05,2.73E-05,0.000131622
2018/11/27,2.97E-05,0.000113222,1.59E-05,4.57E-05,3.97E-05,0.000180678
2018/11/28,2.66E-05,0.000112998,1.80E-05,2.13E-05,5.23E-05,0.000136195
2018/11/29,3.89E-05,0.000154803,2.58E-05,4.53E-05,5.67E-05,0.000162435
2018/11/30,3.03E-05,8.93E-05,2.30E-05,2.40E-05,3.51E-05,0.000159428
2018/12/3,2.53E-05,6.90E-05,1.70E-05,2.29E-05,3.77E-05,0.000115946
2018/12/4,1.50E-05,6.03E-05,1.06E-05,1.31E-05,2.49E-05,7.72E-05
2018/12/5,2.98E-05,0.000110645,1.81E-05,3.59E-05,3.98E-05,0.000122364
2018/12/6,3.58E-05,0.00012435,2.17E-05,2.93E-05,5.46E-05,0.000132492
2018/12/7,3.86E-05,6.38E-05,2.35E-05,3.31E-05,4.74E-05,0.000125525
2018/12/10,2.92E-05,0.000158865,1.74E-05,3.44E-05,4.38E-05,0.000198079
2018/12/11,2.89E-05,0.000120536,1.74E-05,3.18E-05,3.08E-05,9.90E-05
2018/12/12,3.12E-05,0.000113057,1.69E-05,3.07E-05,3.26E-05,0.000116037
2018/12/13,3.30E-05,0.0001123,2.13E-05,2.72E-05,5.81E-05,0.000154277
2018/12/14,4.15E-05,0.000150589,2.32E-05,2.99E-05,1.92E-05,0.000109033
2018/12/17,3.85E-05,7.53E-05,2.13E-05,3.13E-05,4.43E-05,0.000109579
2018/12/18,3.94E-05,9.74E-05,1.43E-05,4.35E-05,4.39E-05,0.000146655
2018/12/19,4.65E-05,0.000160502,1.78E-05,4.84E-05,4.08E-05,0.000123799
2018/12/20,3.60E-05,0.000111444,2.93E-05,4.87E-05,4.06E-05,0.0001831
2018/12/21,4.23E-05,0.000112829,2.43E-05,5.87E-05,3.51E-05,0.000196736
2018/12/24,3.13E-05,9.51E-05,3.80E-05,4.97E-05,4.61E-05,0.000271633
2018/12/25,4.33E-05,0.000166175,2.22E-05,5.03E-05,3.86E-05,0.000273866
2018/12/26,4.08E-05,0.000114939,2.83E-05,4.91E-05,2.47E-05,0.000133705
2018/12/27,3.82E-05,9.57E-05,1.76E-05,2.40E-05,1.43E-05,0.000167003
2018/12/28,3.55E-05,0.000113218,1.91E-05,3.70E-05,3.47E-05,0.000174337
2019/1/2,5.61E-05,0.000197389,4.54E-05,7.90E-05,6.39E-05,0.000314255
2019/1/3,5.07E-05,0.00016899,2.36E-05,6.11E-05,4.10E-05,0.000156751
2019/1/4,4.43E-05,0.000177423,3.90E-05,6.25E-05,4.48E-05,0.000267513
2019/1/7,2.69E-05,8.72E-05,2.53E-05,3.69E-05,3.29E-05,0.000146394
2019/1/8,3.18E-05,6.85E-05,2.29E-05,4.37E-05,4.10E-05,0.000122529
2019/1/9,3.46E-05,9.90E-05,1.85E-05,3.75E-05,2.39E-05,0.000124519
2019/1/10,3.14E-05,8.31E-05,2.61E-05,4.22E-05,2.74E-05,0.000130791
2019/1/11,2.37E-05,9.30E-05,1.74E-05,3.36E-05,2.08E-05,0.000172757
2019/1/14,3.49E-05,0.00010201,3.09E-05,4.71E-05,3.67E-05,7.53E-05
2019/1/15,3.37E-05,9.82E-05,1.85E-05,4.46E-05,2.47E-05,8.14E-05
2019/1/16,2.56E-05,6.68E-05,1.26E-05,3.07E-05,2.80E-05,9.54E-05
2019/1/17,4.24E-05,8.49E-05,1.94E-05,3.84E-05,2.59E-05,7.27E-05
2019/1/18,3.01E-05,7.81E-05,2.09E-05,3.31E-05,2.34E-05,8.56E-05
2019/1/21,2.11E-05,6.59E-05,1.43E-05,2.73E-05,1.59E-05,8.33E-05
2019/1/22,3.96E-05,0.000143584,2.20E-05,6.54E-05,2.23E-05,0.000121522
2019/1/23,3.27E-05,8.98E-05,1.63E-05,6.26E-05,3.48E-05,8.30E-05
2019/1/24,2.69E-05,8.38E-05,1.90E-05,4.08E-05,2.38E-05,0.00011612
2019/1/25,2.10E-05,6.42E-05,2.36E-05,3.38E-05,2.01E-05,0.000109922
2019/1/28,2.07E-05,7.73E-05,3.16E-05,4.98E-05,3.05E-05,6.72E-05
2019/1/29,3.04E-05,7.13E-05,2.02E-05,5.96E-05,2.90E-05,0.000124748
2019/1/30,3.70E-05,4.20E-05,1.42E-05,4.20E-05,2.52E-05,6.52E-05
2019/1/31,2.55E-05,5.57E-05,2.10E-05,3.78E-05,3.17E-05,7.32E-05
2019/2/1,2.32E-05,4.50E-05,1.96E-05,3.31E-05,2.35E-05,0.000112573
2019/2/11,2.43E-05,6.21E-05,2.39E-05,2.91E-05,3.30E-05,4.83E-05
2019/2/12,2.34E-05,8.20E-05,2.61E-05,4.02E-05,2.32E-05,4.88E-05
2019/2/13,2.01E-05,7.24E-05,2.30E-05,3.15E-05,1.57E-05,9.99E-05
2019/2/14,1.72E-05,6.43E-05,1.61E-05,2.88E-05,1.79E-05,8.51E-05
2019/2/15,2.60E-05,8.38E-05,2.58E-05,4.23E-05,3.63E-05,0.00010518
2019/2/18,2.61E-05,9.48E-05,1.55E-05,2.79E-05,2.88E-05,6.43E-05
2019/2/19,2.30E-05,5.78E-05,1.36E-05,2.92E-05,2.48E-05,4.79E-05
2019/2/20,2.59E-05,5.22E-05,1.50E-05,3.52E-05,2.91E-05,6.33E-05
2019/2/21,2.75E-05,5.04E-05,1.42E-05,3.45E-05,2.36E-05,9.42E-05
2019/2/22,2.75E-05,8.36E-05,9.93E-06,2.58E-05,3.10E-05,0.000135467
2019/2/25,2.67E-05,7.52E-05,1.58E-05,2.70E-05,3.18E-05,0.000106373
2019/2/26,1.37E-05,3.80E-05,1.03E-05,1.86E-05,1.51E-05,5.33E-05
2019/2/27,1.68E-05,5.63E-05,1.23E-05,2.50E-05,2.20E-05,0.000108491
2019/2/28,1.98E-05,4.55E-05,1.29E-05,2.07E-05,1.84E-05,9.42E-05
2019/3/1,2.17E-05,6.26E-05,1.33E-05,2.02E-05,2.80E-05,7.69E-05
2019/3/4,1.83E-05,3.06E-05,7.63E-06,1.63E-05,1.66E-05,5.29E-05
2019/3/5,1.87E-05,2.64E-05,8.02E-06,1.46E-05,1.17E-05,6.18E-05
2019/3/6,1.48E-05,3.21E-05,5.43E-06,1.17E-05,1.49E-05,4.27E-05
2019/3/7,1.82E-05,2.22E-05,8.20E-06,1.63E-05,1.31E-05,5.36E-05
2019/3/8,1.77E-05,7.45E-05,1.57E-05,2.80E-05,3.18E-05,9.07E-05
2019/3/11,2.53E-05,6.01E-05,1.10E-05,2.15E-05,2.49E-05,6.94E-05
2019/3/12,1.83E-05,3.82E-05,9.16E-06,1.42E-05,2.20E-05,5.05E-05
2019/3/13,2.17E-05,3.91E-05,8.40E-06,2.00E-05,2.60E-05,6.17E-05
2019/3/14,2.14E-05,5.71E-05,9.95E-06,2.44E-05,3.23E-05,6.20E-05
2019/3/15,2.07E-05,3.82E-05,7.68E-06,2.30E-05,1.83E-05,4.48E-05
2019/3/18,2.61E-05,4.09E-05,7.88E-06,2.07E-05,2.27E-05,4.13E-05
2019/3/19,2.12E-05,2.78E-05,6.39E-06,1.18E-05,2.14E-05,5.06E-05
2019/3/20,1.72E-05,3.29E-05,8.04E-06,2.30E-05,2.11E-05,5.07E-05
2019/3/21,1.59E-05,2.53E-05,5.51E-06,1.51E-05,1.21E-05,3.20E-05
2019/3/22,2.12E-05,4.66E-05,8.41E-06,2.42E-05,1.95E-05,5.95E-05
2019/3/25,2.75E-05,5.07E-05,1.23E-05,2.64E-05,2.63E-05,9.08E-05
2019/3/26,2.03E-05,8.63E-05,9.69E-06,1.88E-05,2.30E-05,7.93E-05
2019/3/27,2.65E-05,4.40E-05,1.13E-05,3.13E-05,2.03E-05,7.32E-05
2019/3/28,2.56E-05,7.39E-05,1.22E-05,3.11E-05,2.67E-05,9.90E-05
2019/3/29,2.31E-05,5.73E-05,1.09E-05,1.51E-05,3.17E-05,7.37E-05
2019/4/1,2.14E-05,3.90E-05,5.84E-06,1.51E-05,2.13E-05,3.99E-05
2019/4/2,1.54E-05,2.89E-05,4.76E-06,1.64E-05,1.80E-05,5.20E-05
2019/4/3,2.14E-05,3.72E-05,1.05E-05,2.21E-05,2.56E-05,4.76E-05
2019/4/4,1.49E-05,2.56E-05,9.30E-06,1.60E-05,1.47E-05,3.69E-05
2019/4/8,2.05E-05,3.00E-05,1.35E-05,2.24E-05,2.28E-05,4.31E-05
2019/4/9,1.54E-05,4.12E-05,7.44E-06,1.71E-05,1.84E-05,6.72E-05
2019/4/10,2.73E-05,3.26E-05,1.13E-05,2.05E-05,2.19E-05,5.60E-05
2019/4/11,3.82E-05,7.07E-05,1.11E-05,3.14E-05,1.60E-05,9.93E-05
2019/4/12,2.74E-05,3.20E-05,7.95E-06,1.58E-05,2.22E-05,0.000104416
2019/4/15,2.28E-05,4.42E-05,1.23E-05,2.47E-05,2.58E-05,8.16E-05
2019/4/16,2.17E-05,4.61E-05,1.45E-05,2.38E-05,2.32E-05,6.41E-05
2019/4/17,1.73E-05,2.61E-05,9.09E-06,1.51E-05,2.34E-05,4.88E-05
2019/4/18,2.53E-05,3.71E-05,1.29E-05,2.03E-05,3.29E-05,8.29E-05
2019/4/19,1.89E-05,3.01E-05,1.06E-05,2.01E-05,1.76E-05,9.49E-05
2019/4/22,2.77E-05,5.03E-05,2.01E-05,2.40E-05,4.19E-05,7.30E-05
2019/4/23,1.23E-05,3.42E-05,9.69E-06,2.12E-05,1.79E-05,5.44E-05
2019/4/24,1.32E-05,4.60E-05,1.42E-05,2.48E-05,3.29E-05,6.36E-05
2019/4/25,2.22E-05,7.15E-05,1.34E-05,2.44E-05,1.47E-05,5.74E-05
2019/4/26,2.80E-05,5.55E-05,9.94E-06,1.96E-05,1.78E-05,6.92E-05
2019/4/29,2.65E-05,4.71E-05,1.84E-05,3.15E-05,2.54E-05,5.50E-05
2019/4/30,2.39E-05,5.16E-05,1.45E-05,2.26E-05,2.77E-05,8.41E-05
2019/5/6,3.13E-05,8.35E-05,1.97E-05,4.13E-05,3.46E-05,9.44E-05
2019/5/7,2.07E-05,6.03E-05,1.67E-05,2.64E-05,2.19E-05,5.04E-05
2019/5/8,2.86E-05,6.14E-05,2.11E-05,3.31E-05,3.56E-05,0.000107439
2019/5/9,2.34E-05,4.48E-05,1.75E-05,3.14E-05,2.21E-05,0.000120463
2019/5/10,3.51E-05,6.71E-05,2.37E-05,3.11E-05,4.29E-05,7.56E-05
2019/5/13,3.94E-05,9.93E-05,2.22E-05,3.21E-05,3.15E-05,0.000110451
2019/5/14,3.21E-05,6.03E-05,1.57E-05,2.98E-05,1.77E-05,7.47E-05
2019/5/15,3.42E-05,7.25E-05,1.61E-05,2.76E-05,3.62E-05,9.49E-05
2019/5/16,2.00E-05,4.89E-05,1.67E-05,2.43E-05,2.62E-05,7.52E-05
2019/5/17,3.73E-05,0.000100985,1.41E-05,2.80E-05,2.73E-05,0.000135842
2019/5/20,2.41E-05,6.34E-05,1.32E-05,2.61E-05,2.54E-05,0.000130527
2019/5/21,3.21E-05,8.60E-05,1.21E-05,2.92E-05,2.48E-05,0.000139791
2019/5/22,3.20E-05,9.67E-05,1.83E-05,2.70E-05,2.61E-05,0.000100786
2019/5/23,2.79E-05,6.05E-05,6.74E-06,2.38E-05,2.12E-05,0.000153796
2019/5/24,2.11E-05,5.47E-05,1.77E-05,2.20E-05,1.96E-05,9.71E-05
2019/5/27,3.16E-05,9.02E-05,1.40E-05,2.34E-05,2.60E-05,0.000132119
2019/5/28,2.14E-05,5.09E-05,9.92E-06,2.24E-05,1.87E-05,0.000105201
2019/5/29,3.21E-05,8.97E-05,1.35E-05,2.57E-05,2.43E-05,4.88E-05
2019/5/30,3.00E-05,7.98E-05,1.30E-05,1.70E-05,1.97E-05,6.69E-05
2019/5/31,2.82E-05,7.52E-05,1.48E-05,1.84E-05,1.90E-05,9.81E-05
2019/6/3,2.33E-05,3.89E-05,1.50E-05,2.09E-05,2.01E-05,5.95E-05
2019/6/4,2.52E-05,5.25E-05,1.12E-05,2.18E-05,1.97E-05,0.000102407
2019/6/5,2.69E-05,6.42E-05,1.58E-05,2.72E-05,3.11E-05,8.44E-05
2019/6/6,2.89E-05,6.51E-05,1.17E-05,2.29E-05,2.65E-05,0.000102506
2019/6/10,3.21E-05,8.64E-05,1.45E-05,3.07E-05,2.97E-05,0.000109706
2019/6/11,2.13E-05,6.04E-05,4.61E-06,1.49E-05,1.77E-05,7.47E-05
2019/6/12,2.12E-05,5.47E-05,7.91E-06,1.86E-05,3.29E-05,8.43E-05
2019/6/13,2.99E-05,7.77E-05,9.27E-06,3.06E-05,3.69E-05,0.000105605
2019/6/14,3.15E-05,6.97E-05,1.23E-05,2.12E-05,2.14E-05,8.59E-05
2019/6/17,3.12E-05,8.60E-05,9.57E-06,3.01E-05,3.62E-05,0.000106976
2019/6/18,3.32E-05,6.43E-05,4.65E-06,2.89E-05,3.23E-05,9.24E-05
2019/6/19,2.99E-05,7.21E-05,7.41E-06,2.41E-05,2.56E-05,0.000117137
2019/6/20,3.13E-05,7.87E-05,6.51E-06,2.68E-05,2.13E-05,7.59E-05
2019/6/21,1.53E-05,3.65E-05,6.42E-06,1.98E-05,2.04E-05,4.46E-05
2019/6/24,1.77E-05,6.71E-05,8.17E-06,1.69E-05,2.64E-05,7.49E-05
2019/6/25,2.48E-05,9.08E-05,1.21E-05,3.08E-05,3.15E-05,0.000125034
2019/6/26,3.18E-05,9.19E-05,1.28E-05,3.53E-05,1.82E-05,8.75E-05
2019/6/27,2.78E-05,8.58E-05,8.99E-06,1.84E-05,2.11E-05,0.000106844
2019/6/28,2.25E-05,9.51E-05,1.30E-05,2.51E-05,2.88E-05,0.000160528
2019/7/1,2.12E-05,8.10E-05,7.78E-06,1.34E-05,2.34E-05,0.000106394
2019/7/2,1.83E-05,4.99E-05,5.25E-06,1.29E-05,1.47E-05,6.31E-05
2019/7/3,2.25E-05,9.11E-05,7.44E-06,1.44E-05,1.96E-05,6.65E-05
2019/7/4,3.25E-05,5.43E-05,6.16E-06,1.76E-05,2.44E-05,6.14E-05
2019/7/5,2.09E-05,8.52E-05,7.26E-06,2.12E-05,2.73E-05,0.000109677
2019/7/8,3.24E-05,0.000129908,2.11E-05,3.62E-05,2.48E-05,0.000186747
2019/7/9,2.97E-05,7.09E-05,8.08E-06,2.02E-05,2.06E-05,0.000125831
2019/7/10,3.17E-05,8.03E-05,1.53E-05,2.46E-05,2.46E-05,0.000151355
2019/7/11,2.77E-05,8.71E-05,9.11E-06,1.58E-05,2.72E-05,0.000112874
2019/7/12,2.42E-05,0.000159065,1.81E-05,4.01E-05,1.66E-05,0.000148749
2019/7/15,1.70E-05,0.000194075,2.04E-05,3.74E-05,3.58E-05,0.00014291
2019/7/16,2.10E-05,7.72E-05,1.97E-05,2.07E-05,2.34E-05,8.09E-05
2019/7/17,2.60E-05,9.60E-05,1.33E-05,4.56E-05,2.45E-05,8.31E-05
2019/7/18,3.16E-05,9.52E-05,1.07E-05,2.90E-05,2.33E-05,0.000130615
2019/7/19,2.45E-05,0.000110273,1.35E-05,3.53E-05,2.59E-05,5.23E-05
2019/7/22,2.32E-05,0.000118777,1.18E-05,2.52E-05,2.52E-05,0.000103055
2019/7/23,2.31E-05,0.000105745,1.30E-05,2.69E-05,3.61E-05,0.000148108
2019/7/24,2.27E-05,0.000106568,9.11E-06,2.54E-05,2.03E-05,8.98E-05
2019/7/25,1.95E-05,9.97E-05,8.00E-06,2.97E-05,1.78E-05,7.59E-05
2019/7/26,1.33E-05,5.43E-05,1.10E-05,2.64E-05,2.50E-05,4.92E-05
2019/7/29,1.84E-05,5.85E-05,1.02E-05,2.49E-05,2.42E-05,7.53E-05
2019/7/30,1.57E-05,9.55E-05,9.30E-06,3.10E-05,2.61E-05,0.000106704
2019/7/31,2.27E-05,8.31E-05,1.15E-05,3.18E-05,2.55E-05,5.35E-05
2019/8/1,2.39E-05,8.92E-05,1.22E-05,2.57E-05,2.97E-05,0.000124194
2019/8/2,2.38E-05,0.000111854,2.18E-05,3.33E-05,3.71E-05,0.000197501
2019/8/5,2.90E-05,0.000148574,1.78E-05,3.43E-05,4.56E-05,0.000232239
2019/8/6,2.78E-05,0.000141448,1.56E-05,2.85E-05,4.15E-05,0.000203046
2019/8/7,1.87E-05,0.000106241,1.83E-05,2.99E-05,3.02E-05,0.000140583
2019/8/8,2.07E-05,0.000101125,1.56E-05,4.47E-05,2.52E-05,0.000205198
2019/8/9,1.06E-05,8.80E-05,1.33E-05,2.76E-05,2.96E-05,0.00021731
2019/8/12,9.91E-06,0.00019511,2.33E-05,2.98E-05,5.36E-05,0.000180054
2019/8/13,1.32E-05,0.000122144,1.63E-05,4.84E-05,3.00E-05,0.000148882
2019/8/14,1.37E-05,0.000150069,1.51E-05,3.04E-05,6.28E-05,0.00017273
2019/8/15,1.88E-05,0.000155859,3.20E-05,6.10E-05,6.43E-05,0.000155982
2019/8/16,1.63E-05,0.000123879,1.70E-05,3.62E-05,4.47E-05,0.000111263
2019/8/19,8.47E-06,0.00013151,1.23E-05,2.01E-05,3.86E-05,0.00014251
2019/8/20,9.99E-06,8.75E-05,8.66E-06,1.94E-05,3.14E-05,0.000117243
2019/8/21,1.43E-05,9.52E-05,1.29E-05,1.74E-05,4.52E-05,0.000162299
2019/8/22,9.02E-06,9.57E-05,1.25E-05,2.21E-05,6.31E-05,0.000167624
2019/8/23,1.24E-05,8.65E-05,1.35E-05,2.17E-05,2.81E-05,0.000109306
2019/8/26,1.72E-05,0.000155533,1.49E-05,3.05E-05,2.40E-05,0.000129668
2019/8/27,8.58E-06,9.62E-05,9.36E-06,1.25E-05,3.70E-05,0.000137962
2019/8/28,1.56E-05,8.66E-05,1.22E-05,1.52E-05,5.50E-05,0.000102464
2019/8/29,1.56E-05,0.000107011,1.07E-05,1.85E-05,4.16E-05,7.37E-05
2019/8/30,1.79E-05,9.93E-05,1.34E-05,3.07E-05,3.34E-05,0.000172032
2019/9/2,1.39E-05,0.000107002,7.26E-06,1.44E-05,1.95E-05,0.000134016
2019/9/3,1.47E-05,6.94E-05,8.40E-06,1.28E-05,1.95E-05,0.000130263
2019/9/4,9.89E-06,0.000107681,1.39E-05,2.65E-05,3.50E-05,0.000100804
2019/9/5,1.08E-05,8.90E-05,7.80E-06,2.55E-05,2.89E-05,8.89E-05
2019/9/6,1.08E-05,8.46E-05,9.41E-06,1.95E-05,3.37E-05,6.24E-05
2019/9/9,1.41E-05,9.78E-05,1.16E-05,2.56E-05,3.46E-05,9.65E-05
2019/9/10,1.67E-05,0.000126951,8.15E-06,3.12E-05,4.40E-05,0.000110152
2019/9/11,1.44E-05,6.55E-05,9.68E-06,2.02E-05,2.97E-05,9.98E-05
2019/9/12,1.01E-05,5.51E-05,9.79E-06,1.71E-05,2.18E-05,9.13E-05
2019/9/16,1.63E-05,8.35E-05,6.85E-06,3.19E-05,2.28E-05,0.000130133
2019/9/17,1.50E-05,9.10E-05,1.91E-05,4.29E-05,5.09E-05,0.00018771
2019/9/18,1.42E-05,0.00011622,1.41E-05,2.79E-05,3.46E-05,0.000118384
2019/9/19,1.18E-05,0.000121898,1.54E-05,4.03E-05,3.52E-05,0.00011364
2019/9/20,9.21E-06,5.83E-05,1.16E-05,2.85E-05,2.07E-05,5.77E-05
2019/9/23,8.81E-06,0.000117549,1.75E-05,3.54E-05,3.87E-05,0.000175464
2019/9/24,1.36E-05,0.000120901,1.63E-05,2.67E-05,3.35E-05,0.00016494
2019/9/25,1.43E-05,0.000134573,1.66E-05,4.35E-05,4.03E-05,0.000145506
2019/9/26,8.97E-06,7.26E-05,1.08E-05,2.94E-05,2.91E-05,0.000112528
2019/9/27,1.18E-05,0.000106274,1.71E-05,3.35E-05,3.22E-05,0.000133115
2019/9/30,1.27E-05,0.000133641,1.73E-05,5.73E-05,3.06E-05,0.000174387
2019/10/8,1.81E-05,0.000130015,2.60E-05,4.15E-05,2.90E-05,0.000221992
2019/10/9,1.43E-05,0.000135878,1.83E-05,3.80E-05,4.79E-05,0.000119685
2019/10/10,1.22E-05,8.26E-05,1.27E-05,2.56E-05,2.98E-05,7.44E-05
2019/10/11,1.94E-05,5.99E-05,1.74E-05,2.49E-05,3.23E-05,6.18E-05
2019/10/14,1.71E-05,7.66E-05,1.82E-05,3.68E-05,2.56E-05,0.000119507
2019/10/15,2.06E-05,4.60E-05,1.34E-05,2.84E-05,2.01E-05,7.20E-05
2019/10/16,2.22E-05,9.48E-05,2.58E-05,4.66E-05,3.38E-05,0.000159328
2019/10/17,1.42E-05,0.000106713,1.30E-05,2.79E-05,2.42E-05,0.000100008
2019/10/18,1.82E-05,0.000132922,2.43E-05,5.94E-05,5.19E-05,0.000102455
2019/10/21,2.03E-05,0.000100028,1.88E-05,3.92E-05,4.08E-05,8.83E-05
2019/10/22,1.78E-05,0.000107976,1.62E-05,3.80E-05,3.64E-05,5.85E-05
2019/10/23,1.68E-05,0.000107191,1.97E-05,2.54E-05,2.68E-05,5.82E-05
2019/10/24,1.80E-05,9.24E-05,1.91E-05,3.01E-05,3.12E-05,7.02E-05
2019/10/25,1.95E-05,0.000104978,2.42E-05,3.60E-05,3.62E-05,0.00011168
2019/10/28,1.88E-05,6.84E-05,1.82E-05,4.59E-05,4.14E-05,0.000110651
2019/10/29,1.67E-05,7.31E-05,2.14E-05,3.64E-05,3.58E-05,7.92E-05
2019/10/30,2.28E-05,7.35E-05,1.84E-05,3.71E-05,2.41E-05,0.000116748
2019/10/31,1.00E-05,9.62E-05,2.95E-05,4.58E-05,2.32E-05,0.000157137
2019/11/1,2.12E-05,0.000109841,3.24E-05,3.10E-05,3.10E-05,0.000140612
2019/11/4,1.87E-05,7.04E-05,1.78E-05,2.18E-05,2.48E-05,9.85E-05
2019/11/5,1.89E-05,8.60E-05,1.54E-05,4.00E-05,2.63E-05,9.88E-05
2019/11/6,1.51E-05,6.33E-05,1.80E-05,2.78E-05,2.79E-05,9.97E-05
2019/11/7,1.58E-05,9.10E-05,1.53E-05,3.00E-05,2.49E-05,0.000139489
2019/11/8,1.59E-05,0.000143921,2.18E-05,5.47E-05,3.83E-05,0.000167651
2019/11/11,1.76E-05,0.000132822,2.63E-05,3.07E-05,2.94E-05,0.000159453
2019/11/12,1.54E-05,8.50E-05,2.39E-05,2.88E-05,3.43E-05,0.000142892
2019/11/13,2.30E-05,0.000134685,2.24E-05,3.56E-05,2.92E-05,0.00011211
2019/11/14,1.83E-05,0.000117902,2.31E-05,2.58E-05,3.90E-05,0.000163316
2019/11/15,2.03E-05,0.000106848,1.93E-05,2.20E-05,2.56E-05,0.000198799
2019/11/18,2.13E-05,0.000113596,2.13E-05,2.24E-05,3.96E-05,0.000204783
2019/11/19,1.13E-05,0.000110367,1.46E-05,2.28E-05,2.82E-05,0.000136077
2019/11/20,1.45E-05,0.000139813,2.51E-05,3.01E-05,1.30E-05,0.000157356
2019/11/21,1.25E-05,7.86E-05,1.92E-05,3.31E-05,3.18E-05,9.74E-05
2019/11/22,1.93E-05,0.00010492,1.09E-05,2.55E-05,2.53E-05,0.000151525
2019/11/25,1.55E-05,8.27E-05,2.18E-05,4.54E-05,4.44E-05,0.000130752
2019/11/26,2.00E-05,3.35E-05,1.14E-05,2.54E-05,1.99E-05,0.000105832
2019/11/27,2.19E-05,0.000121868,2.02E-05,3.67E-05,3.14E-05,0.000182404
2019/11/28,1.10E-05,9.37E-05,2.32E-05,3.71E-05,2.85E-05,0.000194616
2019/11/29,2.40E-05,0.000100423,2.56E-05,3.43E-05,2.83E-05,0.000196577
2019/12/2,1.54E-05,7.97E-05,1.39E-05,2.40E-05,2.47E-05,0.000193467
2019/12/3,2.33E-05,8.45E-05,2.39E-05,3.49E-05,1.92E-05,0.000114782
2019/12/4,1.95E-05,8.69E-05,1.62E-05,2.29E-05,1.26E-05,0.000110792
2019/12/5,1.36E-05,7.77E-05,1.90E-05,2.93E-05,3.93E-05,0.000114209
2019/12/6,1.68E-05,8.84E-05,1.93E-05,2.87E-05,3.17E-05,0.000150318
2019/12/9,1.86E-05,7.78E-05,1.66E-05,2.35E-05,2.35E-05,0.000118033
2019/12/10,1.23E-05,6.57E-05,1.57E-05,1.99E-05,2.45E-05,0.000112047
2019/12/11,1.81E-05,6.01E-05,1.62E-05,3.07E-05,1.76E-05,0.000130766
2019/12/12,1.20E-05,6.26E-05,1.33E-05,2.00E-05,2.57E-05,6.04E-05
2019/12/13,1.95E-05,6.36E-05,1.60E-05,1.90E-05,2.85E-05,0.000150979
2019/12/16,1.34E-05,4.98E-05,1.27E-05,1.71E-05,2.43E-05,9.95E-05
2019/12/17,2.02E-05,9.77E-05,1.61E-05,2.25E-05,3.72E-05,0.000126856
2019/12/18,1.15E-05,7.39E-05,1.57E-05,2.37E-05,2.59E-05,7.06E-05
2019/12/19,1.61E-05,6.41E-05,1.37E-05,2.67E-05,3.70E-05,9.59E-05
2019/12/20,1.36E-05,5.69E-05,1.43E-05,2.31E-05,2.16E-05,9.98E-05
2019/12/23,2.65E-05,0.000124635,1.93E-05,3.19E-05,3.51E-05,0.000145035
2019/12/24,2.19E-05,8.92E-05,1.71E-05,2.82E-05,4.35E-05,0.000120093
2019/12/25,2.87E-05,0.000129636,1.50E-05,2.31E-05,3.74E-05,0.000117342
2019/12/26,1.80E-05,0.000123929,1.63E-05,2.85E-05,3.70E-05,0.000141707
2019/12/27,1.72E-05,9.40E-05,1.99E-05,2.01E-05,2.27E-05,0.000113571
2019/12/30,2.02E-05,7.09E-05,1.25E-05,1.46E-05,2.82E-05,0.000105763
2019/12/31,1.68E-05,6.24E-05,1.45E-05,1.67E-05,2.96E-05,8.67E-05
2020/1/2,1.16E-05,4.83E-05,1.79E-05,2.50E-05,2.60E-05,7.39E-05
2020/1/3,1.34E-05,4.69E-05,1.10E-05,1.59E-05,2.54E-05,6.93E-05
2020/1/6,1.70E-05,6.23E-05,1.23E-05,2.28E-05,2.13E-05,9.65E-05
2020/1/7,1.55E-05,0.000101756,1.66E-05,1.20E-05,2.31E-05,8.54E-05
2020/1/8,2.16E-05,9.58E-05,1.96E-05,1.80E-05,2.81E-05,0.000155986
2020/1/9,1.39E-05,6.17E-05,1.66E-05,1.61E-05,2.93E-05,6.46E-05
2020/1/10,1.78E-05,6.39E-05,2.06E-05,1.47E-05,2.73E-05,9.43E-05
2020/1/13,1.70E-05,7.49E-05,1.58E-05,1.33E-05,2.74E-05,8.22E-05
2020/1/14,1.35E-05,7.94E-05,1.04E-05,1.42E-05,1.99E-05,9.97E-05
2020/1/15,1.73E-05,0.000111237,1.56E-05,1.78E-05,4.36E-05,0.000108135
2020/1/16,1.35E-05,9.55E-05,1.09E-05,1.47E-05,2.53E-05,9.82E-05
2020/1/17,1.34E-05,0.000113782,1.14E-05,2.15E-05,2.33E-05,0.000112654
2020/1/20,1.29E-05,6.82E-05,1.71E-05,1.08E-05,3.32E-05,7.99E-05
2020/1/21,2.23E-05,9.74E-05,1.67E-05,1.57E-05,1.46E-05,0.0001309
2020/1/22,2.45E-05,8.07E-05,1.88E-05,1.63E-05,2.27E-05,0.000107064
2020/1/23,2.58E-05,6.22E-05,1.37E-05,2.13E-05,2.16E-05,0.000176903
2020/2/3,3.28E-05,0.000219224,3.02E-05,7.67E-05,8.00E-05,0.000436806
2020/2/4,1.91E-05,0.000184777,1.43E-05,4.61E-05,5.84E-05,0.000153037
2020/2/5,1.79E-05,0.000107504,1.33E-05,3.44E-05,3.76E-05,0.000171324
2020/2/6,1.41E-05,6.89E-05,1.07E-05,1.71E-05,2.91E-05,0.000207309
2020/2/7,1.83E-05,0.00011461,1.42E-05,2.53E-05,3.29E-05,0.000144567
2020/2/10,1.15E-05,7.24E-05,1.08E-05,2.30E-05,3.18E-05,0.000118924
2020/2/11,1.44E-05,6.66E-05,1.02E-05,2.14E-05,3.20E-05,0.000101274
2020/2/12,9.51E-06,5.60E-05,8.28E-06,1.78E-05,3.12E-05,0.000112236
2020/2/13,1.23E-05,9.37E-05,1.02E-05,2.22E-05,2.14E-05,0.000107754
2020/2/14,1.46E-05,0.000112695,1.20E-05,2.97E-05,6.06E-05,0.000126069
2020/2/17,1.24E-05,8.07E-05,1.26E-05,2.95E-05,5.12E-05,0.000124127
2020/2/18,1.60E-05,6.86E-05,9.09E-06,1.58E-05,2.89E-05,0.000106446
2020/2/19,1.43E-05,6.96E-05,8.18E-06,1.47E-05,4.14E-05,0.000102365
2020/2/20,1.78E-05,8.76E-05,9.40E-06,2.36E-05,4.06E-05,0.000153338
2020/2/21,1.12E-05,6.96E-05,7.41E-06,2.84E-05,1.91E-05,8.67E-05
2020/2/24,1.54E-05,9.99E-05,1.04E-05,1.76E-05,2.97E-05,0.000117165
2020/2/25,1.75E-05,8.70E-05,7.43E-06,2.55E-05,2.46E-05,0.000174046
2020/2/26,2.15E-05,9.94E-05,1.06E-05,3.80E-05,4.55E-05,0.000169943
2020/2/27,1.18E-05,7.32E-05,4.62E-06,1.56E-05,3.39E-05,0.000121341
2020/2/28,2.31E-05,0.000105371,9.96E-06,3.07E-05,4.74E-05,0.000147739
2020/3/2,2.02E-05,0.000130633,1.03E-05,3.17E-05,5.38E-05,0.00013526
2020/3/3,1.43E-05,7.88E-05,6.77E-06,2.02E-05,2.06E-05,7.71E-05
2020/3/4,1.46E-05,8.16E-05,7.73E-06,1.57E-05,3.25E-05,7.76E-05
2020/3/5,1.53E-05,6.95E-05,8.22E-06,1.90E-05,2.51E-05,9.01E-05
2020/3/6,1.31E-05,0.00010124,1.22E-05,2.43E-05,2.79E-05,0.000127055
2020/3/9,1.71E-05,9.64E-05,1.34E-05,2.29E-05,5.25E-05,0.000129191
2020/3/10,1.88E-05,0.000113718,1.12E-05,1.93E-05,4.02E-05,0.000145268
2020/3/11,1.47E-05,8.57E-05,1.03E-05,2.40E-05,3.40E-05,0.00014133
2020/3/12,1.46E-05,7.28E-05,7.25E-06,2.32E-05,3.25E-05,0.000112559
2020/3/13,3.27E-05,0.00011243,1.98E-05,4.20E-05,4.76E-05,0.000204044
2020/3/16,2.76E-05,9.74E-05,1.81E-05,2.76E-05,4.34E-05,0.000117628
2020/3/17,3.92E-05,8.67E-05,1.60E-05,3.22E-05,3.98E-05,0.000214716
2020/3/18,3.78E-05,0.000151257,1.67E-05,3.00E-05,5.77E-05,0.000237553
2020/3/19,2.91E-05,9.84E-05,2.60E-05,3.75E-05,6.93E-05,0.000269252
2020/3/20,1.84E-05,7.00E-05,2.21E-05,4.20E-05,6.44E-05,0.000167961
2020/3/23,3.71E-05,0.000129336,2.84E-05,5.19E-05,7.12E-05,0.000235979
2020/3/24,2.90E-05,0.000130491,2.20E-05,5.07E-05,5.30E-05,0.000266239
2020/3/25,2.44E-05,0.000125053,1.30E-05,1.94E-05,4.74E-05,0.00019327
2020/3/26,3.38E-05,0.000157531,2.65E-05,3.14E-05,3.80E-05,0.000214374
2020/3/27,2.81E-05,0.000105272,1.49E-05,3.16E-05,3.44E-05,0.000169811
2020/3/30,3.53E-05,0.000162412,1.70E-05,2.82E-05,1.99E-05,0.000202341
2020/3/31,3.62E-05,0.000203305,2.54E-05,4.67E-05,7.00E-05,0.000351941
2020/4/1,3.77E-05,0.000170258,2.21E-05,4.56E-05,3.72E-05,0.000209558
2020/4/2,3.65E-05,0.000153269,2.46E-05,6.02E-05,4.41E-05,0.000161279
2020/4/3,3.14E-05,0.000149243,2.41E-05,4.18E-05,2.92E-05,0.000199889
2020/4/7,2.30E-05,0.000144525,1.32E-05,2.35E-05,3.95E-05,0.000117859
2020/4/8,2.31E-05,9.13E-05,1.47E-05,3.26E-05,4.45E-05,0.000135021
2020/4/9,2.54E-05,0.000100777,1.55E-05,2.74E-05,2.28E-05,0.000143753
2020/4/10,3.02E-05,0.000142378,1.56E-05,2.84E-05,3.75E-05,0.000200961
2020/4/13,4.51E-05,0.000135116,1.79E-05,3.82E-05,5.42E-05,0.000216904
2020/4/14,2.61E-05,0.000148515,1.30E-05,2.75E-05,3.97E-05,0.00014581
2020/4/15,1.38E-05,7.75E-05,1.21E-05,2.90E-05,2.79E-05,0.000150749
2020/4/16,2.60E-05,9.58E-05,1.64E-05,2.86E-05,5.51E-05,0.000124244
2020/4/17,1.77E-05,7.82E-05,1.64E-05,1.48E-05,4.53E-05,0.000131804
2020/4/20,2.05E-05,7.94E-05,1.10E-05,2.04E-05,4.07E-05,9.12E-05
2020/4/21,1.86E-05,8.29E-05,1.64E-05,4.73E-05,4.04E-05,0.000145294
2020/4/22,1.59E-05,0.00011428,2.21E-05,4.04E-05,4.28E-05,0.000100881
2020/4/23,1.77E-05,9.28E-05,1.51E-05,3.21E-05,5.07E-05,0.000103665
2020/4/24,1.72E-05,0.000129438,1.71E-05,3.39E-05,3.12E-05,0.000147672
2020/4/27,2.36E-05,0.00012117,1.98E-05,3.73E-05,2.94E-05,0.000142539
2020/4/28,2.08E-05,0.000146368,2.06E-05,3.95E-05,3.93E-05,0.000206296
2020/4/29,3.06E-05,0.000157613,2.20E-05,3.60E-05,4.90E-05,0.000146326
2020/4/30,2.70E-05,6.00E-05,1.44E-05,2.83E-05,3.12E-05,8.33E-05
2020/5/6,1.68E-05,7.22E-05,2.12E-05,4.33E-05,4.44E-05,0.00013673
2020/5/7,1.37E-05,7.27E-05,9.75E-06,1.88E-05,2.76E-05,0.000143562
2020/5/8,1.89E-05,0.000105906,1.00E-05,2.02E-05,4.50E-05,9.70E-05
2020/5/11,1.91E-05,0.000125285,1.35E-05,2.12E-05,3.92E-05,0.000104816
2020/5/12,3.08E-05,0.000140171,1.50E-05,5.06E-05,4.34E-05,0.000165509
2020/5/13,2.19E-05,7.38E-05,1.37E-05,4.86E-05,5.09E-05,0.00013181
2020/5/14,2.43E-05,0.000102228,1.89E-05,4.52E-05,4.78E-05,0.000174516
2020/5/15,2.17E-05,0.000138221,1.61E-05,2.70E-05,5.18E-05,0.000113124
2020/5/18,1.97E-05,0.000163018,1.24E-05,3.21E-05,5.73E-05,0.0001738
2020/5/19,2.34E-05,0.000149781,8.42E-06,2.45E-05,3.95E-05,0.000129667
2020/5/20,2.80E-05,0.000143922,8.83E-06,3.04E-05,4.09E-05,0.00013133
2020/5/21,2.10E-05,0.000116683,1.42E-05,2.49E-05,4.03E-05,0.000146382
2020/5/22,3.26E-05,0.000202685,1.62E-05,4.04E-05,4.77E-05,0.000186615
2020/5/25,3.23E-05,9.62E-05,2.21E-05,3.39E-05,4.35E-05,0.00020521
2020/5/26,1.94E-05,8.49E-05,1.25E-05,2.41E-05,4.44E-05,0.000159762
2020/5/27,2.79E-05,0.000110642,1.60E-05,3.77E-05,3.20E-05,0.000246216
2020/5/28,2.46E-05,0.000166895,1.55E-05,4.10E-05,5.03E-05,0.000208469
2020/5/29,1.94E-05,9.96E-05,2.12E-05,3.60E-05,3.05E-05,0.000221563
2020/6/1,2.52E-05,9.34E-05,1.44E-05,3.15E-05,4.48E-05,0.000156969
2020/6/2,2.18E-05,6.01E-05,1.47E-05,1.12E-05,5.42E-05,0.000135391
2020/6/3,2.12E-05,9.85E-05,1.64E-05,1.90E-05,4.80E-05,0.000140614
2020/6/4,2.16E-05,0.000163715,1.95E-05,2.84E-05,3.28E-05,0.000186889
2020/6/5,2.72E-05,8.40E-05,2.03E-05,2.61E-05,3.05E-05,0.000219184
2020/6/8,2.45E-05,9.75E-05,1.28E-05,1.33E-05,2.90E-05,0.000111978
2020/6/9,2.27E-05,7.38E-05,1.52E-05,1.67E-05,3.91E-05,0.000190956
2020/6/10,2.92E-05,7.09E-05,8.31E-06,1.81E-05,3.39E-05,0.000259367
2020/6/11,2.09E-05,6.91E-05,1.07E-05,2.18E-05,2.89E-05,0.000193035
2020/6/12,1.22E-05,8.07E-05,1.14E-05,2.22E-05,4.09E-05,0.000205255
2020/6/15,1.73E-05,6.47E-05,1.50E-05,3.21E-05,5.01E-05,0.000154389
2020/6/16,1.42E-05,0.000124884,2.04E-05,3.40E-05,4.97E-05,0.000166475
2020/6/17,1.36E-05,7.22E-05,2.05E-05,3.59E-05,4.74E-05,0.000133746
2020/6/18,1.44E-05,6.88E-05,1.75E-05,1.78E-05,3.51E-05,0.000188976
2020/6/19,9.25E-06,6.37E-05,1.13E-05,1.77E-05,2.31E-05,0.000128395
2020/6/22,8.48E-06,7.02E-05,1.42E-05,2.26E-05,4.17E-05,0.000125118
2020/6/23,1.08E-05,0.000105671,8.42E-06,2.31E-05,2.59E-05,0.000160101
2020/6/24,1.13E-05,0.000144628,1.91E-05,2.22E-05,4.13E-05,0.000149241
2020/6/29,1.52E-05,0.000139366,1.33E-05,3.32E-05,2.47E-05,7.06E-05
2020/6/30,1.04E-05,5.25E-05,1.32E-05,1.73E-05,3.67E-05,5.86E-05
2020/7/1,1.44E-05,9.15E-05,1.46E-05,2.34E-05,4.26E-05,0.00010304
2020/7/2,1.14E-05,8.97E-05,1.31E-05,2.12E-05,4.33E-05,8.53E-05
2020/7/3,1.22E-05,6.06E-05,1.31E-05,2.37E-05,3.34E-05,6.47E-05
2020/7/6,1.33E-05,0.000103591,2.07E-05,3.18E-05,5.13E-05,7.89E-05
2020/7/7,1.61E-05,6.44E-05,1.45E-05,2.93E-05,3.64E-05,6.17E-05
2020/7/8,1.20E-05,5.16E-05,1.14E-05,1.98E-05,2.17E-05,6.33E-05
2020/7/9,8.35E-06,4.09E-05,7.24E-06,1.75E-05,2.45E-05,5.33E-05
2020/7/10,1.56E-05,7.05E-05,1.03E-05,3.31E-05,3.59E-05,9.36E-05
2020/7/13,1.37E-05,4.58E-05,5.46E-06,7.29E-06,2.38E-05,8.30E-05
2020/7/14,1.49E-05,6.64E-05,6.45E-06,1.99E-05,1.71E-05,9.62E-05
2020/7/15,1.47E-05,7.21E-05,9.11E-06,2.88E-05,3.57E-05,0.000116919
2020/7/16,1.08E-05,4.93E-05,6.27E-06,1.72E-05,3.42E-05,0.000124031
2020/7/17,1.28E-05,8.74E-05,6.58E-06,2.20E-05,2.16E-05,0.00015397
2020/7/20,1.62E-05,8.40E-05,8.95E-06,2.48E-05,4.58E-05,0.000124052
2020/7/21,1.25E-05,8.07E-05,8.47E-06,2.92E-05,4.36E-05,0.000122688
2020/7/22,1.39E-05,8.05E-05,9.18E-06,2.36E-05,2.77E-05,0.000146007
2020/7/23,1.50E-05,0.000129694,7.33E-06,1.69E-05,2.87E-05,0.000165614
2020/7/24,1.72E-05,0.000101604,7.71E-06,2.65E-05,4.01E-05,0.000140699
2020/7/27,1.73E-05,0.000101367,9.29E-06,1.96E-05,3.55E-05,0.000171787
2020/7/28,1.16E-05,0.000100303,9.23E-06,1.90E-05,3.21E-05,0.000137792
2020/7/29,1.53E-05,0.00014746,1.32E-05,2.67E-05,4.06E-05,0.00016259
2020/7/30,9.76E-06,0.000128649,1.04E-05,2.16E-05,3.47E-05,0.000145422
2020/7/31,1.34E-05,9.11E-05,9.50E-06,2.81E-05,3.14E-05,0.000137646
2020/8/3,1.06E-05,4.54E-05,6.60E-06,1.28E-05,1.83E-05,7.16E-05
2020/8/4,1.43E-05,6.35E-05,9.88E-06,2.25E-05,2.85E-05,7.81E-05
2020/8/5,1.53E-05,8.74E-05,1.16E-05,2.47E-05,3.95E-05,0.000108152
2020/8/6,1.20E-05,8.69E-05,9.52E-06,3.50E-05,3.45E-05,0.000106684
2020/8/7,1.50E-05,8.78E-05,1.05E-05,2.81E-05,2.66E-05,0.0001397
2020/8/10,1.31E-05,6.63E-05,8.02E-06,3.50E-05,2.99E-05,0.000111583
2020/8/11,1.32E-05,8.39E-05,7.23E-06,2.25E-05,1.36E-05,9.79E-05
2020/8/12,1.13E-05,7.21E-05,5.37E-06,1.90E-05,1.70E-05,8.07E-05
2020/8/13,1.88E-05,4.65E-05,1.04E-05,2.96E-05,1.06E-05,0.000146181
2020/8/14,2.00E-05,7.00E-05,9.61E-06,2.34E-05,3.01E-05,0.000114839
2020/8/17,1.20E-05,7.45E-05,6.38E-06,2.17E-05,2.12E-05,0.000123049
2020/8/18,1.27E-05,6.00E-05,8.23E-06,1.77E-05,2.84E-05,0.00011341
2020/8/19,1.19E-05,5.81E-05,9.64E-06,2.32E-05,2.48E-05,0.000130169
2020/8/20,2.10E-05,9.87E-05,9.72E-06,2.76E-05,1.68E-05,0.00015767
2020/8/21,1.50E-05,5.32E-05,9.21E-06,2.32E-05,2.01E-05,9.47E-05
2020/8/24,1.54E-05,7.44E-05,9.98E-06,2.63E-05,1.23E-05,0.000159122
2020/8/25,1.45E-05,6.74E-05,7.77E-06,3.03E-05,1.52E-05,0.000108801
2020/8/26,2.16E-05,7.23E-05,7.97E-06,3.17E-05,2.01E-05,0.00015109
2020/8/27,2.74E-05,6.49E-05,5.72E-06,2.21E-05,3.08E-05,0.000126758
2020/8/28,1.74E-05,7.78E-05,9.57E-06,3.34E-05,2.24E-05,0.000171915
2020/8/31,1.63E-05,4.11E-05,7.64E-06,1.67E-05,1.66E-05,0.000141843
2020/9/1,1.89E-05,5.41E-05,7.80E-06,1.98E-05,2.02E-05,0.000103812
2020/9/2,1.32E-05,6.23E-05,6.02E-06,2.12E-05,2.88E-05,0.000133462
2020/9/3,1.69E-05,8.32E-05,1.13E-05,2.66E-05,1.60E-05,0.000175775
2020/9/4,2.29E-05,8.81E-05,8.89E-06,2.29E-05,2.84E-05,0.000114583
2020/9/7,1.76E-05,9.92E-05,1.09E-05,2.85E-05,2.13E-05,0.00019038
2020/9/8,1.50E-05,8.77E-05,1.44E-05,3.36E-05,3.56E-05,0.000162513
2020/9/9,1.80E-05,6.59E-05,7.63E-06,3.57E-05,1.87E-05,0.000113983
2020/9/10,1.24E-05,0.000120247,1.43E-05,3.97E-05,2.60E-05,0.000172265
2020/9/11,2.41E-05,0.000117829,1.38E-05,4.19E-05,2.09E-05,0.000156469
2020/9/14,2.45E-05,8.64E-05,1.21E-05,2.51E-05,3.60E-05,0.000136359
2020/9/15,2.14E-05,8.50E-05,9.99E-06,3.10E-05,2.52E-05,0.000224187
2020/9/16,1.93E-05,9.90E-05,1.53E-05,3.22E-05,3.04E-05,0.000261151
2020/9/17,1.33E-05,7.81E-05,1.02E-05,2.53E-05,3.08E-05,0.000203119
2020/9/18,1.65E-05,0.00012319,7.80E-06,3.13E-05,2.35E-05,0.000161356
2020/9/21,1.60E-05,7.58E-05,1.67E-05,3.69E-05,2.17E-05,0.000192693
2020/9/22,2.22E-05,0.000172959,1.49E-05,3.40E-05,2.62E-05,0.00015216
2020/9/23,2.17E-05,0.00011295,1.23E-05,1.97E-05,2.62E-05,0.000135688
2020/9/24,2.04E-05,9.63E-05,1.32E-05,3.24E-05,3.24E-05,0.000172082
2020/9/25,1.41E-05,9.30E-05,1.16E-05,2.81E-05,1.66E-05,0.000215165
2020/9/28,2.76E-05,0.000154727,1.52E-05,3.61E-05,4.04E-05,0.000181784
2020/9/29,2.44E-05,0.000146866,1.42E-05,3.62E-05,5.06E-05,0.000205635
2020/9/30,1.70E-05,9.44E-05,1.09E-05,3.61E-05,2.00E-05,0.000206264
