trade_date,yield_rate_000001.SZ,yield_rate_601939.SH,yield_rate_601988.SH,amihud_000001.SZ,amihud_601939.SH,amihud_601988.SH
2018-01-02,0.030075187969924814,0.01432291666666667,0.0025188916876574307,1.620166027475919e-05,2.6890333676493783e-05,1.8206283305598536e-05
2018-01-03,-0.027007299270072997,-0.005134788189987164,0.005025125628140704,1.2178600985623278e-05,2.8705777183682282e-05,2.108252685543767e-05
2018-01-04,-0.0060015003750937745,-0.01806451612903226,0.0,7.3796625242421894e-06,1.9889646859389185e-05,1.6777846271918315e-05
2018-01-05,0.0037735849056603774,0.009198423127463865,-0.005,9.414785079321946e-06,2.299823393943811e-05,1.4120863525182675e-05
2018-01-08,-0.02556390977443609,-0.01171875,0.007537688442211055,1.198899767687961e-05,2.7927689883169548e-05,1.1047447425283065e-05
2018-01-09,0.009259259259259259,-0.003952569169960474,-0.012468827930174564,1.222147764709252e-05,1.6363857049107213e-05,1.8804599733350616e-05
2018-01-10,0.029816513761467888,0.029100529100529106,0.01767676767676768,1.3507952977532554e-05,2.919876671484884e-05,1.4369862013214285e-05
2018-01-11,-0.005196733481811433,0.011568123393316195,0.014888337468982629,1.2298554835865821e-05,3.1989612784692666e-05,1.728604392398964e-05
2018-01-12,0.011194029850746268,0.0025412960609911056,0.0,1.127948231474063e-05,1.7019564141879683e-05,1.5643391008005317e-05
2018-01-15,0.04797047970479705,0.02281368821292776,0.022004889975550126,1.363252216701615e-05,2.327754589225787e-05,1.604471216699148e-05
2018-01-16,0.0,0.01982651796778191,0.009569377990430623,7.2872032818307265e-06,2.3390273322485506e-05,1.5299667669938434e-05
2018-01-17,0.0021126760563380284,0.019441069258809236,0.0047393364928909965,1.0751325608364638e-05,2.2813743196140514e-05,1.7387633039467066e-05
2018-01-18,0.03443429374560787,0.0703218116805721,0.028301886792452824,1.084928100190604e-05,3.5684722750978165e-05,1.0232506744599703e-05
2018-01-19,0.005434782608695652,0.012249443207126948,0.009174311926605505,7.877544387326617e-06,1.5795479704482287e-05,1.1833251817407616e-05
2018-01-22,-0.02432432432432432,-0.0033003300330033004,0.0,1.1452393026120155e-05,1.9580025375632817e-05,1.7016309988855702e-05
2018-01-23,0.014542936288088644,0.08278145695364238,0.06363636363636364,1.1168617169060083e-05,2.8669217061476746e-05,2.2720667327603115e-05
2018-01-24,-0.0006825938566552901,-0.014271151885830785,0.002136752136752137,1.0217093378473538e-05,1.1631408584971742e-05,1.4128355741723801e-05
2018-01-25,-0.030054644808743168,-0.01344364012409514,-0.012793176972281448,1.3300369475854386e-05,1.5932754754805993e-05,2.2317523225120582e-05
2018-01-26,-0.01056338028169014,0.009433962264150943,0.0043196544276457895,7.822230554077678e-06,1.3059067197073752e-05,1.8267612824847695e-05
2018-01-29,-0.022064056939501774,-0.011422637590861888,-0.01075268817204301,1.6035679945698457e-05,1.528713182757511e-05,2.180286834005228e-05
2018-01-30,-0.006550218340611353,-0.014705882352941178,-0.02608695652173913,1.4139198384753601e-05,1.6373404368652136e-05,2.4580310282471552e-05
2018-01-31,0.029304029304029307,0.013859275053304905,0.01339285714285714,1.5563897240708214e-05,1.3688326713536555e-05,1.767456487341825e-05
2018-02-01,-0.0014234875444839856,0.012618296529968454,0.019823788546255505,1.1588027011514375e-05,1.2037202969135199e-05,1.5026546017182373e-05
2018-02-02,0.0014255167498218105,-0.008307372793354102,-0.010799136069114472,2.070172542087927e-05,1.802345581246144e-05,2.1772113787317548e-05
2018-02-05,0.03558718861209964,0.02513089005235602,0.03930131004366812,1.7851791171348612e-05,2.048381674549266e-05,2.647757758211151e-05
2018-02-06,-0.03780068728522337,-0.03983656792645557,0.0,1.1958989670953422e-05,2.2253731851101014e-05,1.26213411784603e-05
2018-02-07,-0.07714285714285715,-0.059574468085106386,-0.03571428571428572,2.520006132387656e-05,3.272098951779336e-05,2.4120854789927665e-05
2018-02-08,-0.029411764705882356,-0.039592760180995466,-0.037037037037037035,1.1304121843781425e-05,2.818160830879074e-05,2.655627716795047e-05
2018-02-09,-0.06778309409888357,-0.015312131919905773,-0.029411764705882363,2.93379286377723e-05,2.2556059201152656e-05,2.9535742272407325e-05
2018-02-12,0.0025662959794696323,-0.008373205741626795,-0.018648018648018648,1.6624082776654724e-05,2.4876220308809878e-05,2.4318190817961248e-05
2018-02-13,0.01877133105802048,0.015681544028950545,0.016627078384798103,2.6214784656285025e-05,2.346464255964201e-05,2.9275075720088484e-05
2018-02-14,0.005025125628140704,0.007125890736342042,0.0,2.2028288423102648e-05,3.9869536304690464e-05,3.2662921687352335e-05
2018-02-22,0.03833333333333334,0.03537735849056604,0.02102803738317757,2.7465777215740306e-05,3.3502019364926755e-05,3.5393244128870336e-05
2018-02-23,0.01203852327447833,0.002277904328018224,0.004576659038901603,2.107909064964021e-05,1.5192757010076086e-05,2.1456348925050436e-05
2018-02-26,0.0015860428231562252,-0.005681818181818182,0.002277904328018224,2.3975842580288286e-05,2.737045373792612e-05,2.7138701693094932e-05
2018-02-27,-0.027711797307996833,-0.037714285714285714,-0.01818181818181818,2.5777090126675932e-05,3.318267720009299e-05,2.1271097416259992e-05
2018-02-28,-0.01872964169381108,-0.01306413301662708,-0.02083333333333333,1.9760415398045413e-05,2.8740568656170552e-05,3.284722387520605e-05
2018-03-01,-0.0008298755186721991,-0.00842358604091456,-0.0023640661938534283,1.9442355031988815e-05,2.3529506075068107e-05,2.438551438700597e-05
2018-03-02,-0.007475083056478407,-0.003640776699029126,-0.011848341232227487,2.0090740848735314e-05,2.9415976653452507e-05,2.5454677623897556e-05
2018-03-05,-0.007531380753138075,-0.0097442143727162,-0.0023980815347721825,2.6137432079378807e-05,2.9787213263833064e-05,2.7740417884171503e-05
2018-03-06,0.020236087689713318,-0.002460024600246002,0.007211538461538461,2.073455690916861e-05,1.8166663029762016e-05,2.463918934468752e-05
2018-03-07,-0.004132231404958678,0.018495684340320596,0.007159904534606205,1.4111453734464993e-05,1.8942486095673647e-05,2.0785796524456078e-05
2018-03-08,0.0049792531120331955,-0.009685230024213077,-0.0047393364928909965,1.9945704103550752e-05,2.0198600051273598e-05,2.0973695516598213e-05
2018-03-09,-0.0016515276630883569,0.008557457212713938,-0.0047619047619047615,1.5975999046290667e-05,1.7129157572972487e-05,2.5709436211413667e-05
2018-03-12,-0.0049627791563275426,-0.01212121212121212,-0.002392344497607656,1.194950155999435e-05,1.4047860610136401e-05,1.4365035097250827e-05
2018-03-13,-0.0008312551953449709,0.003680981595092024,0.004796163069544365,1.3873005690250934e-05,1.4904700240034619e-05,2.1576610758741045e-05
2018-03-14,-0.00831946755407654,-0.013447432762836187,-0.00477326968973747,2.1045364760425107e-05,2.4347170672484672e-05,1.9139796095159244e-05
2018-03-15,-0.017617449664429533,-0.0012391573729863693,0.0,1.6253097485841487e-05,2.0366974213572912e-05,2.028049708429262e-05
2018-03-16,-0.005977796754910334,-0.018610421836228287,-0.00959232613908873,1.581241208731138e-05,2.1321669054381617e-05,2.3139332263965805e-05
2018-03-19,0.01632302405498282,0.015170670037926675,0.0,2.0700183129382625e-05,2.6747615034921954e-05,1.7135961589015815e-05
2018-03-20,-0.00084530853761623,0.009962640099626404,0.009685230024213077,1.4789119755513296e-05,2.7527492864341695e-05,3.8151783198670795e-05
2018-03-21,0.00676818950930626,0.0,0.0,1.443413315607121e-05,2.3720260941721684e-05,1.4257632043482854e-05
2018-03-22,-0.020168067226890758,-0.008631319358816277,0.0,2.567683134360643e-05,3.431517476253322e-05,2.355926680439225e-05
2018-03-23,-0.0274442538593482,-0.034825870646766184,-0.011990407673860913,3.2177015123063785e-05,3.0144843896201862e-05,2.313249410156057e-05
2018-03-26,-0.036155202821869487,-0.036082474226804134,-0.031553398058252434,2.8464517061083264e-05,3.5685190534992346e-05,4.465373139574237e-05
2018-03-27,0.0009149130832570906,-0.004010695187165775,-0.005012531328320803,2.3184128514258694e-05,2.0928980346916395e-05,2.3496268357343414e-05
2018-03-28,-0.004570383912248629,-0.002684563758389261,-0.0025188916876574307,2.6579377315014056e-05,2.780459547682234e-05,2.3366552463281282e-05
2018-03-29,0.014692378328741963,0.032301480484522214,0.007575757575757577,3.951184607264151e-05,3.4980392336883705e-05,2.648026015074761e-05
2018-03-30,-0.013574660633484163,0.010430247718383313,-0.015037593984962403,1.882859808123696e-05,2.421980719510443e-05,1.6349076181955427e-05
2018-04-02,-0.01743119266055046,-0.030967741935483867,-0.012722646310432573,2.2268099072231424e-05,3.0847236466762896e-05,1.908874187502168e-05
2018-04-03,-0.014005602240896356,-0.006657789613848203,0.0,2.0006307930755728e-05,3.0214917135855e-05,2.4246500837860003e-05
2018-04-04,0.029356060606060608,-0.010723860589812331,-0.007731958762886598,2.402098645430168e-05,3.729984559283405e-05,1.9648871169401173e-05
2018-04-09,0.013799448022079115,-0.002710027100271003,0.0,2.8728074457043372e-05,3.1893057852408805e-05,1.9187307489930664e-05
2018-04-10,0.03629764065335754,0.06114130434782609,0.020779220779220783,2.7971204955636407e-05,4.321690066160477e-05,3.521783569820373e-05
2018-04-11,0.03590192644483362,0.01792573623559539,0.010178117048346057,1.885342384202517e-05,1.5489449046165242e-05,1.926848176050041e-05
2018-04-12,-0.026204564666103127,-0.03018867924528302,-0.01511335012594458,2.5846778056580162e-05,3.125809777184724e-05,2.606814127996966e-05
2018-04-13,0.004340277777777778,-0.00648508430609598,-0.010230179028132991,1.9300120619506077e-05,3.602509033558519e-05,3.4161107937137954e-05
2018-04-16,-0.040622299049265335,-0.04308093994778068,-0.02583979328165375,2.999091762279575e-05,2.4503477034661287e-05,2.780662230692892e-05
2018-04-17,0.009909909909909913,-0.006821282401091405,-0.002652519893899204,2.1145267169469973e-05,2.274434874543463e-05,2.8444391112973494e-05
2018-04-18,0.025869759143621763,0.009615384615384616,0.005319148936170214,2.071252072583373e-05,1.533873391211764e-05,2.328353538403245e-05
2018-04-19,-0.002608695652173913,0.00816326530612245,0.0026455026455026462,2.385435359609281e-05,2.232277970226496e-05,2.4351263059811528e-05
2018-04-20,-0.01046207497820401,-0.005398110661268557,-0.0026385224274406327,3.058824142154009e-05,2.1986773510762287e-05,2.5998655710871506e-05
2018-04-23,0.019383259911894275,0.008141112618724558,0.0,2.491581322993801e-05,2.732096289539664e-05,3.1724393080023246e-05
2018-04-24,0.025064822817631803,0.01749663526244953,0.015873015873015872,1.8246834566459893e-05,2.570113226221659e-05,3.113940611634589e-05
2018-04-25,-0.01517706576728499,-0.011904761904761904,-0.01041666666666667,2.2912277403948943e-05,1.937907720313141e-05,3.7706555312221284e-05
2018-04-26,-0.022260273972602745,-0.008032128514056224,-0.002631578947368421,3.296462910532649e-05,2.852372375801832e-05,2.8146152734305134e-05
2018-04-27,-0.04991243432574431,0.009446693657219974,0.007915567282321899,2.6884228752826918e-05,3.010618006437445e-05,4.11701998481808e-05
2018-05-02,0.002764976958525345,-0.001336898395721925,-0.002617801047120419,1.6262252860070462e-05,4.0913525906562323e-05,2.71381128134974e-05
2018-05-03,-0.011948529411764705,-0.0026773761713520753,0.0026246719160104987,2.105708096609175e-05,3.5985372628286085e-05,2.5044280011580125e-05
2018-05-04,-0.006511627906976744,-0.014765100671140941,-0.005235602094240838,2.0782334144752387e-05,2.3803157834153132e-05,1.9007337034038274e-05
2018-05-07,0.012172284644194757,0.009536784741144414,0.007894736842105262,1.690918916254778e-05,2.574918836931601e-05,3.656611650758521e-05
2018-05-08,0.018501387604070302,0.020242914979757085,0.010443864229765013,2.1099820585662607e-05,2.1289855907154774e-05,2.7488585851538538e-05
2018-05-09,-0.003633060853769301,0.003968253968253968,0.002583979328165375,1.992992276803826e-05,2.7093216163716595e-05,2.8362336142449098e-05
2018-05-10,0.0036463081130355523,-0.0013175230566534915,0.0,2.694328080699112e-05,2.9456200223369813e-05,4.362885875509737e-05
2018-05-11,0.0,0.021108179419525062,0.005154639175257732,1.8038677950104332e-05,2.1751403818872047e-05,2.9863021722434417e-05
2018-05-14,0.015440508628519528,0.002583979328165375,0.0,1.7084387893761766e-05,2.240526399933018e-05,2.2184300729052496e-05
2018-05-15,-0.005366726296958855,0.0,-0.002564102564102564,2.061529159297879e-05,2.1531742681994602e-05,3.3437165988684825e-05
2018-05-16,-0.019784172661870502,-0.016752577319587632,-0.010282776349614395,2.67030717153986e-05,2.795439637878759e-05,3.308278120142454e-05
2018-05-17,-0.007339449541284403,-0.005242463958060288,0.0,2.317728605809293e-05,2.7790174964234137e-05,2.2347440602394367e-05
2018-05-18,0.012939001848428836,0.018445322793148883,0.012987012987012988,3.076595924005438e-05,3.2201706594149564e-05,4.1350740950049575e-05
2018-05-21,-0.0009124087591240877,-0.010349288486416558,0.002564102564102564,1.9474563608069314e-05,1.8607531356927523e-05,2.8735329677466748e-05
2018-05-22,-0.008219178082191782,-0.02091503267973856,-0.007672634271099744,2.728233945443416e-05,1.9724330948084227e-05,3.597733728280178e-05
2018-05-23,-0.019337016574585638,-0.016021361815754337,-0.010309278350515464,2.1110481755666212e-05,1.82489204261848e-05,2.9880057248248285e-05
2018-05-24,-0.003755868544600939,-0.01085481682496608,-0.0078125,1.2874887814271025e-05,1.5455467104439404e-05,4.002222422004712e-05
2018-05-25,-0.001885014137606032,0.0,0.0026246719160104987,1.7960248849872425e-05,1.3317192619239013e-05,2.4060965812164734e-05
2018-05-28,0.0,-0.002743484224965707,0.0,2.351717802323969e-05,1.4568587837834912e-05,4.6640935324767494e-05
2018-05-29,-0.019830028328611898,-0.008253094910591473,0.002617801047120419,2.869093572671421e-05,1.6777667230505576e-05,4.499526148992947e-05
2018-05-30,-0.02890173410404624,-0.02219140083217753,-0.01827676240208877,2.8342584195259602e-05,2.704390401507609e-05,5.335280198758131e-05
2018-05-31,0.009920634920634922,0.009929078014184398,0.002659574468085107,1.683694615383308e-05,1.858420192493365e-05,1.407878268371915e-05
2018-06-01,0.000982318271119843,-0.005617977528089888,-0.002652519893899204,3.552249073384143e-05,2.6200127056839208e-05,2.493963133176835e-05
2018-06-04,0.007850834151128559,0.01271186440677966,0.007978723404255319,2.57123110393413e-05,1.9515714807661757e-05,3.019633131187984e-05
2018-06-05,-0.0009737098344693283,0.0013947001394700141,0.0,2.775867522451365e-05,1.8275582096430485e-05,3.201393004220102e-05
2018-06-06,-0.011695906432748536,-0.006963788300835654,-0.0052770448548812654,2.170815463366072e-05,1.7616193587251324e-05,2.9372146840862707e-05
2018-06-07,0.02268244575936884,0.0070126227208976155,0.002652519893899204,2.3782803532969434e-05,1.735882454853121e-05,2.488288914881185e-05
2018-06-08,-0.024108003857280614,-0.020891364902506964,-0.010582010582010585,2.722036351645198e-05,2.2523642710440906e-05,3.1642829746324376e-05
2018-06-11,-0.00790513833992095,-0.002844950213371266,0.0,1.782315327726243e-05,2.0801244300774715e-05,3.5698413239258624e-05
2018-06-12,0.001992031872509961,0.009985734664764623,0.0,1.4202064896070995e-05,3.0278074725964403e-05,4.193165141409828e-05
2018-06-13,-0.010934393638170972,-0.002824858757062147,-0.00267379679144385,2.072563650957828e-05,2.0666033537257276e-05,3.925885332859535e-05
2018-06-14,0.012060301507537691,0.00708215297450425,0.0,2.6270613902192866e-05,2.738753797038436e-05,3.0054695899624696e-05
2018-06-15,0.009930486593843098,0.016877637130801686,0.0053619302949061655,1.7751809658073855e-05,2.082238394593908e-05,2.2075737603312895e-05
2018-06-19,-0.029498525073746312,0.0,0.0026666666666666666,2.236687912484997e-05,1.3492669602142035e-05,1.4864799946109635e-05
2018-06-20,0.004052684903748735,-0.016597510373443983,-0.007978723404255319,2.560612633137887e-05,3.480827033867864e-05,2.9027884087808626e-05
2018-06-21,-0.0050454086781029275,-0.007032348804500703,0.0026809651474530827,2.1639503064704034e-05,3.306358229739644e-05,2.99809953568499e-05
2018-06-22,-0.0010141987829614604,0.0,0.0,1.5769789417547747e-05,3.0903261576517633e-05,3.398637717975023e-05
2018-06-25,-0.03959390862944163,-0.0226628895184136,-0.0106951871657754,4.848011613112785e-05,4.161744455478429e-05,5.7901674280864664e-05
2018-06-26,-0.010570824524312895,-0.02463768115942029,-0.013513513513513514,3.826991130582356e-05,4.319292041169363e-05,4.95967032251883e-05
2018-06-27,-0.02884615384615385,-0.0237741456166419,-0.00821917808219178,4.1879767673623166e-05,3.830141985056786e-05,5.045744992650636e-05
2018-06-28,-0.0187018701870187,-0.0228310502283105,-0.016574585635359115,2.4578733484893944e-05,3.850482368372325e-05,4.949058307632142e-05
2018-06-29,0.019058295964125564,0.020249221183800625,0.01404494382022472,3.806313391337054e-05,4.105974541754798e-05,5.937799471123143e-05
2018-07-02,-0.052805280528052806,-0.05038167938931298,-0.03878116343490305,5.286249507448815e-05,6.523778793527367e-05,9.382761204413371e-05
2018-07-03,0.006968641114982578,0.01607717041800643,0.011527377521613832,2.658678457721201e-05,2.9438777344458546e-05,3.600628086346104e-05
2018-07-04,-0.006920415224913495,0.0,0.005698005698005697,2.6129826955294776e-05,3.5313764741827195e-05,5.98729522063778e-05
2018-07-05,-0.0011614401858304295,0.014240506329113925,0.0141643059490085,2.8849300093326207e-05,3.514067626838359e-05,4.9278656435603775e-05
2018-07-06,0.0069767441860465115,0.007800312012480499,0.00558659217877095,4.4960974647030844e-05,4.4572463360626926e-05,5.825431831945344e-05
2018-07-09,0.042725173210161664,0.054179566563467486,0.04166666666666666,3.333656669052934e-05,5.59568933059865e-05,7.800751983094142e-05
2018-07-10,-0.005537098560354375,-0.005873715124816447,-0.005333333333333333,1.945773316626151e-05,2.689453452595441e-05,3.529522745330108e-05
2018-07-11,-0.022271714922049,-0.005908419497784343,-0.0026809651474530827,4.5622869023927646e-05,4.161676170283325e-05,4.791478848134842e-05
2018-07-12,0.027777777777777776,0.03566121842496285,0.01881720430107527,4.407016657849922e-05,4.1802243105920754e-05,4.611272608662535e-05
2018-07-13,0.0,0.0014347202295552368,-0.013850415512465377,2.524036142939517e-05,2.2851541790322172e-05,4.100251606154249e-05
2018-07-16,-0.01689189189189189,-0.025787965616045842,-0.016853932584269662,3.9571164774783334e-05,4.759328076332476e-05,5.587706357128812e-05
2018-07-17,-0.001145475372279496,-0.021505376344086027,-0.005714285714285714,3.167608153639826e-05,4.323016439898197e-05,4.5646556432595194e-05
2018-07-18,-0.0022935779816513763,0.0047095761381475655,-0.005747126436781609,3.960196140326081e-05,4.9961876521602504e-05,4.31258492188495e-05
2018-07-19,0.003448275862068965,-0.0078125,-0.002890173410404625,3.397417274023663e-05,3.6927429859876956e-05,4.115861279590519e-05
2018-07-20,0.04352806414662085,0.06771653543307088,0.028985507246376805,4.203279986062127e-05,4.817646870749313e-05,5.9872243563840224e-05
2018-07-23,0.034028540065861694,0.02212389380530973,0.01126760563380282,2.9641150422087397e-05,2.5478759644127992e-05,4.26468138728205e-05
2018-07-24,-0.002123142250530785,0.0,0.0027855153203342623,2.03788238876599e-05,2.204896308313185e-05,3.0035626099837238e-05
2018-07-25,-0.002127659574468085,-0.001443001443001443,-0.0027777777777777783,2.586858193434673e-05,3.3973559119118945e-05,3.2127197925020224e-05
2018-07-26,-0.013859275053304905,-0.0014450867052023125,-0.0055710306406685246,3.711891264222396e-05,4.0906292622017984e-05,4.929689619926661e-05
2018-07-27,0.0,-0.008683068017366135,-0.0028011204481792717,4.066381339476868e-05,3.5546329975918356e-05,3.188862975642566e-05
2018-07-30,0.015135135135135137,0.014598540145985403,0.011235955056179777,3.8707037257453525e-05,3.717986786546267e-05,2.8791389850058027e-05
2018-07-31,0.003194888178913738,0.008633093525179856,0.005555555555555557,3.7977233577521195e-05,4.1611677766515585e-05,3.9240588716260403e-05
2018-08-01,-0.028662420382165606,-0.018544935805991442,-0.016574585635359115,5.5208835046537415e-05,3.888270196941012e-05,5.597918079953951e-05
2018-08-02,-0.022950819672131147,-0.020348837209302327,-0.01966292134831461,3.5688445722585645e-05,3.6073656487402734e-05,4.73049268762753e-05
2018-08-03,-0.003355704697986577,0.013353115727002969,0.0,4.922568337461179e-05,3.804619470680441e-05,6.027255851427559e-05
2018-08-06,0.0033670033670033673,0.008784773060029283,0.005730659025787965,4.909687383883346e-05,3.6513626242211667e-05,3.800977009210085e-05
2018-08-07,0.025727069351230432,0.013062409288824385,0.014245014245014247,5.146990032984248e-05,2.964152764723518e-05,4.464430754587127e-05
2018-08-08,-0.013086150490730643,-0.01862464183381089,-0.008426966292134831,2.7066125832451983e-05,3.909215723288245e-05,3.8116612563178335e-05
2018-08-09,0.026519337016574586,0.011678832116788322,0.0084985835694051,4.813591767674463e-05,3.4106552665316745e-05,4.6395487239362544e-05
2018-08-10,-0.006458557588805167,-0.011544011544011544,-0.005617977528089888,4.424614024602836e-05,3.1108273107898934e-05,4.699965741444453e-05
2018-08-13,-0.01950162513542795,-0.026277372262773727,-0.011299435028248588,4.940346150799467e-05,4.334475695014493e-05,5.514553310201167e-05
2018-08-14,-0.0055248618784530384,0.0014992503748125937,0.002857142857142857,3.165434312196818e-05,4.2917656284590836e-05,4.141657010283313e-05
2018-08-15,-0.02333333333333333,-0.016467065868263474,-0.017094017094017096,5.109734747634024e-05,4.051744864894286e-05,4.987242828196891e-05
2018-08-16,-0.001137656427758817,0.0045662100456621,0.0057971014492753615,5.0979960500844016e-05,4.113323457251844e-05,5.43200695532969e-05
2018-08-17,0.0034168564920273353,-0.012121212121212123,-0.005763688760806916,3.131559830467123e-05,7.185467001991106e-05,5.061191516417872e-05
2018-08-20,0.021566401816118047,0.021472392638036814,0.014492753623188406,3.86219920934065e-05,4.328306796170557e-05,4.813855252897635e-05
2018-08-21,0.02555555555555556,0.009009009009009007,0.005714285714285714,2.4481774016204332e-05,3.5631510567965197e-05,5.729495872548206e-05
2018-08-22,0.0065005417118093175,-0.0029761904761904765,-0.005681818181818182,2.5000647602999138e-05,4.994252279768538e-05,8.22356948509173e-05
2018-08-23,0.00753498385360603,-0.0014925373134328358,0.0,2.9923338943553198e-05,6.391424009258722e-05,5.421549101580172e-05
2018-08-24,0.07158119658119659,0.01644245142002989,0.008571428571428572,3.380944031151786e-05,6.324767442057169e-05,6.615200054806212e-05
2018-08-27,0.039880358923230316,0.016176470588235296,0.0056657223796034,2.0033368729255834e-05,2.732859394646407e-05,1.9844566756011447e-05
2018-08-28,-0.01342281879194631,0.0057887120115774245,0.002816901408450705,1.3803140533996109e-05,2.8314635363804273e-05,2.8718500062977868e-05
2018-08-29,-0.001943634596695821,-0.007194244604316547,0.0,1.903305422231867e-05,4.6852310767049394e-05,2.2931605049481645e-05
2018-08-30,-0.014605647517039922,-0.010144927536231885,-0.008426966292134831,2.607145015364788e-05,6.108662061711537e-05,4.625172478996056e-05
2018-08-31,0.0009881422924901187,0.007320644216691069,0.0056657223796034,1.6106102415879184e-05,5.522552023988406e-05,2.662349564102228e-05
2018-09-03,0.0059230009871668295,0.0,0.0,2.840061685322285e-05,3.969707446340244e-05,3.334385389099442e-05
2018-09-04,0.023552502453385672,0.007267441860465117,0.008450704225352114,3.475642850170884e-05,5.698397931534282e-05,4.936744773122825e-05
2018-09-05,-0.0364333652924257,-0.031746031746031744,-0.013966480446927377,3.086769021604957e-05,5.7343282777799755e-05,4.536066195629282e-05
2018-09-06,-0.007960199004975124,-0.005961251862891207,-0.0084985835694051,2.649312251715676e-05,3.6000661362384496e-05,4.627728797309271e-05
2018-09-07,0.004012036108324975,-0.0014992503748125937,0.002857142857142857,3.050295103872149e-05,3.2967210099055325e-05,4.2133111041586467e-05
2018-09-10,-0.012987012987012988,-0.006006006006006006,0.0028490028490028487,3.660637079447548e-05,4.243902768277467e-05,4.267636215092862e-05
2018-09-11,0.0030364372469635624,-0.006042296072507553,-0.002840909090909091,3.135465912912317e-05,6.96591115106543e-05,4.46820708318411e-05
2018-09-12,-0.003027245206861756,-0.0060790273556231,-0.005698005698005697,2.7148054210372863e-05,3.8028512099068956e-05,4.347363533771833e-05
2018-09-13,0.008097165991902834,0.01529051987767584,0.014326647564469913,2.6253247536867788e-05,4.174310920403255e-05,4.547184125536828e-05
2018-09-14,-0.012048192771084336,0.0015060240963855422,0.0,2.809974658782739e-05,3.866860937308527e-05,2.298124440380361e-05
2018-09-17,-0.01524390243902439,-0.006015037593984962,-0.005649717514124294,3.2617380115956814e-05,3.538468125807349e-05,4.3778555761909936e-05
2018-09-18,0.040247678018575865,0.01210287443267776,0.008522727272727272,3.873717124543825e-05,5.323089026219542e-05,3.918060064138464e-05
2018-09-19,0.015873015873015872,0.013452914798206277,0.002816901408450705,2.4212116440000096e-05,3.764486997718013e-05,3.0174255476251868e-05
2018-09-20,-0.0009765625,0.01032448377581121,0.002808988764044944,2.5984415109086184e-05,3.807708890462356e-05,3.2790214988751834e-05
2018-09-21,0.04301075268817204,0.05255474452554745,0.030812324929971987,2.9170428397977117e-05,4.1743027797311636e-05,3.8520138104358865e-05
2018-09-25,-0.011246485473289596,-0.015256588072122053,-0.008152173913043478,1.8340802493048705e-05,3.189704671732397e-05,3.114310488819981e-05
2018-09-26,0.015165876777251184,0.004225352112676057,0.00821917808219178,2.331447705946552e-05,2.222482776064718e-05,2.8024392380800084e-05
2018-09-27,0.0028011204481792713,0.0,0.0,2.677052162458737e-05,2.970276902775977e-05,3.164056587404525e-05
2018-09-28,0.028864059590316574,0.015427769985974752,0.010869565217391304,2.0661448400661366e-05,3.0179624585498976e-05,2.923747233062713e-05
2018-10-08,-0.05429864253393665,-0.04281767955801105,-0.026881720430107527,3.112898887534844e-05,5.47929906115909e-05,5.334249188557639e-05
2018-10-09,0.010526315789473686,-0.004329004329004329,-0.008287292817679558,2.6298159206917585e-05,4.05647890153948e-05,2.6773158751183842e-05
2018-10-10,-0.010416666666666666,0.0057971014492753615,0.0027855153203342623,2.545510365454865e-05,4.177569295366488e-05,3.226617388596267e-05
2018-10-11,-0.056459330143540674,-0.03746397694524496,-0.02777777777777778,3.734660161224141e-05,5.6516612977066836e-05,5.398789432014365e-05
2018-10-12,0.044624746450304266,0.037425149700598806,0.014285714285714287,3.1014032588062184e-05,5.136949209348546e-05,3.767416988497699e-05
2018-10-15,-0.01844660194174757,-0.017316017316017316,-0.014084507042253525,2.5618910181756408e-05,4.326998566324948e-05,4.354330995498213e-05
2018-10-16,0.02571711177052424,0.0073421439060205596,0.002857142857142857,2.8725465458192592e-05,3.636318155998055e-05,3.467186376412601e-05
2018-10-17,-0.0038572806171648993,-0.004373177842565597,0.008547008547008548,2.8306564599475252e-05,4.372774076396862e-05,3.3302766215273826e-05
2018-10-18,-0.023233301064859633,-0.014641288433382138,-0.005649717514124294,2.60768894237878e-05,3.817706435060344e-05,2.6831174957975158e-05
2018-10-19,0.06640237859266601,0.03714710252600297,0.025568181818181816,3.8250250149871386e-05,4.8367711759303385e-05,5.597980004129056e-05
2018-10-22,0.0362453531598513,0.03008595988538681,0.024930747922437674,2.1491064744859117e-05,3.0251177545587873e-05,3.389762972065237e-05
2018-10-23,-0.02780269058295964,-0.031988873435326845,-0.02162162162162162,2.538237226093315e-05,4.312938656086979e-05,4.28621574122704e-05
2018-10-24,0.01845018450184502,0.027298850574712645,0.016574585635359115,2.364455881045965e-05,4.584443506521874e-05,4.088945788024813e-05
2018-10-25,0.022644927536231887,0.012587412587412588,0.008152173913043478,2.841837432811989e-05,5.1243259054627004e-05,5.3878390275008554e-05
2018-10-26,-0.009743135518157664,0.0055248618784530384,0.0,2.1696621027598928e-05,3.1758382604417024e-05,2.7147344958931492e-05
2018-10-29,-0.038461538461538464,-0.027472527472527472,-0.0026954177897574125,3.287488285340072e-05,5.2009573623412235e-05,3.6340741884260995e-05
2018-10-30,0.013953488372093023,0.007062146892655367,0.01081081081081081,1.9555669794469652e-05,3.874110650233616e-05,2.0544317889067488e-05
2018-10-31,0.0009174311926605504,0.002805049088359046,-0.0053475935828877,1.7633585731992912e-05,3.3935407831312896e-05,2.752906049533679e-05
2018-11-01,-0.007332722273143905,-0.008391608391608392,-0.013440860215053764,1.5835527683864052e-05,3.182845511030003e-05,3.0944706272586294e-05
2018-11-02,0.024007386888273315,0.011283497884344145,0.010899182561307902,1.2305736593743684e-05,1.7507306566769366e-05,1.893402342048964e-05
2018-11-05,-0.015329125338142471,-0.016736401673640166,-0.008086253369272238,1.7487248602561606e-05,2.8551349464167485e-05,2.5885803007654183e-05
2018-11-06,-0.007326007326007327,-0.007092198581560284,-0.005434782608695652,2.3220444965933374e-05,3.0436472774399048e-05,2.9019977551789507e-05
2018-11-07,-0.002767527675276753,-0.004285714285714286,0.0,2.1648833794819853e-05,2.53748134706724e-05,3.2985150761820125e-05
2018-11-08,0.007400555041628122,0.0,0.00273224043715847,1.6990737729631898e-05,3.0570509576153355e-05,3.1895994021304625e-05
2018-11-09,-0.03122130394857668,-0.035868005738880916,-0.021798365122615803,2.6826228995676896e-05,2.6878425222862176e-05,3.802817957599932e-05
2018-11-12,0.000947867298578199,0.0,0.0055710306406685246,1.9761242728747603e-05,1.8244671078458265e-05,3.474040236539742e-05
2018-11-13,-0.0018939393939393942,0.0,0.002770083102493075,2.2790619238786106e-05,3.0421245835798572e-05,3.48081559293756e-05
2018-11-14,-0.0094876660341556,-0.014880952380952382,-0.011049723756906077,1.5300431972737375e-05,2.1471622404991558e-05,3.578873401520405e-05
2018-11-15,0.017241379310344827,0.007552870090634442,0.00558659217877095,2.1993292538192764e-05,2.1629776564749523e-05,2.1678867778529307e-05
2018-11-16,-0.004708097928436912,-0.0014992503748125937,0.0,1.9310230040705966e-05,1.973618613358768e-05,2.335033257781416e-05
2018-11-19,0.02649006622516557,0.015015015015015015,0.011111111111111113,1.9705810248717392e-05,2.088695006329327e-05,2.964839224094241e-05
2018-11-20,-0.025806451612903233,-0.00591715976331361,-0.010989010989010988,2.808779260834987e-05,1.7248012373511678e-05,3.328106027073997e-05
2018-11-21,0.0037842951750236523,0.0,0.0027777777777777783,2.5462598926848208e-05,2.357541560819261e-05,4.931838402638601e-05
2018-11-22,-0.005655042412818096,-0.004464285714285714,0.0,3.408703202658672e-05,2.8866035857575977e-05,4.804827808649794e-05
2018-11-23,-0.021800947867298574,-0.005979073243647235,-0.00554016620498615,3.538014563883113e-05,3.2686905491447026e-05,3.638358612150133e-05
2018-11-26,0.0019379844961240308,0.006015037593984962,0.0027855153203342623,2.876048078897679e-05,2.9390621033964534e-05,2.72871054318008e-05
2018-11-27,-0.015473887814313346,-0.004484304932735426,-0.005555555555555557,2.9735182981119354e-05,4.574946446061966e-05,3.9663021324962707e-05
2018-11-28,0.00982318271119843,0.0045045045045045045,0.00558659217877095,2.6607329677806906e-05,2.132646365388073e-05,5.228267413009096e-05
2018-11-29,-0.007782101167315177,-0.008968609865470852,-0.0027777777777777783,3.894644751374688e-05,4.532733420778781e-05,5.6662384250245385e-05
2018-11-30,0.015686274509803918,0.0030165912518853697,0.0055710306406685246,3.0315902070043483e-05,2.395694514115419e-05,3.5074140139874826e-05
2018-12-03,0.0222007722007722,0.018045112781954885,0.0110803324099723,2.5343412487035903e-05,2.285961969668819e-05,3.767996399836261e-05
2018-12-04,0.0,0.0,0.0027397260273972607,1.5043365053823043e-05,1.3134000874623528e-05,2.4880018441639724e-05
2018-12-05,-0.013220018885741269,-0.005908419497784343,-0.00546448087431694,2.977037067973708e-05,3.587354893019672e-05,3.980309609417937e-05
2018-12-06,-0.019138755980861247,-0.013372956909361071,-0.008241758241758242,3.5781400531018666e-05,2.9345843425522224e-05,5.4633901525034885e-05
2018-12-07,0.002926829268292683,-0.0015060240963855422,-0.002770083102493075,3.863869721362481e-05,3.3136977130291226e-05,4.741898880311354e-05
2018-12-10,-0.010700389105058366,-0.010558069381598794,-0.008333333333333333,2.916221475180655e-05,3.4433900142279494e-05,4.377805867437036e-05
2018-12-11,0.005899705014749263,0.004573170731707317,0.0,2.8850494364731823e-05,3.184071377247558e-05,3.0814134498770364e-05
2018-12-12,0.0009775171065493646,0.0075872534142640375,0.0056022408963585435,3.115596847004189e-05,3.070124441134472e-05,3.2612822015926e-05
2018-12-13,0.0146484375,0.01355421686746988,0.0027855153203342623,3.302875383678826e-05,2.722926780952517e-05,5.8076034160747525e-05
2018-12-14,-0.021174205967276226,-0.017830609212481426,-0.005555555555555557,4.151102979931461e-05,2.9896693587970972e-05,1.9197854411436153e-05
2018-12-17,0.011799410029498523,0.007564296520423602,0.008379888268156423,3.85114559723677e-05,3.1300866216606204e-05,4.428489917388789e-05
2018-12-18,-0.016520894071914486,-0.007507507507507507,-0.00554016620498615,3.9382323671883976e-05,4.35409416313922e-05,4.3905569660486135e-05
2018-12-19,-0.017786561264822136,-0.010590015128593042,-0.0027855153203342623,4.647677187472615e-05,4.835817633094152e-05,4.079542758188208e-05
2018-12-20,-0.02313883299798793,-0.02140672782874618,-0.00558659217877095,3.598553744979278e-05,4.872998052773644e-05,4.061486412388832e-05
2018-12-21,-0.02677651905252317,-0.015625,0.002808988764044944,4.2268866241786495e-05,5.866224410705011e-05,3.5084650485427646e-05
2018-12-24,-0.0031746031746031746,0.0,0.0056022408963585435,3.1278415420796146e-05,4.971614363974173e-05,4.612810004505829e-05
2018-12-25,-0.008492569002123142,-0.0031746031746031746,0.0055710306406685246,4.3295496616658866e-05,5.028113865061348e-05,3.857368413959564e-05
2018-12-26,-0.004282655246252678,0.001592356687898089,0.00554016620498615,4.082169626151232e-05,4.911674038476884e-05,2.46680761919267e-05
2018-12-27,-0.002150537634408602,0.0,0.0,3.8163731826098027e-05,2.3980886117311872e-05,1.4254862447474222e-05
2018-12-28,0.010775862068965518,0.012718600953895072,-0.005509641873278237,3.5472423973566163e-05,3.7003872659275596e-05,3.4743285876339754e-05
2019-01-02,-0.020255863539445626,-0.018838304552590262,-0.01939058171745153,5.612429197141535e-05,7.903546833672693e-05,6.391421426311197e-05
2019-01-03,0.009793253536452664,0.0016,0.002824858757062147,5.067172595872162e-05,6.111738521339012e-05,4.10426671389531e-05
2019-01-04,0.050646551724137935,0.01597444089456869,0.008450704225352114,4.433153307527597e-05,6.251755068364808e-05,4.478772489017359e-05
2019-01-07,-0.0010256410256410256,-0.003144654088050314,-0.002793296089385475,2.685346034786859e-05,3.6850491945910245e-05,3.2856668380848306e-05
2019-01-08,-0.008213552361396304,0.0,-0.008403361344537815,3.184822916422358e-05,4.371111521051021e-05,4.097123400441256e-05
2019-01-09,0.028985507246376812,0.011041009463722398,0.002824858757062147,3.46163659830068e-05,3.7527094371053135e-05,2.3863050031064176e-05
2019-01-10,0.01609657947686117,-0.0109204368174727,-0.008450704225352114,3.1398726674754624e-05,4.218480437652692e-05,2.740511524058935e-05
2019-01-11,0.0099009900990099,0.003154574132492114,0.002840909090909091,2.3691959855313488e-05,3.36479259666229e-05,2.078553273287105e-05
2019-01-14,-0.008823529411764706,-0.009433962264150943,-0.0084985835694051,3.4885398169237045e-05,4.7061202019088424e-05,3.6710745486054214e-05
2019-01-15,0.01285855588526212,0.012698412698412698,0.005714285714285714,3.3733281083776104e-05,4.4568952839858255e-05,2.4690699099829268e-05
2019-01-16,0.0234375,0.004702194357366771,0.0,2.560275404795412e-05,3.070919077889847e-05,2.803838499710036e-05
2019-01-17,-0.02194656488549618,0.0062402496099844,0.002840909090909091,4.238307891391724e-05,3.842108316527005e-05,2.5939171095982614e-05
2019-01-18,0.017560975609756096,0.029457364341085267,0.0084985835694051,3.00591029505451e-05,3.308371679538855e-05,2.3436892553342488e-05
2019-01-21,-0.00862895493767977,0.0045180722891566254,0.002808988764044944,2.1082526074696286e-05,2.730038475611977e-05,1.5878789673074207e-05
2019-01-22,-0.005802707930367505,-0.010494752623688156,-0.0028011204481792717,3.9617497588778195e-05,6.542731602213337e-05,2.233944344169148e-05
2019-01-23,0.006809338521400779,0.007575757575757577,0.002808988764044944,3.273914143187253e-05,6.261129082888508e-05,3.478155284366205e-05
2019-01-24,0.01642512077294686,0.004511278195488721,0.0056022408963585435,2.6900148133705992e-05,4.0807501594758815e-05,2.3763519940017604e-05
2019-01-25,0.04562737642585552,0.019461077844311375,0.008356545961002786,2.0979454367877955e-05,3.377494056032017e-05,2.0085227866755387e-05
2019-01-28,-0.005454545454545454,-0.005873715124816447,-0.0027624309392265192,2.068215071739521e-05,4.980057730575662e-05,3.04864698253026e-05
2019-01-29,0.0054844606946983536,0.011816838995568686,0.008310249307479225,3.0363398035144518e-05,5.9648671992895664e-05,2.901559530754286e-05
2019-01-30,-0.004545454545454546,0.0014598540145985405,-0.002747252747252747,3.6984187680134695e-05,4.202213669668388e-05,2.516002630365142e-05
2019-01-31,0.013698630136986302,0.030612244897959183,0.013774104683195593,2.5458387318240413e-05,3.7768188146949844e-05,3.171493353424762e-05
2019-02-01,0.009009009009009007,-0.0014144271570014145,0.0,2.316844581804072e-05,3.3052170358563744e-05,2.348856058285205e-05
2019-02-11,0.0008928571428571429,0.0,-0.002717391304347826,2.4318136568141002e-05,2.913828227024605e-05,3.298401963651124e-05
2019-02-12,-0.0017841213202497766,-0.00141643059490085,0.0027247956403269754,2.3387523426810956e-05,4.023582052468259e-05,2.318968868586156e-05
2019-02-13,0.016979445933869526,0.00851063829787234,0.010869565217391304,2.0110322689240392e-05,3.1474297221924844e-05,1.5742117872668318e-05
2019-02-14,-0.01142355008787346,-0.011251758087201124,-0.005376344086021505,1.7218853308204983e-05,2.8754294148132066e-05,1.7883345029874427e-05
2019-02-15,-0.02666666666666666,-0.027027027027027025,-0.013513513513513514,2.603588744505065e-05,4.233115302549903e-05,3.630288879298961e-05
2019-02-18,0.037442922374429234,0.019005847953216377,0.013698630136986302,2.610202898794613e-05,2.7876914128985414e-05,2.8797476604637127e-05
2019-02-19,-0.007922535211267605,0.0,-0.005405405405405405,2.300514444613527e-05,2.9249118643761323e-05,2.476139590540639e-05
2019-02-20,0.012422360248447206,0.0,0.0,2.5893625042035183e-05,3.515399412325296e-05,2.913944180014877e-05
2019-02-21,-0.004382120946538125,-0.00430416068866571,-0.002717391304347826,2.748598227714565e-05,3.4524326104735606e-05,2.3615981757205286e-05
2019-02-22,0.01584507042253521,0.001440922190201729,0.005449591280653951,2.7532005516450727e-05,2.584253237351084e-05,3.09784595481159e-05
2019-02-25,0.08752166377816292,0.0618705035971223,0.051490514905149054,2.6653555037667635e-05,2.6961886141217294e-05,3.175189569285839e-05
2019-02-26,-0.027888446215139442,-0.025745257452574527,-0.010309278350515464,1.3671890046842733e-05,1.8600070727030523e-05,1.5136705128912174e-05
2019-02-27,0.016393442622950817,0.008344923504867872,0.01041666666666667,1.6752841033527843e-05,2.503757033395081e-05,2.2041796136114903e-05
2019-02-28,-0.0032258064516129032,-0.009655172413793104,-0.010309278350515464,1.976189547243011e-05,2.0655929016459987e-05,1.8440261810617256e-05
2019-03-01,0.03236245954692557,0.02228412256267409,0.015625,2.1727164088488308e-05,2.023688294231984e-05,2.797332574606875e-05
2019-03-04,0.01802507836990596,0.0027247956403269754,0.005128205128205128,1.830296820209122e-05,1.6267292035131258e-05,1.6591258145584462e-05
2019-03-05,0.005388760585065436,-0.008152173913043478,-0.005102040816326531,1.8738769716815485e-05,1.4565372742830085e-05,1.1659403015986392e-05
2019-03-06,0.0015313935681470136,0.00410958904109589,0.007692307692307692,1.4774812172946436e-05,1.1698355095713664e-05,1.4930510215151211e-05
2019-03-07,-0.02599388379204893,-0.017735334242837655,-0.010178117048346057,1.8188625260125328e-05,1.6283951713629684e-05,1.3063253426736338e-05
2019-03-08,-0.03453689167974882,-0.040277777777777767,-0.03598971722365039,1.771028703776708e-05,2.799080317446595e-05,3.178502640859926e-05
2019-03-11,0.0016260162601626016,0.008683068017366135,0.010666666666666666,2.5327439690482015e-05,2.1513980291118952e-05,2.4892144932660957e-05
2019-03-12,0.0032467532467532465,0.005738880918220947,0.010554089709762531,1.829398221810362e-05,1.417651973730148e-05,2.2021780431455105e-05
2019-03-13,0.0008090614886731393,-0.008559201141226819,-0.007832898172323759,2.170314522947856e-05,2.0012315427562712e-05,2.601293613108868e-05
2019-03-14,0.004850444624090542,0.0,-0.002631578947368421,2.136598059313702e-05,2.4438820065907886e-05,3.2250196177986966e-05
2019-03-15,0.0056315366049879325,0.011510791366906477,0.0,2.0727105637050705e-05,2.301483157461998e-05,1.8265940315418868e-05
2019-03-18,0.0328,0.017069701280227594,0.013192612137203168,2.6082208687856782e-05,2.0651381047239293e-05,2.2705728147581198e-05
2019-03-19,-0.009295120061967466,-0.0013986013986013984,-0.0078125,2.1155312489263405e-05,1.1789821880048151e-05,2.135225012306325e-05
2019-03-20,-0.0031274433150899144,0.0,-0.005249343832020997,1.7202242274974953e-05,2.299750624996353e-05,2.1055104837581674e-05
2019-03-21,-0.004705882352941176,-0.00980392156862745,0.0,1.586893985428744e-05,1.513906822085907e-05,1.2087486219547232e-05
2019-03-22,-0.007880220646178094,-0.005657708628005658,0.0026385224274406327,2.1163346644510406e-05,2.420855858754397e-05,1.952118533911609e-05
2019-03-25,-0.03812549642573471,-0.027027027027027025,-0.01842105263157895,2.746160038995575e-05,2.63880123340517e-05,2.6273394461790784e-05
2019-03-26,-0.0008257638315441784,-0.0043859649122807015,-0.0026809651474530827,2.027435236357338e-05,1.8763359448911892e-05,2.3025785880659767e-05
2019-03-27,0.0231404958677686,0.013215859030837005,0.0026881720430107525,2.646071930345135e-05,3.128645158663905e-05,2.032945145355787e-05
2019-03-28,-0.012924071082390952,-0.011594202898550723,-0.0053619302949061655,2.563140575987744e-05,3.111036908542262e-05,2.6749766845297187e-05
2019-03-29,0.049099836333878884,0.01906158357771261,0.016172506738544475,2.3123497557209045e-05,1.51231848758363e-05,3.172028429926181e-05
2019-04-01,0.028081123244929798,0.02733812949640288,0.015915119363395226,2.1396579311057048e-05,1.5100164712411078e-05,2.127709433383622e-05
2019-04-02,0.013657056145675266,0.0028011204481792717,0.0,1.5351942141710255e-05,1.6374912550256364e-05,1.7969548097216847e-05
2019-04-03,0.00598802395209581,0.009776536312849162,0.0026109660574412533,2.1357762407075605e-05,2.2072061805429147e-05,2.5610744929499224e-05
2019-04-04,0.03125,0.02904564315352697,0.013020833333333334,1.4864403956055069e-05,1.59520136280774e-05,1.4659146500925467e-05
2019-04-08,0.007215007215007216,-0.008064516129032258,0.002570694087403599,2.0472310225622e-05,2.241149301835128e-05,2.2828314166632714e-05
2019-04-09,-0.010744985673352437,-0.006775067750677507,-0.007692307692307692,1.5352297389493485e-05,1.713316744678867e-05,1.843085149418875e-05
2019-04-10,-0.005792903692976104,-0.002728512960436562,-0.002583979328165375,2.7293457950817968e-05,2.053764790780681e-05,2.1926661216222515e-05
2019-04-11,-0.013838310269482885,-0.010943912448700412,0.0,3.8163700751662616e-05,3.143008116681194e-05,1.6025165478808875e-05
2019-04-12,-0.008862629246676516,-0.0013831258644536651,0.0025906735751295338,2.739737483602209e-05,1.5771377324764565e-05,2.2185148887664603e-05
2019-04-15,0.020119225037257826,0.02077562326869806,0.00516795865633075,2.282240567715731e-05,2.4677864279747133e-05,2.576548609080312e-05
2019-04-16,0.0650109569028488,0.04884667571234736,0.028277634961439587,2.1678676924279334e-05,2.382271061286473e-05,2.318655554670003e-05
2019-04-17,-0.01577503429355281,0.0038809831824062092,0.0075,1.7307975792124452e-05,1.5100493266706995e-05,2.3373182607460557e-05
2019-04-18,-0.0006968641114982577,-0.021907216494845363,-0.007444168734491314,2.529257743666644e-05,2.030583558156671e-05,3.2878499588667276e-05
2019-04-19,0.027196652719665274,0.003952569169960474,0.0075,1.8936635183975366e-05,2.0134617526904724e-05,1.7616594542952263e-05
2019-04-22,-0.0393754243041412,-0.03280839895013123,-0.024813895781637715,2.767107239974405e-05,2.395250756138959e-05,4.186189741181081e-05
2019-04-23,-0.005653710247349823,0.00271370420624152,0.005089058524173028,1.2310753502070215e-05,2.115936931492179e-05,1.787049282039132e-05
2019-04-24,0.02629708599857853,0.0027063599458728013,-0.010126582278481013,1.3153658521372419e-05,2.4838816295171274e-05,3.2880031288967704e-05
2019-04-25,-0.021468144044321333,-0.010796221322537113,-0.005115089514066496,2.219001062115916e-05,2.438170629758808e-05,1.4662229006079687e-05
2019-04-26,-0.024062278839348902,-0.009549795361527969,-0.007712082262210797,2.79555590192248e-05,1.9628224084607694e-05,1.7805271372167606e-05
2019-04-29,0.022480058013052938,0.02066115702479339,0.007772020725388602,2.6477683738393924e-05,3.150110622890653e-05,2.540211118564668e-05
2019-04-30,-0.01773049645390071,0.004048582995951417,0.0,2.387657696728317e-05,2.2629182535155305e-05,2.7681541339299553e-05
2019-05-06,-0.07075812274368233,-0.038978494623655914,-0.028277634961439587,3.1321416520614745e-05,4.1327133989000104e-05,3.464192031815653e-05
2019-05-07,0.006216006216006217,-0.0055944055944055935,0.0,2.0683918808471125e-05,2.636357616656665e-05,2.189316095562417e-05
2019-05-08,-0.027027027027027032,-0.014064697609001406,-0.015873015873015872,2.8599015693995442e-05,3.3074709739839256e-05,3.560273357594093e-05
2019-05-09,-0.03492063492063492,-0.015691868758915834,-0.008064516129032258,2.3430114670743266e-05,3.136138649894283e-05,2.2127544477199587e-05
2019-05-10,0.042763157894736836,0.014492753623188406,0.016260162601626015,3.511857386046719e-05,3.107544807316213e-05,4.293752623592689e-05
2019-05-13,-0.02996845425867508,-0.005714285714285714,-0.010666666666666666,3.943839582476157e-05,3.2095326684660027e-05,3.150478849163938e-05
2019-05-14,0.015447154471544712,-0.005747126436781609,-0.008086253369272238,3.207794639852841e-05,2.9786994792090343e-05,1.7696241815475617e-05
2019-05-15,0.0344275420336269,0.014450867052023125,0.019021739130434784,3.418861000599677e-05,2.7580605280424096e-05,3.620913041274358e-05
2019-05-16,-0.00541795665634675,-0.0028490028490028487,0.008,1.995538743626914e-05,2.431467765916129e-05,2.623148834026149e-05
2019-05-17,-0.031906614785992216,-0.011428571428571429,-0.013227513227513229,3.730420592014051e-05,2.802919814686427e-05,2.7273120529732694e-05
2019-05-20,-0.00482315112540193,0.005780346820809249,0.024128686327077747,2.4090873965956525e-05,2.61223261724152e-05,2.543816287452739e-05
2019-05-21,0.01453957996768982,0.005747126436781609,-0.005235602094240838,3.208903572641815e-05,2.9163027779023394e-05,2.4814931139482826e-05
2019-05-22,-0.012738853503184712,-0.002857142857142857,0.002631578947368421,3.196668794555233e-05,2.7018980666276982e-05,2.614639285179521e-05
2019-05-23,-0.008870967741935484,-0.0028653295128939827,-0.005249343832020997,2.788075575861099e-05,2.377311158569361e-05,2.1219333458834822e-05
2019-05-24,0.004882017900732303,0.007183908045977012,0.0,2.109699481120483e-05,2.1951867952597246e-05,1.962960389171584e-05
2019-05-27,0.001619433198380567,-0.002853067047075607,0.0052770448548812654,3.155441189160646e-05,2.3363757141554087e-05,2.595778180875304e-05
2019-05-28,0.009700889248181084,0.002861230329041488,0.007874015748031496,2.136872473993256e-05,2.24043399017826e-05,1.8723362978337695e-05
2019-05-29,-0.007205764611689352,-0.007132667617689016,0.0,3.208504223096759e-05,2.5739153827509713e-05,2.427860334063872e-05
2019-05-30,-0.014516129032258062,0.004310344827586207,0.013020833333333334,3.0039203854420074e-05,1.6988495655428468e-05,1.9653682678523866e-05
2019-05-31,-0.003273322422258592,-0.001430615164520744,-0.002570694087403599,2.81934714005292e-05,1.8441325373050228e-05,1.9049311035228118e-05
2019-06-03,-0.02298850574712644,0.0042979942693409726,0.0,2.325360239489519e-05,2.0940459570850077e-05,2.0066780689012908e-05
2019-06-04,-0.004201680672268907,0.009985734664764623,0.0,2.517101051163056e-05,2.1758845764863445e-05,1.9733201226920596e-05
2019-06-05,0.010126582278481013,0.011299435028248588,0.005405405405405405,2.688431600939121e-05,2.715692635882151e-05,3.105451016322326e-05
2019-06-06,-0.004177109440267335,0.0,0.0,2.8926833966485473e-05,2.2896168348638567e-05,2.6472880576432864e-05
2019-06-10,0.035234899328859065,0.01675977653631285,0.005376344086021505,3.2123158599726096e-05,3.070018869935711e-05,2.971421401681006e-05
2019-06-11,0.025121555915721232,0.002747252747252747,0.0053475935828877,2.1330401092404428e-05,1.4902399120526172e-05,1.7711546184260736e-05
2019-06-12,-0.00632411067193676,-0.006849315068493151,-0.007978723404255319,2.124430040551214e-05,1.8572128569455125e-05,3.2948737893196324e-05
2019-06-13,0.0015910898965791568,-0.00413793103448276,0.0,2.988700302575813e-05,3.0648993056866165e-05,3.691970877829648e-05
2019-06-14,-0.007942811755361398,0.0,0.0,3.146535942913851e-05,2.1171266928050204e-05,2.1369464589940946e-05
2019-06-17,0.014411529223378704,0.00554016620498615,0.0026809651474530827,3.120772929434337e-05,3.014880078056624e-05,3.624534000919351e-05
2019-06-18,0.01026045777426993,0.012396694214876032,0.0053475935828877,3.317058914762765e-05,2.893701930306489e-05,3.227069394193481e-05
2019-06-19,0.02109375,0.014965986394557824,0.005319148936170214,2.9942228267474708e-05,2.405927165972362e-05,2.5592996941201293e-05
2019-06-20,0.0558530986993114,0.010723860589812331,0.007936507936507936,3.127865383978487e-05,2.6760626494578798e-05,2.1295833806173542e-05
2019-06-21,-0.011594202898550723,-0.017241379310344827,-0.010498687664041995,1.526632360463964e-05,1.984894175010645e-05,2.0388164815392262e-05
2019-06-24,0.003665689149560117,0.004048582995951417,0.002652519893899204,1.7729696755456746e-05,1.6896338669400113e-05,2.642261653932002e-05
2019-06-25,-0.018991964937910884,-0.013440860215053764,-0.007936507936507936,2.4827966867954204e-05,3.084778671551964e-05,3.1505524928905306e-05
2019-06-26,0.006019563581640332,0.005449591280653951,-0.0026666666666666666,3.1770360179701625e-05,3.528357849373144e-05,1.8172026965709533e-05
2019-06-27,0.025430067314884067,0.004065040650406504,0.00267379679144385,2.7772175027694372e-05,1.8443531754697945e-05,2.1064118642507958e-05
2019-06-28,0.005105762217359592,0.004048582995951417,-0.0026666666666666666,2.2478423784222525e-05,2.513578051610841e-05,2.876515511036313e-05
2019-07-01,0.010885341074020321,0.0026881720430107525,0.0053475935828877,2.1230454671827347e-05,1.3430112811272956e-05,2.3404812003793772e-05
2019-07-02,0.017946877243359655,0.0026809651474530827,0.002659574468085107,1.826067034072529e-05,1.2929435799664713e-05,1.4716772327938316e-05
2019-07-03,-0.011988716502115656,0.004010695187165775,0.0,2.2491603190384975e-05,1.440118385550146e-05,1.9646328953931302e-05
2019-07-04,-0.0014275517487508922,-0.0013315579227696404,0.0,3.2520847068414584e-05,1.7593567063048894e-05,2.4407307736574086e-05
2019-07-05,-0.005003573981415297,0.005333333333333333,-0.005305039787798408,2.0896514623357574e-05,2.123790377811245e-05,2.726823534656683e-05
2019-07-08,-0.02370689655172414,-0.010610079575596816,-0.010666666666666666,3.236988753228089e-05,3.616745290721325e-05,2.4790369939207392e-05
2019-07-09,0.0,-0.00804289544235925,0.0,2.9669457252872444e-05,2.0217639909281908e-05,2.0641421503981225e-05
2019-07-10,-0.002207505518763797,-0.014104372355430184,-0.0026954177897574125,3.1714339044315106e-05,2.464872268812363e-05,2.4594383981788252e-05
2019-07-11,-0.0014749262536873154,0.0071530758226037204,0.0027027027027027024,2.771593658339369e-05,1.5844331587348097e-05,2.7218334783468776e-05
2019-07-12,0.04283604135893648,0.01846590909090909,0.0026954177897574125,2.417810896014941e-05,4.010417904422509e-05,1.6568917354379666e-05
2019-07-15,-0.0084985835694051,0.0013947001394700141,-0.005376344086021505,1.7034626784508206e-05,3.735371628356623e-05,3.58019312312058e-05
2019-07-16,-0.017857142857142856,0.0,-0.0027027027027027024,2.097059855676091e-05,2.067697600792769e-05,2.3427232008613826e-05
2019-07-17,-0.004363636363636364,-0.006963788300835654,-0.0054200542005420045,2.5960129567728754e-05,4.555145397536759e-05,2.4493004553143287e-05
2019-07-18,-0.0014609203798392988,0.014025245441795231,-0.005449591280653951,3.160303134113326e-05,2.9002074427456268e-05,2.3255937303098875e-05
2019-07-19,0.023408924652523776,0.0027662517289073303,0.0054794520547945215,2.447717674498076e-05,3.534587793478865e-05,2.5869213536786434e-05
2019-07-22,-0.010007147962830594,-0.00413793103448276,0.0,2.3188680596530216e-05,2.521171832425315e-05,2.51956854922814e-05
2019-07-23,-0.006498194945848375,0.009695290858725765,0.005449591280653951,2.309411488875514e-05,2.686655626068218e-05,3.606473236983078e-05
2019-07-24,0.008720930232558141,0.010973936899862828,0.0,2.269448591498239e-05,2.5372479252775005e-05,2.0332597278491847e-05
2019-07-25,0.023054755043227664,0.00542740841248304,0.002710027100271003,1.9463418072246835e-05,2.97101402046164e-05,1.7760041695140846e-05
2019-07-26,0.0021126760563380284,-0.006747638326585695,0.0,1.3319166416534364e-05,2.6426526240355936e-05,2.495428948335188e-05
2019-07-29,0.004216444132115249,0.001358695652173913,0.0,1.84331068906164e-05,2.4866750671363566e-05,2.4217080488730232e-05
2019-07-30,0.005598320503848846,0.004070556309362279,0.005405405405405405,1.569848318008688e-05,3.1035700873594266e-05,2.6143274041740615e-05
2019-07-31,-0.016701461377870562,-0.004054054054054053,-0.0026881720430107525,2.26720613924004e-05,3.1774533280855074e-05,2.549616396049932e-05
2019-08-01,-0.002123142250530785,-0.00542740841248304,-0.008086253369272238,2.3945692374393162e-05,2.5726699484801153e-05,2.9713148861140447e-05
2019-08-02,-0.02553191489361702,-0.016371077762619368,-0.010869565217391304,2.3776004846727756e-05,3.325670297925829e-05,3.713902665078801e-05
2019-08-05,-0.02838427947598253,-0.015256588072122053,-0.016483516483516484,2.8959032599153193e-05,3.434625223801416e-05,4.5605455512644925e-05
2019-08-06,0.0014981273408239699,-0.009859154929577466,-0.013966480446927377,2.7822388072307032e-05,2.84510622566299e-05,4.148188136939122e-05
2019-08-07,0.012715033657442035,0.0,-0.0028328611898017,1.8672430639636933e-05,2.989213310801953e-05,3.0151747705181237e-05
2019-08-08,0.0620384047267356,0.015647226173541962,0.005681818181818182,2.067435442798888e-05,4.46594976536217e-05,2.519878117543112e-05
2019-08-09,0.009735744089012515,0.0,0.005649717514124294,1.064286706541038e-05,2.7579114218070848e-05,2.9556212035343794e-05
2019-08-12,0.04132231404958678,0.0070028011204481795,0.005617977528089888,9.913424446835961e-06,2.9764463121190453e-05,5.360662549388426e-05
2019-08-13,-0.015211640211640213,-0.012517385257301807,0.0,1.3216854083419616e-05,4.837661591555298e-05,3.001452953419951e-05
2019-08-14,0.005372733378106112,-0.002816901408450705,-0.002793296089385475,1.3728943246424284e-05,3.03823114109586e-05,6.281356033441317e-05
2019-08-15,-0.002004008016032064,0.002824858757062147,0.0028011204481792717,1.877303800551168e-05,6.103855708867954e-05,6.43433014350919e-05
2019-08-16,-0.0026773761713520753,-0.0014084507042253524,-0.002793296089385475,1.6316583019787946e-05,3.623462687396083e-05,4.469322597298607e-05
2019-08-19,0.0013422818791946306,-0.002820874471086037,0.0028011204481792717,8.465976821594667e-06,2.012997806991952e-05,3.863567206202789e-05
2019-08-20,0.004691689008042896,-0.011315417256011316,-0.00558659217877095,9.991048757628858e-06,1.942342680323232e-05,3.1406682838190096e-05
2019-08-21,-0.03602401601067379,0.001430615164520744,-0.002808988764044944,1.431473652352333e-05,1.7353715795590076e-05,4.522141594581083e-05
2019-08-22,-0.009688581314878894,-0.0071428571428571435,-0.002816901408450705,9.018382236459063e-06,2.208683554857802e-05,6.30658222894093e-05
2019-08-23,0.023759608665269043,0.008633093525179856,0.0,1.239670409397798e-05,2.1743206260806996e-05,2.806492654784902e-05
2019-08-26,-0.027303754266211604,-0.011412268188302424,-0.005649717514124294,1.7203737978875347e-05,3.0478659225623327e-05,2.4023001783013228e-05
2019-08-27,0.0042105263157894745,0.002886002886002886,0.014204545454545456,8.579255828029725e-06,1.248853485285746e-05,3.695482498389249e-05
2019-08-28,-0.002795248078266946,0.0,-0.008403361344537815,1.5587642834427004e-05,1.5153186774590964e-05,5.5000531964694004e-05
2019-08-29,-0.009810791871058166,-0.0014388489208633096,-0.002824858757062147,1.5564829595542824e-05,1.8505850780633545e-05,4.160580167712065e-05
2019-08-30,0.002123142250530785,-0.005763688760806916,0.0,1.791952401657529e-05,3.067301180194772e-05,3.3441744540878305e-05
2019-09-02,0.020480225988700564,-0.0028985507246376808,0.0028328611898017,1.3941431755600962e-05,1.4413898342298574e-05,1.9526005793184413e-05
2019-09-03,-0.010380622837370242,0.0,0.002824858757062147,1.4692885501441965e-05,1.2755538675354374e-05,1.945768811533606e-05
2019-09-04,0.009790209790209793,0.017441860465116282,0.014084507042253525,9.89226725680894e-06,2.649618189905049e-05,3.49703712642565e-05
2019-09-05,0.009695290858725765,0.012857142857142857,0.005555555555555557,1.0770519698660458e-05,2.545877366814613e-05,2.8868945066641625e-05
2019-09-06,0.01577503429355281,0.002820874471086037,0.0027624309392265192,1.0785006630957034e-05,1.948596834953382e-05,3.372144483884485e-05
2019-09-09,-0.008102633355840648,-0.002812939521800281,0.0,1.4091802013774155e-05,2.563064484622865e-05,3.457014470141545e-05
2019-09-10,-0.009530292716133426,-0.0042313117066290545,-0.0027548209366391185,1.66593672527941e-05,3.1212785144671756e-05,4.396186626174311e-05
2019-09-11,0.0006872852233676974,0.0113314447592068,0.011049723756906077,1.4372170580315705e-05,2.018638006926803e-05,2.9725180922737543e-05
2019-09-12,0.008241758241758242,0.0,0.0,1.0136857701727593e-05,1.711553597407815e-05,2.180364503639048e-05
2019-09-16,-0.015667574931880108,-0.0028011204481792717,0.0,1.6287892838599286e-05,3.1903714949092797e-05,2.2768792866459884e-05
2019-09-17,-0.014532871972318341,-0.011235955056179777,-0.01092896174863388,1.4952945872358982e-05,4.2871462582988126e-05,5.086525567479057e-05
2019-09-18,0.011938202247191013,0.0014204545454545455,-0.0055248618784530384,1.4175018780609255e-05,2.792736819198511e-05,3.461849299301576e-05
2019-09-19,0.029840388619014568,0.0,0.0027777777777777783,1.1797951773711975e-05,4.034769206298256e-05,3.524203646146112e-05
2019-09-20,0.03369272237196765,0.00425531914893617,0.0,9.212765033404705e-06,2.8468448642856483e-05,2.0710942916505082e-05
2019-09-23,0.0026075619295958283,-0.01271186440677966,-0.002770083102493075,8.80696997867043e-06,3.537961485081836e-05,3.869820878591069e-05
2019-09-24,-0.013003901170351105,-0.004291845493562232,0.0,1.357783183943762e-05,2.66871321936598e-05,3.351552304162169e-05
2019-09-25,0.03754940711462449,0.002873563218390805,-0.0027777777777777783,1.4279820020899647e-05,4.3472103467043594e-05,4.026894268258889e-05
2019-09-26,-0.0025396825396825397,0.01002865329512894,0.0055710306406685246,8.969338679145912e-06,2.9442625908914894e-05,2.9051347881568543e-05
2019-09-27,0.0120942075111394,0.0028368794326241137,-0.002770083102493075,1.1840610540444729e-05,3.3473964923428665e-05,3.2186896499271744e-05
2019-09-30,-0.01949685534591195,-0.011315417256011316,-0.005555555555555557,1.2743200794588032e-05,5.733638553104261e-05,3.0557773901418954e-05
2019-10-08,0.0391276459268762,0.012875536480686695,0.00558659217877095,1.808146233213677e-05,4.149212598852303e-05,2.9013482651346107e-05
2019-10-09,0.00308641975308642,0.00847457627118644,0.005555555555555557,1.4327711669073705e-05,3.804466534541357e-05,4.7922069251039425e-05
2019-10-10,-0.0006153846153846153,0.0,-0.0055248618784530384,1.2235680312375653e-05,2.5595357115385957e-05,2.9827135205827143e-05
2019-10-11,0.035098522167487683,0.00980392156862745,0.011111111111111113,1.9381583953333394e-05,2.4851659850105857e-05,3.2331507800829055e-05
2019-10-14,0.024390243902439025,0.01248266296809986,0.008241758241758242,1.7079270327041422e-05,3.6819375365783115e-05,2.5649175015081045e-05
2019-10-15,-0.0023228803716608595,0.00821917808219178,0.0027247956403269754,2.0632590688446054e-05,2.837139811141623e-05,2.005248070816423e-05
2019-10-16,-0.022700814901047733,-0.012228260869565216,0.002717391304347826,2.2159733188195004e-05,4.6576993219098244e-05,3.379076931988687e-05
2019-10-17,-0.005360333531864205,-0.001375515818431912,-0.002710027100271003,1.4216530821829059e-05,2.7900901359070214e-05,2.424935064822993e-05
2019-10-18,-0.011377245508982036,-0.0013774104683195593,-0.005434782608695652,1.8236297288579326e-05,5.935411920613743e-05,5.190470102929629e-05
2019-10-21,0.02301635372501514,0.015172413793103447,0.008196721311475409,2.034772152061807e-05,3.920636249114286e-05,4.0780964013307893e-05
2019-10-22,-0.02782711663706335,0.001358695652173913,0.0,1.7778483645696044e-05,3.80047186135743e-05,3.6449163973501365e-05
2019-10-23,0.0018270401948842871,0.00135685210312076,0.0054200542005420045,1.681519889201885e-05,2.5372046427467506e-05,2.6826990226722533e-05
2019-10-24,0.02553191489361702,0.006775067750677507,0.01078167115902965,1.7998582456122995e-05,3.009001442741595e-05,3.1228123900431324e-05
2019-10-25,0.0005927682276229994,0.001345895020188425,-0.005333333333333333,1.9516388851345418e-05,3.5952658831831644e-05,3.616742445871886e-05
2019-10-28,-0.013033175355450238,-0.01075268817204301,-0.0053619302949061655,1.876382549591941e-05,4.5868176674239395e-05,4.1448633225254824e-05
2019-10-29,0.015006002400960384,-0.008152173913043478,-0.005390835579514825,1.6714402107401585e-05,3.644400410938421e-05,3.5791100106301066e-05
2019-10-30,-0.028385570668243636,0.0027397260273972607,0.0,2.27766455483016e-05,3.708133837912718e-05,2.4060657411187584e-05
2019-10-31,-0.010346926354230068,-0.004098360655737704,0.002710027100271003,9.995128036505584e-06,4.576040131809262e-05,2.324306688223877e-05
2019-11-01,0.03690036900369003,0.0013717421124828533,0.0,2.1232717427651513e-05,3.1001871151825736e-05,3.098910187705968e-05
2019-11-04,0.0035587188612099642,0.0054794520547945215,0.0,1.8715011063904475e-05,2.176362445471028e-05,2.4795251476891214e-05
2019-11-05,0.01359338061465721,0.005449591280653951,0.005405405405405405,1.888830390040189e-05,4.002325996318776e-05,2.627553802187269e-05
2019-11-06,-0.01107871720116618,0.014905149051490513,0.005376344086021505,1.5141946131132932e-05,2.783569385592516e-05,2.7916201957250658e-05
2019-11-07,-0.0041273584905660386,0.0,-0.00267379679144385,1.5761410333154072e-05,3.003634250367618e-05,2.493652211254636e-05
2019-11-08,-0.014209591474245113,-0.01869158878504673,-0.013404825737265416,1.5889010794790954e-05,5.468581769535735e-05,3.828247638726177e-05
2019-11-11,-0.022222222222222227,-0.017687074829931974,-0.010869565217391304,1.7602743647914032e-05,3.071241347627363e-05,2.936421706155224e-05
2019-11-12,0.003071253071253071,0.002770083102493075,0.005494505494505494,1.53565770123698e-05,2.8838890395015955e-05,3.432144810094615e-05
2019-11-13,0.0,-0.006906077348066299,-0.00273224043715847,2.3035626195273195e-05,3.557002005107662e-05,2.9230653406569207e-05
2019-11-14,-0.0006123698714023271,-0.004172461752433936,-0.00821917808219178,1.8323988911136248e-05,2.583001340159785e-05,3.8957294726039316e-05
2019-11-15,0.0012254901960784314,-0.0013966480446927375,-0.0027624309392265192,2.0254917581083746e-05,2.198848833539033e-05,2.5643772762850158e-05
2019-11-18,0.006731946144430846,0.0027972027972027968,0.002770083102493075,2.1315570667265208e-05,2.2375817593594872e-05,3.9600590278704815e-05
2019-11-19,-0.0024316109422492407,0.0027894002789400282,0.0027624309392265192,1.1258553832817036e-05,2.2758690746370724e-05,2.823301183767922e-05
2019-11-20,-0.034125533211456435,-0.011126564673157162,-0.0027548209366391185,1.4478645923359652e-05,3.00613510267763e-05,1.295320251606592e-05
2019-11-21,0.0006309148264984228,0.002812939521800281,0.0027624309392265192,1.2505691443658975e-05,3.3079802730240704e-05,3.180575058221185e-05
2019-11-22,-0.017023959646910468,0.001402524544179523,-0.005509641873278237,1.9337412674664414e-05,2.5472502579865216e-05,2.5328310045967536e-05
2019-11-25,0.013470173187940988,0.00980392156862745,0.0110803324099723,1.5502848828798654e-05,4.542185587812805e-05,4.4383422395097827e-05
2019-11-26,-0.011392405063291138,0.0,0.0054794520547945215,2.0049884512528258e-05,2.542346834244976e-05,1.988114172272412e-05
2019-11-27,-0.009603072983354673,0.0013869625520110955,-0.0027247956403269754,2.1876365539742432e-05,3.6677330929445706e-05,3.137559601249702e-05
2019-11-28,0.001292824822236587,-0.0110803324099723,-0.00273224043715847,1.1030803543523696e-05,3.708698735493647e-05,2.848103535115312e-05
2019-11-29,-0.01291155584247902,-0.0056022408963585435,-0.0054794520547945215,2.404697219259849e-05,3.427669087099326e-05,2.828172254368825e-05
2019-12-02,0.0045781556572923494,0.002816901408450705,-0.0027548209366391185,1.535272197111007e-05,2.3951792757894386e-05,2.4668776411487587e-05
2019-12-03,0.005859375,0.004213483146067416,-0.0027624309392265192,2.32801472106015e-05,3.486841059422403e-05,1.916370082521104e-05
2019-12-04,-0.00906148867313916,-0.0013986013986013984,-0.002770083102493075,1.9518383455402334e-05,2.293564750530574e-05,1.2556430092030847e-05
2019-12-05,0.007838014369693011,0.0,0.005555555555555557,1.3636793032890095e-05,2.9343695866593236e-05,3.9294564778388e-05
2019-12-06,0.011017498379779651,0.0,0.0,1.6783606976050596e-05,2.873956161896835e-05,3.166302311344166e-05
2019-12-09,-0.01217948717948718,-0.0070028011204481795,0.0,1.864613411669325e-05,2.3522041220405483e-05,2.3476314146659783e-05
2019-12-10,-0.005191434133679429,-0.002820874471086037,-0.0027624309392265192,1.225912816149312e-05,1.992761405504624e-05,2.4528005885251826e-05
2019-12-11,0.021526418786692758,0.004243281471004243,0.0,1.8148713557511126e-05,3.070356244114156e-05,1.7561495839316993e-05
2019-12-12,-0.0038314176245210726,0.0014084507042253524,0.0,1.2005598616854954e-05,2.0036522556669254e-05,2.571597894118977e-05
2019-12-13,0.03333333333333333,0.012658227848101266,0.0110803324099723,1.9509538141568527e-05,1.89592387905504e-05,2.8510859305694085e-05
2019-12-16,0.0006203473945409428,-0.006944444444444445,0.0,1.3359277235279652e-05,1.705677989748822e-05,2.4323353122610543e-05
2019-12-17,0.022938623682579047,0.011188811188811187,0.00821917808219178,2.023987435306226e-05,2.2490025422539318e-05,3.7230908071452255e-05
2019-12-18,-0.002424242424242424,0.0013831258644536651,-0.002717391304347826,1.1475131758231988e-05,2.3685523324980272e-05,2.592573927250748e-05
2019-12-19,0.005467800729040097,0.0027624309392265192,0.005449591280653951,1.6147206095633747e-05,2.66885177344227e-05,3.70074393218994e-05
2019-12-20,0.002416918429003021,-0.0013774104683195593,0.002710027100271003,1.3571886373766198e-05,2.314585412650523e-05,2.1626027475243048e-05
2019-12-23,-0.02109704641350211,-0.008275862068965517,-0.008108108108108107,2.646451528110759e-05,3.185959655712922e-05,3.510862063299306e-05
2019-12-24,0.009852216748768476,0.0,0.0,2.1929904828137247e-05,2.8179716281341435e-05,4.352535279748853e-05
2019-12-25,-0.006097560975609757,-0.0027816411682892906,-0.0027247956403269754,2.8709475730264043e-05,2.3085056350146896e-05,3.7419666428935815e-05
2019-12-26,0.010429447852760737,0.008368200836820083,0.00546448087431694,1.7992701358879126e-05,2.8461172124347003e-05,3.698901923676412e-05
2019-12-27,0.009714632665452338,0.0027662517289073303,0.002717391304347826,1.7214312834310494e-05,2.014799306789194e-05,2.2658937979072172e-05
2019-12-30,-0.0036079374624173187,-0.002758620689655173,0.0054200542005420045,2.020332777840357e-05,1.4557017692823828e-05,2.815358737241692e-05
2019-12-31,-0.007242003621001809,0.0,-0.005390835579514825,1.682671118851096e-05,1.6675219988036138e-05,2.959873515524126e-05
