trade_date,yield_rate_000001.SZ,yield_rate_600015.SH,yield_rate_601398.SH,yield_rate_601939.SH,yield_rate_601988.SH,yield_rate_601998.SH
2018/1/2,0.030075188,0.012222222,-0.003225806,0.014322917,0.002518892,0.019354839
2018/1/3,-0.027007299,0.00219539,-0.003236246,-0.005134788,0.005025126,0.007911392
2018/1/4,-0.0060015,0.002190581,-0.01461039,-0.018064516,0,0.003139717
2018/1/5,0.003773585,0.001092896,0.001647446,0.009198423,-0.005,0.007824726
2018/1/8,-0.02556391,0.003275109,-0.001644737,-0.01171875,0.007537688,0.01552795
2018/1/9,0.009259259,0,0.003294893,-0.003952569,-0.012468828,-0.009174312
2018/1/10,0.029816514,0.017410229,0.011494253,0.029100529,0.017676768,0.018518519
2018/1/11,-0.005196733,-0.006417112,0.008116883,0.011568123,0.014888337,0.018181818
2018/1/12,0.01119403,0.007534984,0.006441224,0.002541296,0,0.019345238
2018/1/15,0.04797048,0.004273504,0.0288,0.022813688,0.02200489,0.017518248
2018/1/16,0,0.00212766,0.024883359,0.019826518,0.009569378,0.004304161
2018/1/17,0.002112676,0.010615711,0.019726859,0.019441069,0.004739336,-0.012857143
2018/1/18,0.034434294,0.013655462,0.061011905,0.070321812,0.028301887,0.041968162
2018/1/19,0.005434783,0.01865285,-0.001402525,0.012249443,0.009174312,0
2018/1/22,-0.024324324,-0.016276704,0.007022472,-0.00330033,0,-0.011111111
2018/1/23,0.014542936,0.033092037,0.044630404,0.082781457,0.063636364,0.036516854
2018/1/24,-0.000682594,0.008008008,-0.012016021,-0.014271152,0.002136752,0.002710027
2018/1/25,-0.030054645,-0.008937438,-0.006756757,-0.01344364,-0.012793177,-0.018918919
2018/1/26,-0.01056338,0.008016032,0.002721088,0.009433962,0.004319654,0.015151515
2018/1/29,-0.022064057,-0.011928429,0.008141113,-0.011422638,-0.010752688,-0.012211669
2018/1/30,-0.006550218,-0.019114688,-0.020188425,-0.014705882,-0.026086957,-0.017857143
2018/1/31,0.029304029,0.01025641,0.027472527,0.013859275,0.013392857,0.00979021
2018/2/1,-0.001423488,0.014213198,0.026737968,0.012618297,0.019823789,0.022160665
2018/2/2,0.001425517,-0.011011011,-0.010416667,-0.008307373,-0.010799136,0.005420054
2018/2/5,0.035587189,0.052631579,0.019736842,0.02513089,0.03930131,0.09703504
2018/2/6,-0.037800687,-0.026923077,-0.023225806,-0.039836568,0,-0.015970516
2018/2/7,-0.077142857,-0.011857708,-0.058124174,-0.059574468,-0.035714286,-0.032459426
2018/2/8,-0.029411765,-0.034,-0.043478261,-0.03959276,-0.037037037,-0.064516129
2018/2/9,-0.067783094,-0.045548654,-0.020527859,-0.015312132,-0.029411765,-0.048275862
2018/2/12,0.002566296,-0.005422993,-0.010479042,-0.008373206,-0.018648019,-0.027536232
2018/2/13,0.018771331,0.01308615,0.028744327,0.015681544,0.016627078,0.01490313
2018/2/14,0.005025126,0,0.011764706,0.007125891,0,-0.010279001
2018/2/22,0.038333333,0.016146394,0.01744186,0.035377358,0.021028037,0.054896142
2018/2/23,0.012038523,0.013771186,0.001428571,0.002277904,0.004576659,0.004219409
2018/2/26,0.001586043,-0.003134796,0.001426534,-0.005681818,0.002277904,0
2018/2/27,-0.027711797,-0.014675052,-0.032763533,-0.037714286,-0.018181818,-0.015406162
2018/2/28,-0.018729642,-0.010638298,-0.017673049,-0.013064133,-0.020833333,-0.027027027
2018/3/1,-0.000829876,0.001075269,0.002998501,-0.008423586,-0.002364066,-0.002923977
2018/3/2,-0.007475083,0.001074114,-0.001494768,-0.003640777,-0.011848341,-0.014662757
2018/3/5,-0.007531381,-0.002145923,-0.008982036,-0.009744214,-0.002398082,-0.005952381
2018/3/6,0.020236088,0.006451613,-0.010574018,-0.002460025,0.007211538,0.00748503
2018/3/7,-0.004132231,-0.003205128,0.01221374,0.018495684,0.007159905,0.002971768
2018/3/8,0.004979253,0.002143623,-0.012066365,-0.00968523,-0.004739336,-0.004444444
2018/3/9,-0.001651528,0,0,0.008557457,-0.004761905,0
2018/3/12,-0.004962779,0.001069519,-0.010687023,-0.012121212,-0.002392344,0
2018/3/13,-0.000831255,-0.004273504,0.00308642,0.003680982,0.004796163,0
2018/3/14,-0.008319468,-0.003218884,-0.009230769,-0.013447433,-0.00477327,-0.008928571
2018/3/15,-0.01761745,-0.003229279,0.00310559,-0.001239157,0,-0.001501502
2018/3/16,-0.005977797,-0.007559395,-0.015479876,-0.018610422,-0.009592326,-0.007518797
2018/3/19,0.016323024,0.001088139,0.006289308,0.01517067,0,0.007575758
2018/3/20,-0.000845309,0.002173913,0.0203125,0.00996264,0.00968523,0.012030075
2018/3/21,0.00676819,-0.004338395,-0.006125574,0,0,0.002971768
2018/3/22,-0.020168067,-0.005446623,-0.003081664,-0.008631319,0,-0.001481481
2018/3/23,-0.027444254,-0.026286966,-0.026275116,-0.034825871,-0.011990408,-0.002967359
2018/3/26,-0.036155203,-0.005624297,-0.044444444,-0.036082474,-0.031553398,-0.047619048
2018/3/27,0.000914913,0.001131222,-0.006644518,-0.004010695,-0.005012531,0.003125
2018/3/28,-0.004570384,-0.001129944,0,-0.002684564,-0.002518892,0
2018/3/29,0.014692378,0.013574661,0.018394649,0.03230148,0.007575758,0.010903427
2018/3/30,-0.013574661,-0.005580357,0,0.010430248,-0.015037594,-0.006163328
2018/4/2,-0.017431193,-0.004489338,-0.02134647,-0.030967742,-0.012722646,-0.007751938
2018/4/3,-0.014005602,-0.005636979,-0.013422819,-0.00665779,0,-0.0109375
2018/4/4,0.029356061,-0.001133787,-0.00170068,-0.010723861,-0.007731959,-0.001579779
2018/4/9,0.013799448,-0.002270148,-0.001703578,-0.002710027,0,-0.012658228
2018/4/10,0.036297641,0.017064846,0.044368601,0.061141304,0.020779221,0.030448718
2018/4/11,0.035901926,0.010067114,0.019607843,0.017925736,0.010178117,0.031104199
2018/4/12,-0.026204565,-0.012181617,-0.025641026,-0.030188679,-0.01511335,-0.022624434
2018/4/13,0.004340278,-0.004484305,-0.008223684,-0.006485084,-0.010230179,0
2018/4/16,-0.040622299,-0.016891892,-0.034825871,-0.04308094,-0.025839793,-0.032407407
2018/4/17,0.00990991,-0.004581901,-0.005154639,-0.006821282,-0.00265252,0.009569378
2018/4/18,0.025869759,0.006904488,0.015544041,0.009615385,0.005319149,0.012638231
2018/4/19,-0.002608696,0.005714286,0.006802721,0.008163265,0.002645503,-0.001560062
2018/4/20,-0.010462075,-0.014772727,0,-0.005398111,-0.002638522,-0.003125
2018/4/23,0.01938326,0.001153403,0.016891892,0.008141113,0,0
2018/4/24,0.025064823,0.017281106,0.009966777,0.017496635,0.015873016,0.015673981
2018/4/25,-0.015177066,-0.009060023,-0.014802632,-0.011904762,-0.010416667,-0.012345679
2018/4/26,-0.022260274,-0.008,-0.006677796,-0.008032129,-0.002631579,-0.003125
2018/4/27,-0.049912434,0.003456221,0.008403361,0.009446694,0.007915567,0.001567398
2018/5/2,0.002764977,-0.026406429,-0.003333333,-0.001336898,-0.002617801,0.025039124
2018/5/3,-0.011948529,-0.002358491,-0.005016722,-0.002677376,0.002624672,0
2018/5/4,-0.006511628,-0.005910165,-0.006722689,-0.014765101,-0.005235602,-0.003053435
2018/5/7,0.012172285,0.003567182,0.00676819,0.009536785,0.007894737,0.006125574
2018/5/8,0.018501388,0.004739336,0.005042017,0.020242915,0.010443864,0.01217656
2018/5/9,-0.003633061,-0.004716981,0.001672241,0.003968254,0.002583979,-0.003007519
2018/5/10,0.003646308,0.003554502,0.001669449,-0.001317523,0,-0.006033183
2018/5/11,0,0.003541913,0.011666667,0.021108179,0.005154639,0.007587253
2018/5/14,0.015440509,0.010588235,0,0.002583979,0,0.016566265
2018/5/15,-0.005366726,-0.003492433,0.003294893,0,-0.002564103,-0.007407407
2018/5/16,-0.019784173,-0.005841121,-0.014778325,-0.016752577,-0.010282776,-0.019402985
2018/5/17,-0.00733945,-0.001175088,-0.005,-0.005242464,0,0.00304414
2018/5/18,0.012939002,0.007058824,0.013400335,0.018445323,0.012987013,0.02276176
2018/5/21,-0.000912409,0.005841121,-0.003305785,-0.010349288,0.002564103,0
2018/5/22,-0.008219178,-0.006968641,-0.009950249,-0.020915033,-0.007672634,-0.005934718
2018/5/23,-0.019337017,-0.009356725,-0.020100503,-0.016021362,-0.010309278,-0.01641791
2018/5/24,-0.003755869,0,-0.013675214,-0.010854817,-0.0078125,0.003034901
2018/5/25,-0.001885014,-0.005903188,0.001733102,0,0.002624672,0.003025719
2018/5/28,0,0.001187648,-0.003460208,-0.002743484,0,-0.001508296
2018/5/29,-0.019830028,-0.008303677,-0.003472222,-0.008253095,0.002617801,-0.001510574
2018/5/30,-0.028901734,-0.017942584,-0.019163763,-0.022191401,-0.018276762,-0.030257186
2018/5/31,0.009920635,0.014616322,0.005328597,0.009929078,0.002659574,0
2018/6/1,0.000982318,0.00120048,-0.003533569,-0.005617978,-0.00265252,-0.010920437
2018/6/4,0.007850834,0.005995204,0.010638298,0.012711864,0.007978723,0.004731861
2018/6/5,-0.00097371,-0.00238379,0,0.0013947,0,-0.004709576
2018/6/6,-0.011695906,-0.005973716,-0.00877193,-0.006963788,-0.005277045,-0.001577287
2018/6/7,0.022682446,-0.003605769,0.007079646,0.007012623,0.00265252,0
2018/6/8,-0.024108004,-0.016887817,-0.019332162,-0.020891365,-0.010582011,-0.018957346
2018/6/11,-0.007905138,-0.014723926,0,-0.00284495,0,-0.004830918
2018/6/12,0.001992032,-0.00249066,0.003584229,0.009985735,0,0.001618123
2018/6/13,-0.010934394,-0.009987516,-0.003571429,-0.002824859,-0.002673797,0
2018/6/14,0.012060302,0.002522068,0.007168459,0.007082153,0,0.003231018
2018/6/15,0.009930487,0.003773585,0.014234875,0.016877637,0.00536193,0.009661836
2018/6/19,-0.029498525,-0.030075188,0.007017544,0,0.002666667,0.011164274
2018/6/20,0.004052685,0,-0.008710801,-0.01659751,-0.007978723,-0.014195584
2018/6/21,-0.005045409,-0.005167959,-0.001757469,-0.007032349,0.002680965,-0.0048
2018/6/22,-0.001014199,0.005194805,-0.001760563,0,0,0.003215434
2018/6/25,-0.039593909,-0.009043928,-0.02292769,-0.02266289,-0.010695187,-0.017628205
2018/6/26,-0.010570825,-0.018252934,-0.02166065,-0.024637681,-0.013513514,-0.001631321
2018/6/27,-0.028846154,-0.007968127,-0.020295203,-0.023774146,-0.008219178,0.001633987
2018/6/28,-0.01870187,0.005354752,-0.020715631,-0.02283105,-0.016574586,0
2018/6/29,0.019058296,0.012228261,0.023076923,0.020249221,0.014044944,0.013050571
2018/7/2,-0.052805281,-0.02147651,-0.045112782,-0.050381679,-0.038781163,-0.004830918
2018/7/3,0.006968641,0,0.011811024,0.01607717,0.011527378,-0.032094595
2018/7/4,-0.006920415,-0.006858711,0.003891051,0,0.005698006,-0.003490401
2018/7/5,-0.00116144,-0.008287293,0.013565891,0.014240506,0.014164306,0.014010508
2018/7/6,0.006976744,0.006963788,0.011472275,0.007800312,0.005586592,-0.008635579
2018/7/9,0.042725173,0.022130014,0.04536862,0.054179567,0.041666667,0.029616725
2018/7/10,-0.005537099,-0.00541272,-0.001808318,-0.005873715,-0.005333333,0.003384095
2018/7/11,-0.022271715,-0.023129252,-0.007246377,-0.005908419,-0.002680965,-0.016863406
2018/7/12,0.027777778,0.027855153,0.032846715,0.035661218,0.018817204,0.012006861
2018/7/13,0,-0.004065041,-0.011070111,0.00143472,-0.013850416,0.005084746
2018/7/16,-0.016891892,-0.010884354,-0.024253731,-0.025787966,-0.016853933,-0.001686341
2018/7/17,-0.001145475,-0.002751032,0,-0.021505376,-0.005714286,-0.006756757
2018/7/18,-0.002293578,0.002758621,0,0.004709576,-0.005747126,-0.005102041
2018/7/19,0.003448276,-0.006877579,-0.011472275,-0.0078125,-0.002890173,0
2018/7/20,0.043528064,0.033240997,0.058027079,0.067716535,0.028985507,0.037606838
2018/7/23,0.03402854,0.018766756,0.023765996,0.022123894,0.011267606,0.009884679
2018/7/24,-0.002123142,0.005263158,0.001785714,0,0.002785515,0.003262643
2018/7/25,-0.00212766,-0.001308901,0.001782531,-0.001443001,-0.002777778,-0.001626016
2018/7/26,-0.013859275,-0.007863696,-0.012455516,-0.001445087,-0.005571031,-0.006514658
2018/7/27,0,-0.002642008,-0.001801802,-0.008683068,-0.00280112,0.004918033
2018/7/30,0.015135135,0.005298013,0.009025271,0.01459854,0.011235955,0.008156607
2018/7/31,0.003194888,0.002635046,0.010733453,0.008633094,0.005555556,0.014563107
2018/8/1,-0.02866242,-0.015768725,-0.017699115,-0.018544936,-0.016574586,-0.060606061
2018/8/2,-0.02295082,-0.020026702,-0.01981982,-0.020348837,-0.019662921,-0.003395586
2018/8/3,-0.003355705,0,0.007352941,0.013353116,0,-0.003407155
2018/8/6,0.003367003,0.001362398,0.005474453,0.008784773,0.005730659,0
2018/8/7,0.025727069,0.019047619,0.016333938,0.013062409,0.014245014,0.017094017
2018/8/8,-0.01308615,-0.009345794,-0.016071429,-0.018624642,-0.008426966,-0.008403361
2018/8/9,0.026519337,0.016172507,0.010889292,0.011678832,0.008498584,0.011864407
2018/8/10,-0.006458558,0,-0.012567325,-0.011544012,-0.005617978,-0.003350084
2018/8/13,-0.019501625,-0.01193634,-0.018181818,-0.026277372,-0.011299435,-0.01512605
2018/8/14,-0.005524862,-0.001342282,-0.003703704,0.00149925,0.002857143,-0.001706485
2018/8/15,-0.023333333,-0.016129032,-0.016728625,-0.016467066,-0.017094017,-0.017094017
2018/8/16,-0.001137656,-0.004098361,-0.003780718,0.00456621,0.005797101,0
2018/8/17,0.003416856,-0.004115226,-0.001897533,-0.012121212,-0.005763689,-0.005217391
2018/8/20,0.021566402,0.017906336,0.019011407,0.021472393,0.014492754,0.01048951
2018/8/21,0.025555556,0.00135318,0.007462687,0.009009009,0.005714286,0.008650519
2018/8/22,0.006500542,-0.008108108,-0.001851852,-0.00297619,-0.005681818,-0.005145798
2018/8/23,0.007534984,0.004087193,0.001855288,-0.001492537,0,-0.003448276
2018/8/24,0.071581197,0.036635007,0.016666667,0.016442451,0.008571429,0.020761246
2018/8/27,0.039880359,0.009162304,0.007285974,0.016176471,0.005665722,0.022033898
2018/8/28,-0.013422819,-0.006485084,-0.003616637,0.005788712,0.002816901,-0.001658375
2018/8/29,-0.001943635,-0.002610966,-0.003629764,-0.007194245,0,0.00166113
2018/8/30,-0.014605648,-0.018324607,-0.016393443,-0.010144928,-0.008426966,-0.011608624
2018/8/31,0.000988142,0.033333333,0.007407407,0.007320644,0.005665722,0.001677852
2018/9/3,0.005923001,-0.009032258,-0.001838235,0,0,0.001675042
2018/9/4,0.023552502,0.010416667,0.001841621,0.007267442,0.008450704,0.010033445
2018/9/5,-0.036433365,-0.021907216,-0.016544118,-0.031746032,-0.01396648,-0.028145695
2018/9/6,-0.007960199,-0.007905138,-0.003738318,-0.005961252,-0.008498584,0
2018/9/7,0.004012036,0.001328021,0.003752345,-0.00149925,0.002857143,-0.00681431
2018/9/10,-0.012987013,-0.00530504,-0.001869159,-0.006006006,0.002849003,-0.013722127
2018/9/11,0.003036437,-0.006666667,0,-0.006042296,-0.002840909,-0.005217391
2018/9/12,-0.003027245,0.002684564,-0.009363296,-0.006079027,-0.005698006,0
2018/9/13,0.008097166,0.010709505,0.015122873,0.01529052,0.014326648,0.005244755
2018/9/14,-0.012048193,-0.002649007,0,0.001506024,0,-0.006956522
2018/9/17,-0.015243902,-0.01062417,-0.009310987,-0.006015038,-0.005649718,-0.010507881
2018/9/18,0.040247678,0.030872483,0.013157895,0.012102874,0.008522727,0.017699115
2018/9/19,0.015873016,0.009114583,0.009276438,0.013452915,0.002816901,0.006956522
2018/9/20,-0.000976563,0.001290323,0.009191176,0.010324484,0.002808989,0.006908463
2018/9/21,0.043010753,0.034793814,0.047358834,0.052554745,0.030812325,0.036020583
2018/9/25,-0.011246485,-0.00996264,-0.013913043,-0.015256588,-0.008152174,-0.009933775
2018/9/26,0.015165877,0.020125786,0.005291005,0.004225352,0.008219178,0.010033445
2018/9/27,0.00280112,0,-0.001754386,0,0,-0.003311258
2018/9/28,0.02886406,0.007398274,0.014059754,0.01542777,0.010869565,0.006644518
2018/10/8,-0.054298643,-0.045287638,-0.036395147,-0.04281768,-0.02688172,-0.02640264
2018/10/9,0.010526316,0.005128205,-0.005395683,-0.004329004,-0.008287293,-0.011864407
2018/10/10,-0.010416667,0.00127551,0.003616637,0.005797101,0.002785515,0.005145798
2018/10/11,-0.05645933,-0.038216561,-0.027027027,-0.037463977,-0.027777778,-0.020477816
2018/10/12,0.044624746,0.01986755,0.024074074,0.03742515,0.014285714,0.00174216
2018/10/15,-0.018446602,-0.014285714,-0.018083183,-0.017316017,-0.014084507,-0.029565217
2018/10/16,0.025717112,0.006587615,0.003683241,0.007342144,0.002857143,-0.001792115
2018/10/17,-0.003857281,0.006544503,-0.003669725,-0.004373178,0.008547009,0.021543986
2018/10/18,-0.023233301,-0.020806242,-0.014732965,-0.014641288,-0.005649718,-0.019332162
2018/10/19,0.066402379,0.034528552,0.024299065,0.037147103,0.025568182,0.028673835
2018/10/22,0.036245353,0.028241335,0.027372263,0.03008596,0.024930748,0.026132404
2018/10/23,-0.027802691,-0.02372035,-0.028419183,-0.031988873,-0.021621622,-0.022071307
2018/10/24,0.018450185,0.023017903,0.027422303,0.027298851,0.016574586,0.022569444
2018/10/25,0.022644928,0.0075,0.005338078,0.012587413,0.008152174,0.013582343
2018/10/26,-0.009743136,-0.00248139,0.007079646,0.005524862,0,-0.008375209
2018/10/29,-0.038461538,-0.012437811,-0.019332162,-0.027472527,-0.002695418,-0.015202703
2018/10/30,0.013953488,0.013853904,0.008960573,0.007062147,0.010810811,0.013722127
2018/10/31,0.000917431,-0.00621118,0,0.002805049,-0.005347594,0.001692047
2018/11/1,-0.007332722,-0.00875,-0.010657194,-0.008391608,-0.01344086,-0.011824324
2018/11/2,0.024007387,0.020176545,0.012567325,0.011283498,0.010899183,0.015384615
2018/11/5,-0.015329125,-0.014833127,-0.014184397,-0.016736402,-0.008086253,-0.008417508
2018/11/6,-0.007326007,-0.006273526,-0.005395683,-0.007092199,-0.005434783,-0.003395586
2018/11/7,-0.002767528,-0.005050505,-0.001808318,-0.004285714,0,-0.005110733
2018/11/8,0.007400555,0.001269036,0.001811594,0,0.00273224,0.005136986
2018/11/9,-0.031221304,-0.01774398,-0.032549729,-0.035868006,-0.021798365,-0.030664395
2018/11/12,0.000947867,0.014193548,0.001869159,0,0.005571031,0.005272408
2018/11/13,-0.001893939,0.008905852,0.003731343,0,0.002770083,0.001748252
2018/11/14,-0.009487666,-0.01261034,-0.013011152,-0.014880952,-0.011049724,-0.008726003
2018/11/15,0.017241379,0.010217114,0.007532957,0.00755287,0.005586592,0.01056338
2018/11/16,-0.004708098,0.001264223,-0.001869159,-0.00149925,0,0.003484321
2018/11/19,0.026490066,0.011363636,0.013108614,0.015015015,0.011111111,0.006944444
2018/11/20,-0.025806452,-0.018726592,-0.011090573,-0.00591716,-0.010989011,-0.015517241
2018/11/21,0.003784295,0.002544529,0.001869159,0,0.002777778,0.001751313
2018/11/22,-0.005655042,0,0,-0.004464286,0,-0.003496503
2018/11/23,-0.021800948,-0.017766497,-0.005597015,-0.005979073,-0.005540166,-0.010526316
2018/11/26,0.001937984,0.002583979,0.003752345,0.006015038,0.002785515,0.00177305
2018/11/27,-0.015473888,-0.003865979,-0.003738318,-0.004484305,-0.005555556,-0.001769912
2018/11/28,0.009823183,0.006468305,0.003752345,0.004504505,0.005586592,0.003546099
2018/11/29,-0.007782101,-0.005141388,-0.003738318,-0.00896861,-0.002777778,-0.005300353
2018/11/30,0.015686275,0.006459948,0,0.003016591,0.005571031,0.007104796
2018/12/3,0.022200772,0.010269576,0.015009381,0.018045113,0.011080332,0.010582011
2018/12/4,0,0,0.001848429,0,0.002739726,0
2018/12/5,-0.013220019,-0.007623888,-0.003690037,-0.005908419,-0.005464481,-0.006980803
2018/12/6,-0.019138756,-0.012804097,-0.009259259,-0.013372957,-0.008241758,-0.012302285
2018/12/7,0.002926829,0.001297017,0,-0.001506024,-0.002770083,0.001779359
2018/12/10,-0.010700389,-0.009067358,-0.003738318,-0.010558069,-0.008333333,-0.014209591
2018/12/11,0.005899705,0.00130719,0,0.004573171,0,0.001801802
2018/12/12,0.000977517,0.001305483,0.001876173,0.007587253,0.005602241,0.001798561
2018/12/13,0.014648438,0.006518905,0.009363296,0.013554217,0.002785515,0.003590664
2018/12/14,-0.021174206,-0.018134715,-0.00742115,-0.017830609,-0.005555556,-0.007155635
2018/12/17,0.01179941,-0.003957784,0.003738318,0.007564297,0.008379888,0.003603604
2018/12/18,-0.016520894,-0.001324503,-0.003724395,-0.007507508,-0.005540166,-0.008976661
2018/12/19,-0.017786561,-0.0066313,-0.003738318,-0.010590015,-0.002785515,-0.003623188
2018/12/20,-0.023138833,-0.008010681,-0.018761726,-0.021406728,-0.005586592,-0.010909091
2018/12/21,-0.026776519,-0.00807537,-0.007648184,-0.015625,0.002808989,-0.005514706
2018/12/24,-0.003174603,0,0.005780347,0,0.005602241,0.012939002
2018/12/25,-0.008492569,-0.009497965,0.001915709,-0.003174603,0.005571031,-0.016423358
2018/12/26,-0.004282655,-0.002739726,0.007648184,0.001592357,0.005540166,0
2018/12/27,-0.002150538,0.001373626,0.001897533,0,0,-0.003710575
2018/12/28,0.010775862,0.013717421,0.001893939,0.012718601,-0.005509642,0.014897579
2019/1/2,-0.020255864,-0.01082544,-0.017013233,-0.018838305,-0.019390582,-0.022018349
2019/1/3,0.009793254,0.005471956,0,0.0016,0.002824859,0.001876173
2019/1/4,0.050646552,0.019047619,0.013461538,0.015974441,0.008450704,0.018726592
2019/1/7,-0.001025641,-0.005340454,-0.0056926,-0.003144654,-0.002793296,-0.003676471
2019/1/8,-0.008213552,-0.005369128,-0.007633588,0,-0.008403361,0.001845018
2019/1/9,0.028985507,0.005398111,0.011538462,0.011041009,0.002824859,0.009208103
2019/1/10,0.016096579,-0.004026846,-0.007604563,-0.010920437,-0.008450704,-0.010948905
2019/1/11,0.00990099,0.005390836,0.003831418,0.003154574,0.002840909,0.001845018
2019/1/14,-0.008823529,-0.012064343,-0.007633588,-0.009433962,-0.008498584,0.003683241
2019/1/15,0.012858556,0.010854817,0.005769231,0.012698413,0.005714286,0.003669725
2019/1/16,0.0234375,-0.002684564,0.001912046,0.004702194,0,-0.003656307
2019/1/17,-0.021946565,-0.004037685,0.001908397,0.00624025,0.002840909,0.001834862
2019/1/18,0.017560976,0.013513514,0.026666667,0.029457364,0.008498584,0.016483516
2019/1/21,-0.008628955,-0.002666667,0.011131725,0.004518072,0.002808989,-0.005405405
2019/1/22,-0.005802708,-0.00802139,-0.011009174,-0.010494753,-0.00280112,-0.010869565
2019/1/23,0.006809339,0.001347709,0.009276438,0.007575758,0.002808989,0.001831502
2019/1/24,0.016425121,0.00269179,0.003676471,0.004511278,0.005602241,0
2019/1/25,0.045627376,0.009395973,0.010989011,0.019461078,0.008356546,0.014625229
2019/1/28,-0.005454545,-0.002659574,-0.003623188,-0.005873715,-0.002762431,0.010810811
2019/1/29,0.005484461,0.005333333,0.007272727,0.011816839,0.008310249,0.005347594
2019/1/30,-0.004545455,-0.00397878,0.001805054,0.001459854,-0.002747253,-0.003546099
2019/1/31,0.01369863,0.007989348,0.01981982,0.030612245,0.013774105,0.017793594
2019/2/1,0.009009009,0.001321004,-0.001766784,-0.001414427,0,-0.003496503
2019/2/11,0.000892857,0.009234828,-0.001769912,0,-0.002717391,0
2019/2/12,-0.001784121,0.003921569,0.00177305,-0.001416431,0.002724796,-0.001754386
2019/2/13,0.016979446,0.01953125,0.010619469,0.008510638,0.010869565,0.012302285
2019/2/14,-0.01142355,-0.005108557,-0.010507881,-0.011251758,-0.005376344,-0.006944444
2019/2/15,-0.026666667,-0.016688062,-0.024778761,-0.027027027,-0.013513514,-0.017482517
2019/2/18,0.037442922,0.019582245,0.016333938,0.019005848,0.01369863,0.017793594
2019/2/19,-0.007922535,-0.00128041,-0.005357143,0,-0.005405405,0.008741259
2019/2/20,0.01242236,-0.003846154,0,0,0,-0.001733102
2019/2/21,-0.004382121,-0.007722008,-0.001795332,-0.004304161,-0.002717391,-0.001736111
2019/2/22,0.01584507,0.015564202,-0.001798561,0.001440922,0.005449591,0.027826087
2019/2/25,0.087521664,0.067688378,0.063063063,0.061870504,0.051490515,0.094754653
2019/2/26,-0.027888446,-0.016746411,-0.022033898,-0.025745257,-0.010309278,-0.026275116
2019/2/27,0.016393443,0.01703163,0.006932409,0.008344924,0.010416667,0.023809524
2019/2/28,-0.003225806,-0.004784689,-0.010327022,-0.009655172,-0.010309278,0.015503876
2019/3/1,0.03236246,0.03125,0.017391304,0.022284123,0.015625,0.061068702
2019/3/4,0.018025078,-0.003496503,0.001709402,0.002724796,0.005128205,-0.005755396
2019/3/5,0.005388761,-0.003508772,-0.006825939,-0.008152174,-0.005102041,-0.008683068
2019/3/6,0.001531394,0.008215962,0.005154639,0.004109589,0.007692308,-0.008759124
2019/3/7,-0.025993884,-0.004656577,-0.015384615,-0.017735334,-0.010178117,-0.013254786
2019/3/8,-0.034536892,-0.047953216,-0.029513889,-0.040277778,-0.035989717,-0.055223881
2019/3/11,0.001626016,0.018427518,0.003577818,0.008683068,0.010666667,0.001579779
2019/3/12,0.003246753,0.003618818,0.001782531,0.005738881,0.01055409,0.004731861
2019/3/13,0.000809061,-0.003605769,-0.007117438,-0.008559201,-0.007832898,-0.006279435
2019/3/14,0.004850445,-0.00482509,-0.001792115,0,-0.002631579,0.001579779
2019/3/15,0.005631537,-0.001212121,0.001795332,0.011510791,0,0.003154574
2019/3/18,0.0328,0.016990291,0.012544803,0.017069701,0.013192612,0.017295597
2019/3/19,-0.00929512,-0.003579952,0,-0.001398601,-0.0078125,-0.010819165
2019/3/20,-0.003127443,0.003592814,-0.007079646,0,-0.005249344,-0.003125
2019/3/21,-0.004705882,-0.003579952,-0.003565062,-0.009803922,0,-0.007836991
2019/3/22,-0.007880221,-0.004790419,-0.001788909,-0.005657709,0.002638522,-0.004739336
2019/3/25,-0.038125496,-0.015643803,-0.019713262,-0.027027027,-0.018421053,-0.023809524
2019/3/26,-0.000825764,-0.009779951,-0.003656307,-0.004385965,-0.002680965,-0.008130081
2019/3/27,0.023140496,0.00617284,0.011009174,0.013215859,0.002688172,0.008196721
2019/3/28,-0.012924071,-0.007361963,-0.010889292,-0.011594203,-0.00536193,-0.009756098
2019/3/29,0.049099836,0.019777503,0.022018349,0.019061584,0.016172507,0.032840722
2019/4/1,0.028081123,0.024242424,0.012567325,0.027338129,0.015915119,0.017488076
2019/4/2,0.013657056,-0.007100592,0.003546099,0.00280112,0,-0.00625
2019/4/3,0.005988024,0.007151371,0.007067138,0.009776536,0.002610966,0.004716981
2019/4/4,0.03125,0.013017751,0.019298246,0.029045643,0.013020833,0.017214397
2019/4/8,0.007215007,0.004672897,0.00172117,-0.008064516,0.002570694,0.009230769
2019/4/9,-0.010744986,-0.009302326,-0.006872852,-0.006775068,-0.007692308,-0.010670732
2019/4/10,-0.005792904,-0.002347418,-0.005190311,-0.002728513,-0.002583979,-0.009244992
2019/4/11,-0.01383831,-0.008235294,-0.003478261,-0.010943912,0,-0.00933126
2019/4/12,-0.008862629,0.00118624,0,-0.001383126,0.002590674,-0.007849294
2019/4/15,0.020119225,0.001184834,0.013961606,0.020775623,0.005167959,0.006329114
2019/4/16,0.065010957,0.031952663,0.032702238,0.048846676,0.028277635,0.045597484
2019/4/17,-0.015775034,-0.002293578,0.001666667,0.003880983,0.0075,-0.003007519
2019/4/18,-0.000696864,0.005747126,-0.011647255,-0.021907216,-0.007444169,-0.013574661
2019/4/19,0.027196653,-0.008,0.006734007,0.003952569,0.0075,0
2019/4/22,-0.039375424,-0.020737327,-0.025083612,-0.032808399,-0.024813896,-0.019877676
2019/4/23,-0.00565371,-0.003529412,-0.003430532,0.002713704,0.005089059,-0.009360374
2019/4/24,0.026297086,0.003541913,0,0.00270636,-0.010126582,0
2019/4/25,-0.021468144,-0.017647059,-0.013769363,-0.010796221,-0.00511509,-0.012598425
2019/4/26,-0.024062279,-0.015568862,-0.003490401,-0.009549795,-0.007712082,0.001594896
2019/4/29,0.022480058,0.003649635,0.015761821,0.020661157,0.007772021,0.00955414
2019/4/30,-0.017730496,-0.027878788,0.001724138,0.004048583,0,-0.007886435
2019/5/6,-0.070758123,-0.039900249,-0.015490534,-0.038978495,-0.028277635,-0.030206677
2019/5/7,0.006216006,-0.014285714,-0.01048951,-0.005594406,0,-0.003278689
2019/5/8,-0.027027027,-0.007905138,-0.012367491,-0.014064698,-0.015873016,-0.019736842
2019/5/9,-0.034920635,-0.001328021,-0.012522361,-0.015691869,-0.008064516,-0.013422819
2019/5/10,0.042763158,0.011968085,0.016304348,0.014492754,0.016260163,0.013605442
2019/5/13,-0.029968454,-0.014454665,-0.012477718,-0.005714286,-0.010666667,-0.015100671
2019/5/14,0.015447154,-0.004,-0.003610108,-0.005747126,-0.008086253,-0.00681431
2019/5/15,0.034427542,0.013386881,0.009057971,0.014450867,0.019021739,0.010291595
2019/5/16,-0.005417957,0.002642008,0.003590664,-0.002849003,0.008,0.001697793
2019/5/17,-0.031906615,-0.014492754,-0.003577818,-0.011428571,-0.013227513,-0.016949153
2019/5/20,-0.004823151,0.001336898,0.007181329,0.005780347,0.024128686,0.001724138
2019/5/21,0.01453958,0.009345794,0.005347594,0.005747126,-0.005235602,0.008605852
2019/5/22,-0.012738854,-0.003968254,0.00177305,-0.002857143,0.002631579,-0.001706485
2019/5/23,-0.008870968,-0.006640106,0,-0.00286533,-0.005249344,-0.01025641
2019/5/24,0.004882018,0,0.008849558,0.007183908,0,0.005181347
2019/5/27,0.001619433,0.006684492,-0.00877193,-0.002853067,0.005277045,0.008591065
2019/5/28,0.009700889,0.003984064,0.003539823,0.00286123,0.007874016,-0.00681431
2019/5/29,-0.007205765,-0.007936508,-0.003527337,-0.007132668,0,-0.005145798
2019/5/30,-0.014516129,0.001333333,0.003539823,0.004310345,0.013020833,-0.001724138
2019/5/31,-0.003273322,-0.001331558,-0.010582011,-0.001430615,-0.002570694,-0.001727116
2019/6/3,-0.022988506,0.004,0.016042781,0.004297994,0,0.008650519
2019/6/4,-0.004201681,0,0.005263158,0.009985735,0,-0.001715266
2019/6/5,0.010126582,0.001328021,0.005235602,0.011299435,0.005405405,0.005154639
2019/6/6,-0.004177109,-0.00397878,-0.005208333,0,0,0
2019/6/10,0.035234899,0.007989348,0.008726003,0.016759777,0.005376344,0.011965812
2019/6/11,0.025121556,0.011889036,0.001730104,0.002747253,0.005347594,0.010135135
2019/6/12,-0.006324111,-0.003916449,-0.005181347,-0.006849315,-0.007978723,-0.008361204
2019/6/13,0.00159109,-0.001310616,-0.005208333,-0.004137931,0,-0.003372681
2019/6/14,-0.007942812,-0.003937008,0.001745201,0,0,-0.00676819
2019/6/17,0.014411529,0.002635046,0,0.005540166,0.002680965,0.005110733
2019/6/18,0.010260458,0.00131406,0,0.012396694,0.005347594,0.001694915
2019/6/19,0.02109375,0.005249344,0.006968641,0.014965986,0.005319149,0.00676819
2019/6/20,0.055853099,0.016971279,0.010380623,0.010723861,0.007936508,0.016806723
2019/6/21,-0.011594203,-0.001283697,0.001712329,-0.017241379,-0.010498688,0.00661157
2019/6/24,0.003665689,0.001285347,0.005128205,0.004048583,0.00265252,-0.004926108
2019/6/25,-0.018991965,-0.011553273,-0.008503401,-0.01344086,-0.007936508,-0.014851485
2019/6/26,0.006019564,0,0.003430532,0.005449591,-0.002666667,0.001675042
2019/6/27,0.025430067,0,0.01025641,0.004065041,0.002673797,0.005016722
2019/6/28,0.005105762,0,-0.003384095,0.004048583,-0.002666667,-0.006655574
2019/7/1,0.010885341,0.009090909,0.005093379,0.002688172,0.005347594,0.016750419
2019/7/2,0.017946877,0.001287001,0.001689189,0.002680965,0.002659574,-0.003294893
2019/7/3,-0.011988717,0.003856041,-0.001760563,0.004010695,0,0.001652893
2019/7/4,-0.001427552,0,0.001763668,-0.001331558,0,0.00330033
2019/7/5,-0.005003574,-0.00128041,-0.001760563,0.005333333,-0.00530504,-0.004934211
2019/7/8,-0.023706897,-0.014102564,-0.014109347,-0.01061008,-0.010666667,-0.019834711
2019/7/9,0,-0.00130039,-0.001788909,-0.008042895,0,-0.001686341
2019/7/10,-0.002207506,-0.005208333,-0.005376344,-0.014104372,-0.002695418,-0.008445946
2019/7/11,-0.001474926,0.001338688,0.003603604,0.007153076,0.002702703,-0.001703578
2019/7/12,0.042836041,0.005347594,0.008976661,0.018465909,0.002695418,0.011945392
2019/7/15,-0.008498584,0,-0.003558719,0.0013947,-0.005376344,0
2019/7/16,-0.017857143,0.001329787,0.001785714,0,-0.002702703,0.003372681
2019/7/17,-0.004363636,-0.005312085,-0.008912656,-0.006963788,-0.005420054,0
2019/7/18,-0.00146092,-0.005340454,0.001798561,0.014025245,-0.005449591,-0.005042017
2019/7/19,0.023408925,0.006711409,0.005385996,0.002766252,0.005479452,0.005067568
2019/7/22,-0.010007148,-0.004,0.007142857,-0.004137931,0,-0.008741259
2019/7/23,-0.006498195,0.001338688,0.003546099,0.009695291,0.005449591,0.005291005
2019/7/24,0.00872093,0.005347594,0.005300353,0.010973937,0,0.012280702
2019/7/25,0.023054755,0.006648936,0,0.005427408,0.002710027,0.013864818
2019/7/26,0.002112676,0,0,-0.006747638,0,0
2019/7/29,0.004216444,-0.001321004,-0.007029877,0.001358696,0,0.003418803
2019/7/30,0.005598321,0.007936508,0.001769912,0.004070556,0.005405405,0.015332198
2019/7/31,-0.016701461,-0.007874016,-0.003533569,-0.004054054,-0.002688172,-0.003355705
2019/8/1,-0.002123142,-0.003968254,-0.005319149,-0.005427408,-0.008086253,-0.005050505
2019/8/2,-0.025531915,-0.007968127,-0.008912656,-0.016371078,-0.010869565,-0.015228426
2019/8/5,-0.028384279,-0.018741633,-0.014388489,-0.015256588,-0.016483516,-0.02233677
2019/8/6,0.001498127,-0.013642565,-0.012773723,-0.009859155,-0.01396648,-0.017574692
2019/8/7,0.012715034,-0.002766252,-0.003696858,0,-0.002832861,0.007155635
2019/8/8,0.062038405,0.004160888,0.00742115,0.015647226,0.005681818,0.003552398
2019/8/9,0.009735744,0.002762431,0.005524862,0,0.005649718,-0.007079646
2019/8/12,0.041322314,0.013774105,0.009157509,0.007002801,0.005617978,0.003565062
2019/8/13,-0.01521164,-0.00951087,0,-0.012517385,0,-0.012433393
2019/8/14,0.005372733,0,0.003629764,-0.002816901,-0.002793296,0
2019/8/15,-0.002004008,-0.004115226,0.005424955,0.002824859,0.00280112,-0.005395683
2019/8/16,-0.002677376,-0.002754821,-0.010791367,-0.001408451,-0.002793296,-0.001808318
2019/8/19,0.001342282,0.013812155,-0.005454545,-0.002820874,0.00280112,0.012681159
2019/8/20,0.004691689,-0.001362398,-0.009140768,-0.011315417,-0.005586592,-0.008944544
2019/8/21,-0.036024016,-0.004092769,0.001845018,0.001430615,-0.002808989,0.005415162
2019/8/22,-0.009688581,0.002739726,-0.007366483,-0.007142857,-0.002816901,-0.003590664
2019/8/23,0.023759609,0.00136612,0.005565863,0.008633094,0,0.003603604
2019/8/26,-0.027303754,-0.008185539,-0.007380074,-0.011412268,-0.005649718,-0.008976661
2019/8/27,0.004210526,-0.002751032,0.007434944,0.002886003,0.014204545,0.005434783
2019/8/28,-0.002795248,0.005517241,-0.003690037,0,-0.008403361,0.003603604
2019/8/29,-0.009810792,-0.004115226,0.003703704,-0.001438849,-0.002824859,0.003590664
2019/8/30,0.002123142,-0.002754821,-0.005535055,-0.005763689,0,0
2019/9/2,0.020480226,0.009668508,0,-0.002898551,0.002832861,0.008944544
2019/9/3,-0.010380623,0,0.001855288,0,0.002824859,0.007092199
2019/9/4,0.00979021,0.013679891,0.012962963,0.01744186,0.014084507,0.014084507
2019/9/5,0.009695291,0.008097166,0.005484461,0.012857143,0.005555556,-0.003472222
2019/9/6,0.015775034,0.004016064,0.003636364,0.002820874,0.002762431,0.005226481
2019/9/9,-0.008102633,0.002666667,-0.001811594,-0.00281294,0,0.005199307
2019/9/10,-0.009530293,-0.002659574,-0.001814882,-0.004231312,-0.002754821,-0.003448276
2019/9/11,0.000687285,0.006666667,0.009090909,0.011331445,0.011049724,0.006920415
2019/9/12,0.008241758,0.002649007,0.003603604,0,0,0.003436426
2019/9/16,-0.015667575,-0.003963012,0,-0.00280112,0,-0.006849315
2019/9/17,-0.014532872,-0.013262599,-0.010771993,-0.011235955,-0.010928962,-0.013793103
2019/9/18,0.011938202,-0.001344086,-0.001814882,0.001420455,-0.005524862,-0.001748252
2019/9/19,0.029840389,0.00538358,0,0,0.002777778,0.001751313
2019/9/20,0.033692722,0.005354752,0.005454545,0.004255319,0,-0.003496503
2019/9/23,0.002607562,-0.007989348,-0.009041591,-0.012711864,-0.002770083,-0.007017544
2019/9/24,-0.013003901,0.001342282,0.003649635,-0.004291845,0,0.003533569
2019/9/25,0.037549407,-0.004021448,-0.001818182,0.002873563,-0.002777778,0.003521127
2019/9/26,-0.002539683,0.01076716,0.010928962,0.010028653,0.005571031,0.012280702
2019/9/27,0.012094208,-0.003994674,-0.001801802,0.002836879,-0.002770083,-0.008665511
2019/9/30,-0.019496855,-0.013368984,-0.001805054,-0.011315417,-0.005555556,-0.013986014
2019/10/8,0.039127646,0.008130081,0.005424955,0.012875536,0.005586592,0.017730496
2019/10/9,0.00308642,0.010752688,0.003597122,0.008474576,0.005555556,0.017421603
2019/10/10,-0.000615385,0.001329787,-0.001792115,0,-0.005524862,0.01369863
2019/10/11,0.035098522,0.01062417,0.012567325,0.009803922,0.011111111,0.013513514
2019/10/14,0.024390244,0.021024967,0.014184397,0.012482663,0.008241758,0.021666667
2019/10/15,-0.00232288,0,0,0.008219178,0.002724796,-0.004893964
2019/10/16,-0.022700815,-0.009009009,0,-0.012228261,0.002717391,-0.004918033
2019/10/17,-0.005360334,-0.005194805,-0.001748252,-0.001375516,-0.002710027,-0.008237232
2019/10/18,-0.011377246,-0.01305483,-0.007005254,-0.00137741,-0.005434783,0
2019/10/21,0.023016354,0.014550265,0.021164021,0.015172414,0.008196721,0.043189369
2019/10/22,-0.027827117,-0.001303781,0.003454231,0.001358696,0,0
2019/10/23,0.00182704,-0.001305483,0.010327022,0.001356852,0.005420054,-0.007961783
2019/10/24,0.025531915,0.006535948,0.008517888,0.006775068,0.010781671,0.003210273
2019/10/25,0.000592768,-0.005194805,0.010135135,0.001345895,-0.005333333,0.0032
2019/10/28,-0.013033175,-0.002610966,-0.008361204,-0.010752688,-0.00536193,-0.012759171
2019/10/29,0.015006002,-0.007853403,-0.003372681,-0.008152174,-0.005390836,0.006462036
2019/10/30,-0.028385571,0.001319261,0.00676819,0.002739726,0,-0.001605136
2019/10/31,-0.010346926,-0.013175231,-0.006722689,-0.004098361,0.002710027,-0.014469453
2019/11/1,0.036900369,0.009345794,0.005076142,0.001371742,0,0.017944535
2019/11/4,0.003558719,0.007936508,-0.006734007,0.005479452,0,0.014423077
2019/11/5,0.013593381,0.010498688,0.003389831,0.005449591,0.005405405,0.009478673
2019/11/6,-0.011078717,0.002597403,0.010135135,0.014905149,0.005376344,0.001564945
2019/11/7,-0.004127358,-0.002590674,-0.005016722,0,-0.002673797,-0.003125
2019/11/8,-0.014209591,-0.007792208,-0.013445378,-0.018691589,-0.013404826,-0.017241379
2019/11/11,-0.022222222,-0.014397906,-0.017035775,-0.017687075,-0.010869565,-0.014354067
2019/11/12,0.003071253,0.002656042,0.005199307,0.002770083,0.005494505,-0.003236246
2019/11/13,0,-0.006622517,-0.003448276,-0.006906077,-0.00273224,-0.008116883
2019/11/14,-0.00061237,-0.002666667,-0.005190311,-0.004172462,-0.008219178,-0.004909984
2019/11/15,0.00122549,-0.004010695,0.006956522,-0.001396648,-0.002762431,0.001644737
2019/11/18,0.006731946,0.005369128,0.005181347,0.002797203,0.002770083,0.004926108
2019/11/19,-0.002431611,0.00400534,0.005154639,0.0027894,0.002762431,-0.001633987
2019/11/20,-0.034125533,-0.011968085,-0.008547009,-0.011126565,-0.002754821,-0.016366612
2019/11/21,0.000630915,-0.004037685,-0.012068966,0.00281294,0.002762431,0
2019/11/22,-0.01702396,0.001351351,-0.003490401,0.001402525,-0.005509642,0
2019/11/25,0.013470173,0.009446694,0.021015762,0.009803922,0.011080332,0.009983361
2019/11/26,-0.011392405,0.005347594,0.003430532,0,0.005479452,0.013179572
2019/11/27,-0.009603073,-0.009308511,0.005128205,0.001386963,-0.002724796,-0.017886179
2019/11/28,0.001292825,0,-0.006802721,-0.011080332,-0.00273224,-0.004966887
2019/11/29,-0.012911556,-0.002684564,-0.008561644,-0.005602241,-0.005479452,-0.001663894
2019/12/2,0.004578156,0,0.003454231,0.002816901,-0.002754821,-0.006666667
2019/12/3,0.005859375,0.001345895,-0.003442341,0.004213483,-0.002762431,0
2019/12/4,-0.009061489,-0.00672043,-0.005181347,-0.001398601,-0.002770083,-0.001677852
2019/12/5,0.007838014,0.00405954,0.001736111,0,0.005555556,0.003361345
2019/12/6,0.011017498,0.001347709,-0.003466205,0,0,0
2019/12/9,-0.012179487,0.001345895,-0.00173913,-0.007002801,0,-0.001675042
2019/12/10,-0.005191434,0.001344086,-0.006968641,-0.002820874,-0.002762431,-0.008389262
2019/12/11,0.021526419,0.001342282,0.00877193,0.004243281,0,0.011844332
2019/12/12,-0.003831418,-0.002680965,-0.00173913,0.001408451,0,0.001672241
2019/12/13,0.033333333,0.010752688,0.013937282,0.012658228,0.011080332,0.021702838
2019/12/16,0.000620347,0,-0.006872852,-0.006944444,0,0
2019/12/17,0.022938624,0.017287234,0.010380623,0.011188811,0.008219178,0.016339869
2019/12/18,-0.002424242,-0.003921569,0.005136986,0.001383126,-0.002717391,0.001607717
2019/12/19,0.005467801,0.00656168,0.010221465,0.002762431,0.005449591,-0.001605136
2019/12/20,0.002416918,-0.003911343,0.001686341,-0.00137741,0.002710027,-0.009646302
2019/12/23,-0.021097046,-0.010471204,-0.01010101,-0.008275862,-0.008108108,-0.00487013
2019/12/24,0.009852217,0.003968254,-0.003401361,0,0,0
2019/12/25,-0.006097561,-0.005270092,-0.005119454,-0.002781641,-0.002724796,-0.004893964
2019/12/26,0.010429448,0.005298013,0.005145798,0.008368201,0.005464481,0.006557377
2019/12/27,0.009714633,0.005270092,0.006825939,0.002766252,0.002717391,0.003257329
2019/12/30,-0.003607937,0.002621232,-0.001694915,-0.002758621,0.005420054,0.001623377
2019/12/31,-0.007242004,0.002614379,-0.001697793,0,-0.005390836,0
2020/1/2,0.025531915,0.003911343,0.015306122,0.011065007,0.008130081,0.006482982
2020/1/3,0.018375815,-0.001298701,0.003350084,0,-0.002688172,-0.001610306
2020/1/6,-0.006402794,-0.00390117,-0.003338898,-0.009575923,-0.005390836,-0.011290323
2020/1/7,0.004686585,0.006527415,0.006700168,-0.001381215,0.008130081,0.008156607
2020/1/8,-0.028571429,-0.012970169,-0.016638935,-0.012448133,-0.008064516,-0.012944984
2020/1/9,0.007803121,0.003942181,0,0.00280112,0,-0.001639344
2020/1/10,-0.005955926,0.002617801,0,0,0,-0.001642036
2020/1/13,0.017974835,0.001305483,0.003384095,0.001396648,0.002710027,0.001644737
2020/1/14,-0.013537375,-0.001303781,0.001686341,-0.0013947,-0.002702703,-0.001642036
2020/1/15,-0.014319809,-0.005221932,-0.01010101,-0.002793296,-0.005420054,-0.008223684
2020/1/16,-0.011501211,-0.005249344,-0.013605442,-0.007002801,-0.005449591,-0.006633499
2020/1/17,0.003674219,0,0.003448276,-0.001410437,0,-0.001669449
2020/1/20,0.003660769,0.002638522,0.003436426,0.002824859,0.002739726,0.005016722
2020/1/21,-0.027355623,-0.011842105,-0.011986301,-0.008450704,-0.005464481,-0.016638935
2020/1/22,0.005625,-0.003994674,0.003466205,0.001420455,0,0.001692047
2020/1/23,-0.034182722,-0.010695187,-0.01208981,-0.011347518,-0.008241758,-0.016891892
2020/2/3,-0.0997426,-0.051351351,-0.052447552,-0.076040172,-0.049861496,-0.072164948
2020/2/4,0.043602573,0.008547009,0.014760148,0.037267081,0.020408163,0.02037037
2020/2/5,0.002054795,0,-0.001818182,0.004491018,0,0
2020/2/6,0.009569378,0.001412429,0.001821494,-0.002980626,0.002857143,0.012704174
2020/2/7,-0.010155721,0.004231312,-0.010909091,-0.00896861,0,0
2020/2/10,-0.008207934,-0.004213483,-0.003676471,-0.001508296,-0.002849003,-0.007168459
2020/2/11,0.02,0.005641749,0.007380074,0.010574018,0.008571429,0.007220217
2020/2/12,-0.001352265,-0.001402525,0,0,0.002832861,0
2020/2/13,-0.008124577,-0.008426966,-0.009157509,-0.010463378,-0.002824859,-0.008960573
2020/2/14,0.025938567,0.002832861,0.003696858,0.004531722,0.008498584,0.005424955
2020/2/17,0.022621424,0.012711864,0.011049724,0.013533835,0.011235955,0.017985612
2020/2/18,-0.011060507,-0.0041841,-0.005464481,-0.005934718,-0.005555556,-0.007067138
2020/2/19,0.002631579,-0.00140056,0.003663004,0.001492537,0.005586592,-0.001779359
2020/2/20,0.022965879,0.009817672,0.005474453,0.007451565,0.008333333,0.017825312
2020/2/21,-0.000641437,-0.001388889,-0.003629764,0.00147929,-0.002754821,-0.003502627
2020/2/24,-0.022464698,-0.005563282,-0.009107468,-0.008862629,-0.008287293,-0.008787346
2020/2/25,-0.012475378,-0.011188811,-0.005514706,-0.010432191,-0.005571031,-0.015957447
2020/2/26,-0.003324468,0.005657709,0,0.001506024,0.008403361,0.001801802
2020/2/27,0.008005337,0.00140647,-0.001848429,0.003007519,0.005555556,0
2020/2/28,-0.040370615,-0.023876404,-0.018518519,-0.025487256,-0.019337017,-0.023381295
2020/3/2,0.02,0.018705036,0.011320755,0.013846154,0.014084507,0.018416206
2020/3/3,-0.004732928,0.005649718,0.003731343,0.001517451,0.005555556,0.003616637
2020/3/4,-0.002038043,0.004213483,0.001858736,0,0.002762431,0
2020/3/5,0.047651464,0.013986014,0.012987013,0.016666667,0.008264463,0.01981982
2020/3/6,-0.023391813,-0.012413793,-0.009157509,-0.011922504,-0.008196721,-0.017667845
2020/3/9,-0.038589488,-0.015363128,-0.018484288,-0.022624434,-0.016528926,-0.01618705
2020/3/10,0.021453287,0.008510638,0.009416196,0.007716049,0.005602241,0.009140768
2020/3/11,-0.004742547,-0.005625879,-0.007462687,-0.001531394,0,-0.010869565
2020/3/12,-0.000680735,-0.004243281,-0.005639098,0.003067485,-0.002785515,-0.005494505
2020/3/13,-0.010899183,-0.012784091,-0.013232514,-0.00764526,-0.005586592,-0.007366483
2020/3/16,-0.053030303,-0.010071942,-0.009578544,-0.010785824,-0.005617978,-0.011131725
2020/3/17,-0.024727273,-0.005813953,0,0.004672897,0.005649718,-0.00750469
2020/3/18,-0.052199851,-0.020467836,-0.011605416,-0.009302326,-0.016853933,-0.013232514
2020/3/19,-0.037765539,-0.034328358,-0.023483366,-0.028169014,-0.011428571,-0.013409962
2020/3/20,0.023712183,0.001545595,0.018036072,0.017713366,0.011560694,0.015533981
2020/3/23,-0.029552716,-0.023148148,-0.017716535,-0.023734177,-0.017142857,-0.015296367
2020/3/24,0.037860082,0.018957346,0.026052104,0.032414911,0.011627907,0.013592233
2020/3/25,0.020618557,0.015503876,0.01171875,0.001569859,0.00862069,0.007662835
2020/3/26,0.014763015,0,0,0.003134796,0,0.003802281
2020/3/27,0.006891271,-0.001526718,0.005791506,0.0109375,0.002849003,0.001893939
2020/3/30,-0.015969582,-0.004587156,0.001919386,0,0,-0.003780718
2020/3/31,-0.010819165,-0.006144393,-0.013409962,-0.020092736,-0.011363636,-0.017077799
2020/4/1,0.00703125,0,0.001941748,0.006309148,0,-0.005791506
2020/4/2,0.006206362,0.007727975,0.005813953,0.007836991,0.005747126,0.005825243
2020/4/3,-0.027756361,-0.007668712,-0.009633911,-0.00466563,-0.002857143,-0.00965251
2020/4/7,0.021411578,0.01236476,0.003891051,0.003125,0.005730659,0.009746589
2020/4/8,-0.007763975,0,-0.003875969,-0.007788162,-0.005698006,-0.003861004
2020/4/9,-0.00312989,-0.003053435,-0.001945525,0.004709576,0,0
2020/4/10,0.003924647,-0.009188361,-0.003898635,-0.0046875,0.00286533,-0.003875969
2020/4/13,-0.015637217,-0.007727975,-0.001956947,-0.007849294,0.005714286,-0.005836576
2020/4/14,0.021445592,0.009345794,0.003921569,0.006329114,0.002840909,0.005870841
2020/4/15,0.000777605,-0.00308642,0.001953125,-0.003144654,0.002832861,-0.007782101
2020/4/16,-0.014763015,0.003095975,-0.001949318,0,0.002824859,0.003921569
2020/4/17,0.016561514,0,0.005859375,0.001577287,0.008450704,0.001953125
2020/4/20,0.007757952,-0.00617284,-0.005825243,-0.006299213,-0.008379888,-0.001949318
2020/4/21,0.035411855,-0.00621118,-0.0078125,-0.009508716,0.002816901,-0.0078125
2020/4/22,-0.016356877,0.0015625,0.001968504,0.0016,-0.008426966,-0.003937008
2020/4/23,0,-0.001560062,-0.003929273,-0.00798722,-0.019830028,-0.001976285
2020/4/24,0.000755858,-0.003125,-0.003944773,-0.001610306,-0.00867052,0.003960396
2020/4/27,0.019637462,0.006269592,0.007920792,0.009677419,0.002915452,0.009861933
2020/4/28,0.001481481,0,0.003929273,0.001597444,-0.002906977,0.001953125
2020/4/29,0.036982249,0.023364486,0.007827789,0.023923445,0.008746356,0.015594542
2020/4/30,-0.006419401,-0.00152207,0.003883495,0.001557632,0.005780347,-0.001919386
2020/5/6,-0.011486001,-0.007621951,-0.011605416,-0.01399689,-0.00862069,-0.009615385
2020/5/7,-0.005809731,-0.006144393,-0.001956947,-0.004731861,-0.002898551,-0.00776699
2020/5/8,0.018991965,0.007727975,0,0.006339144,0.005813953,0.007827789
2020/5/11,0.003584229,-0.003067485,0.007843137,0.006299213,0,-0.003883495
2020/5/12,-0.015,-0.006153846,-0.001945525,-0.006259781,-0.005780347,-0.005847953
2020/5/13,-0.011602611,-0.003095975,0,0.004724409,0.005813953,0.003921569
2020/5/14,-0.024211299,-0.00621118,-0.005847953,-0.009404389,-0.002890173,-0.009765625
2020/5/15,-0.005263158,0,-0.001960784,-0.001582278,0,0.001972387
2020/5/18,-0.002267574,0.003125,0.001964637,0.001584786,0,0
2020/5/19,0.012121212,0.001557632,0.003921569,0.011075949,0.002898551,0.001968504
2020/5/20,0.011227545,-0.00155521,0,0.00312989,0.002890173,0.001964637
2020/5/21,-0.008142117,-0.003115265,-0.00390625,0.003120125,-0.005763689,-0.003921569
2020/5/22,-0.035820896,-0.009375,-0.009803922,-0.017107309,-0.008695652,-0.015748031
2020/5/25,0.003095975,-0.003154574,0.007920792,0.001582278,0.005847953,0
2020/5/26,0.00617284,0.001582278,-0.001964637,0.001579779,-0.002906977,0.002
2020/5/27,-0.003067485,0.003159558,0.007874016,0.004731861,0.005830904,0.007984032
2020/5/28,0.022691706,0.006299213,0.009765625,0.007849294,0.005797101,0.003960396
2020/5/29,-0.005355777,-0.00312989,-0.00967118,-0.007788162,-0.005763689,-0.009861933
2020/6/1,0.024615385,0.007849294,0.0078125,0.004709576,0.005797101,0.009960159
2020/6/2,0.017267267,0.003115265,0.005813953,0.0015625,0.002881844,0.007889546
2020/6/3,-0.000738007,0,0,0.003120125,0.005747126,-0.001956947
2020/6/4,0.002215657,-0.00621118,-0.001926782,-0.00466563,0,-0.005882353
2020/6/5,0.001473839,-0.0015625,0.005791506,0.0046875,0,0.007889546
2020/6/8,0.002207506,-0.004694836,0.005758157,-0.00466563,0.002857143,-0.005870841
2020/6/9,0.003671072,0.003144654,0.003816794,0.0046875,0,0.005905512
2020/6/10,-0.01316752,-0.006269592,0.001901141,-0.00466563,-0.002849003,-0.005870841
2020/6/11,-0.030392884,-0.006309148,0,-0.0078125,-0.005714286,-0.007874016
2020/6/12,-0.006880734,-0.001587302,-0.009487666,0.004724409,0,0
2020/6/15,-0.01308699,-0.00317965,0.003831418,-0.017241379,-0.011494253,-0.005952381
2020/6/16,0.005460218,0.007974482,0.011450382,0.006379585,0.00872093,0.005988024
2020/6/17,-0.003103181,0.001582278,-0.00754717,0,-0.002881844,-0.001984127
2020/6/18,-0.007003891,0.001579779,-0.013307985,-0.004754358,0,0.005964215
2020/6/19,0.003134796,0.006568144,0.001926782,0,0.002890173,0
2020/6/22,-0.0125,0,-0.007692308,0.003184713,-0.002881844,0
2020/6/23,-0.003164557,-0.004893964,-0.003875969,-0.004761905,-0.005780347,-0.007905138
2020/6/24,0.015873016,0.004918033,0.015564202,0.007974482,0.005813953,0.009960159
2020/6/29,0,-0.003262643,0.005747126,-0.006329114,0.002890173,0.033530572
2020/6/30,0,0.001636661,-0.002004008,0.00477707,0.002881844,-0.017175573
2020/7/1,0.025,0.013071895,0.002008032,0.00792393,0.005747126,0.031067961
2020/7/2,0.023628049,0.027419355,0.014028056,0.018867925,0.022857143,0.033898305
2020/7/3,0.061057334,0.021978022,0.019762846,0.030864198,0.01396648,0.018214936
2020/7/6,0.100350877,0.096774194,0.085271318,0.085329341,0.066115702,0.098389982
2020/7/7,-0.012755102,-0.028011204,-0.007142857,0,-0.012919897,-0.039087948
2020/7/8,0.018087855,0.011527378,-0.01618705,-0.002758621,0,0.015254237
2020/7/9,-0.014593909,-0.008547009,-0.016453382,-0.008298755,-0.013089005,-0.011686144
2020/7/10,-0.043142305,-0.028735632,-0.029739777,-0.04379562,-0.026525199,-0.033783784
2020/7/13,0.002018843,-0.00147929,-0.001915709,-0.007633588,0.005449591,0.006993007
2020/7/14,-0.014103425,-0.017777778,-0.013435701,-0.012307692,-0.005420054,-0.012152778
2020/7/15,-0.027929155,-0.018099548,-0.011673152,-0.017133956,-0.014367816,-0.014678899
2020/7/16,-0.00840925,-0.004608295,-0.003937008,-0.001584786,-0.008746356,-0.013035382
2020/7/17,-0.000706714,-0.007716049,0,-0.001587302,0.002941176,-0.01509434
2020/7/20,0.041725601,0.027993779,0.013833992,0.017488076,0.014662757,0.030651341
2020/7/21,-0.016293279,-0.004538578,-0.005847953,-0.0046875,-0.00867052,-0.007434944
2020/7/22,-0.005521049,0,-0.001960784,-0.004709576,0,0.001872659
2020/7/23,-0.027758501,-0.018237082,-0.011787819,-0.011041009,-0.005830904,-0.018691589
2020/7/24,-0.03640257,-0.020123839,-0.009940358,-0.023923445,-0.017595308,-0.024761905
2020/7/27,-0.019259259,-0.003159558,-0.002008032,-0.009803922,-0.005970149,0
2020/7/28,0.00755287,0.006339144,0.002012072,0.00330033,0,0.001953125
2020/7/29,0.014992504,0.011023622,0.008032129,0.009868421,0.012012012,0.013645224
2020/7/30,-0.012555391,-0.007788162,-0.007968127,-0.003257329,-0.008902077,-0.007692308
2020/7/31,-0.002243829,-0.001569859,-0.004016064,0,-0.002994012,0
2020/8/3,0.01874063,0.007861635,0.004032258,0.004901961,0.003003003,0.005813953
2020/8/4,0.033112583,0.010920437,0.014056225,0.016260163,0.011976048,0.015414258
2020/8/5,-0.01994302,-0.009259259,-0.00990099,-0.0064,-0.00887574,-0.011385199
2020/8/6,0.010174419,0.003115265,0.004,-0.003220612,0.002985075,0.007677543
2020/8/7,-0.014388489,-0.01242236,-0.007968127,-0.001615509,-0.005952381,-0.011428571
2020/8/10,0.018248175,0.009433962,0.002008032,0.004854369,0.002994012,0.005780347
2020/8/11,0.012903226,-0.004672897,-0.002004008,-0.001610306,0,-0.003831418
2020/8/12,0.017692852,0.001564945,0.002008032,0.001612903,-0.002985075,0.011538462
2020/8/13,-0.013908206,-0.0015625,-0.002004008,-0.001610306,-0.002994012,-0.007604563
2020/8/14,0.02045134,0.007824726,0.008032129,0.00483871,0.006006006,0.011494253
2020/8/17,0.04975812,0.029503106,0.013944223,0.02247191,0.014925373,0.03219697
2020/8/18,-0.002633311,-0.012066365,-0.007858546,-0.007849294,-0.011764706,-0.011009174
2020/8/19,-0.00330033,-0.003053435,-0.003960396,-0.007911392,-0.005952381,-0.009276438
2020/8/20,-0.033774834,-0.015313936,-0.005964215,-0.011164274,-0.002994012,-0.014981273
2020/8/21,-0.009595613,0,0.002,0.003225806,0,0.003802281
2020/8/24,0.000692042,-0.00155521,-0.003992016,0,-0.003003003,-0.003787879
2020/8/25,0.009681881,0,0.002004008,-0.001607717,0,-0.001901141
2020/8/26,-0.015753425,-0.00623053,-0.004,-0.00805153,-0.009036145,-0.011428571
2020/8/27,0.006263048,-0.001567398,-0.002008032,-0.001623377,-0.003039514,0.001926782
2020/8/28,0.046334716,0.009419152,0.006036217,0.009756098,0.006097561,0.007692308
2020/8/31,-0.003304693,0,-0.008,-0.001610306,-0.006060606,-0.003816794
2020/9/1,0.00397878,-0.00777605,0,0,-0.009146341,-0.001915709
2020/9/2,0.011889036,-0.007836991,-0.008064516,-0.00483871,-0.009230769,-0.005758157
2020/9/3,-0.027415144,-0.004739336,-0.00203252,-0.006482982,0,-0.001930502
2020/9/4,0.004026846,-0.011111111,-0.00203666,-0.003262643,-0.00621118,-0.003868472
2020/9/7,-0.001336898,0,0,0,-0.003125,-0.00776699
2020/9/8,0.032797858,0.009630819,0.010204082,0.018003273,0.006269592,0.011741683
2020/9/9,-0.014257939,-0.0063593,-0.002020202,-0.006430868,0,-0.005802708
2020/9/10,0.008547009,-0.008,-0.006072874,-0.006472492,-0.003115265,-0.007782101
2020/9/11,-0.021512386,0.003225806,0.00407332,0.001628664,0,0
2020/9/14,0.019320453,0.001607717,0,-0.003252033,0.003125,-0.001960784
2020/9/15,0.003267974,-0.001605136,-0.002028398,-0.001631321,0,0.001964637
2020/9/16,0.005863192,0.004823151,0.004065041,0.001633987,0,0.003921569
2020/9/17,0.008419689,0,0,0.003262643,0,-0.005859375
2020/9/18,0.032113038,0.0144,0.008097166,0.014634146,0.009345794,0.017681729
2020/9/21,-0.013067828,-0.003154574,-0.004016064,-0.004807692,-0.00617284,-0.005791506
2020/9/22,-0.018284994,-0.012658228,-0.006048387,-0.003220612,-0.00621118,-0.00776699
2020/9/23,0.003853565,-0.006410256,-0.002028398,-0.003231018,0.003125,-0.001956947
2020/9/24,-0.032629559,-0.003225806,-0.004065041,-0.006482982,-0.003115265,-0.009803922
2020/9/25,0.00462963,0,-0.002040816,0.001631321,-0.003125,-0.003960396
2020/9/28,0.007899934,-0.001618123,0.010224949,0.008143322,0.015673981,0.005964215
2020/9/29,-0.033311561,-0.004862237,-0.006072874,-0.008077544,-0.012345679,-0.003952569
2020/9/30,0.025,-0.001628664,0.00203666,0.001628664,0,0.001984127
