trade_date,yield_sum000001.SZ,yield_sum600015.SH,yield_sum601398.SH,yield_sum601939.SH,yield_sum601988.SH,yield_sum601998.SH
2018-01-02,1.0300751879699248,1.0122222222222221,0.996774193548387,1.0143229166666667,1.0025188916876573,1.0193548387096774
2018-01-03,1.0022556390977444,1.0144444444444445,0.9935483870967742,1.0091145833333335,1.0075566750629723,1.0274193548387096
2018-01-04,0.9962406015037594,1.0166666666666666,0.9790322580645161,0.9908854166666667,1.0075566750629723,1.0306451612903225
2018-01-05,1.0,1.017777777777778,0.9806451612903225,1.0,1.0025188916876573,1.038709677419355
2018-01-08,0.9744360902255639,1.021111111111111,0.9790322580645161,0.98828125,1.0100755667506296,1.0548387096774194
2018-01-09,0.9834586466165413,1.021111111111111,0.982258064516129,0.984375,0.9974811083123425,1.0451612903225806
2018-01-10,1.0127819548872181,1.0388888888888888,0.9935483870967742,1.0130208333333335,1.0151133501259446,1.064516129032258
2018-01-11,1.0075187969924813,1.0322222222222222,1.0016129032258063,1.0247395833333335,1.030226700251889,1.0838709677419354
2018-01-12,1.018796992481203,1.04,1.0080645161290323,1.02734375,1.030226700251889,1.1048387096774193
2018-01-15,1.0676691729323307,1.0444444444444445,1.0370967741935484,1.05078125,1.052896725440806,1.1241935483870966
2018-01-16,1.0676691729323307,1.0466666666666666,1.0629032258064515,1.0716145833333335,1.0629722921914357,1.129032258064516
2018-01-17,1.069924812030075,1.0577777777777777,1.0838709677419354,1.0924479166666667,1.0680100755667505,1.114516129032258
2018-01-18,1.106766917293233,1.0722222222222222,1.15,1.1692708333333335,1.0982367758186398,1.1612903225806452
2018-01-19,1.112781954887218,1.0922222222222222,1.1483870967741936,1.18359375,1.1083123425692696,1.1612903225806452
2018-01-22,1.0857142857142856,1.0744444444444445,1.1564516129032258,1.1796875,1.1083123425692696,1.1483870967741936
2018-01-23,1.1015037593984962,1.11,1.2080645161290322,1.2773437500000002,1.1788413098236774,1.1903225806451612
2018-01-24,1.1007518796992481,1.1188888888888888,1.1935483870967742,1.2591145833333335,1.1813602015113351,1.1935483870967742
2018-01-25,1.0676691729323307,1.108888888888889,1.1854838709677418,1.2421875,1.1662468513853903,1.1709677419354838
2018-01-26,1.056390977443609,1.1177777777777778,1.1887096774193548,1.2539062500000002,1.1712846347607053,1.1887096774193548
2018-01-29,1.0330827067669173,1.1044444444444443,1.1983870967741934,1.2395833333333333,1.158690176322418,1.1741935483870969
2018-01-30,1.0263157894736843,1.0833333333333333,1.1741935483870969,1.2213541666666667,1.128463476070529,1.153225806451613
2018-01-31,1.056390977443609,1.0944444444444443,1.206451612903226,1.23828125,1.1435768261964736,1.164516129032258
2018-02-01,1.0548872180451128,1.11,1.2387096774193547,1.2539062500000002,1.1662468513853903,1.1903225806451612
2018-02-02,1.056390977443609,1.097777777777778,1.225806451612903,1.2434895833333335,1.1536523929471032,1.196774193548387
2018-02-05,1.093984962406015,1.1555555555555557,1.25,1.2747395833333333,1.1989924433249368,1.3129032258064517
2018-02-06,1.0526315789473684,1.1244444444444444,1.2209677419354839,1.2239583333333335,1.1989924433249368,1.2919354838709676
2018-02-07,0.9714285714285714,1.1111111111111112,1.15,1.1510416666666667,1.1561712846347607,1.25
2018-02-08,0.9428571428571427,1.0733333333333333,1.1,1.10546875,1.1133501259445844,1.1693548387096775
2018-02-09,0.8789473684210526,1.0244444444444445,1.0774193548387097,1.0885416666666667,1.0806045340050376,1.1129032258064517
2018-02-12,0.881203007518797,1.018888888888889,1.0661290322580645,1.0794270833333333,1.0604534005037782,1.082258064516129
2018-02-13,0.8977443609022555,1.0322222222222222,1.096774193548387,1.0963541666666667,1.0780856423173804,1.0983870967741935
2018-02-14,0.9022556390977443,1.0322222222222222,1.1096774193548387,1.1041666666666667,1.0780856423173804,1.0870967741935484
2018-02-22,0.9368421052631579,1.0488888888888888,1.129032258064516,1.1432291666666665,1.1007556675062973,1.146774193548387
2018-02-23,0.9481203007518796,1.0633333333333335,1.1306451612903226,1.1458333333333335,1.1057934508816119,1.1516129032258065
2018-02-26,0.9496240601503759,1.0599999999999998,1.1322580645161289,1.1393229166666667,1.1083123425692696,1.1516129032258065
2018-02-27,0.9233082706766916,1.0444444444444445,1.0951612903225807,1.0963541666666667,1.0881612090680102,1.1338709677419354
2018-02-28,0.9060150375939849,1.0333333333333334,1.0758064516129031,1.08203125,1.0654911838790933,1.103225806451613
2018-03-01,0.9052631578947368,1.0344444444444445,1.0790322580645162,1.0729166666666667,1.0629722921914357,1.1
2018-03-02,0.8984962406015037,1.0355555555555556,1.0774193548387097,1.0690104166666667,1.0503778337531486,1.0838709677419354
2018-03-05,0.8917293233082706,1.0333333333333334,1.0677419354838709,1.0585937500000002,1.0478589420654911,1.0774193548387097
2018-03-06,0.9097744360902255,1.04,1.0564516129032258,1.0559895833333333,1.0554156171284634,1.085483870967742
2018-03-07,0.9060150375939849,1.0366666666666666,1.0693548387096774,1.0755208333333333,1.0629722921914357,1.0887096774193548
2018-03-08,0.9105263157894736,1.0388888888888888,1.0564516129032258,1.0651041666666667,1.057934508816121,1.0838709677419354
2018-03-09,0.9090225563909774,1.0388888888888888,1.0564516129032258,1.07421875,1.052896725440806,1.0838709677419354
2018-03-12,0.9045112781954886,1.04,1.0451612903225806,1.0611979166666667,1.0503778337531486,1.0838709677419354
2018-03-13,0.9037593984962405,1.0355555555555556,1.0483870967741935,1.0651041666666667,1.0554156171284634,1.0838709677419354
2018-03-14,0.8962406015037594,1.0322222222222222,1.038709677419355,1.05078125,1.0503778337531486,1.0741935483870968
2018-03-15,0.8804511278195489,1.028888888888889,1.0419354838709678,1.0494791666666667,1.0503778337531486,1.0725806451612903
2018-03-16,0.8751879699248121,1.021111111111111,1.0258064516129033,1.0299479166666667,1.0403022670025188,1.064516129032258
2018-03-19,0.8894736842105263,1.0222222222222221,1.032258064516129,1.0455729166666665,1.0403022670025188,1.0725806451612903
2018-03-20,0.8887218045112781,1.0244444444444445,1.053225806451613,1.0559895833333333,1.0503778337531486,1.085483870967742
2018-03-21,0.8947368421052632,1.02,1.0467741935483872,1.0559895833333333,1.0503778337531486,1.0887096774193548
2018-03-22,0.8766917293233082,1.0144444444444445,1.043548387096774,1.046875,1.0503778337531486,1.0870967741935484
2018-03-23,0.8526315789473684,0.9877777777777779,1.0161290322580645,1.0104166666666667,1.0377833753148615,1.0838709677419354
2018-03-26,0.8218045112781954,0.9822222222222222,0.9709677419354837,0.9739583333333334,1.0050377833753148,1.032258064516129
2018-03-27,0.8225563909774435,0.9833333333333333,0.9645161290322581,0.9700520833333334,1.0,1.0354838709677419
2018-03-28,0.818796992481203,0.9822222222222222,0.9645161290322581,0.9674479166666666,0.9974811083123425,1.0354838709677419
2018-03-29,0.8308270676691729,0.9955555555555556,0.982258064516129,0.9986979166666667,1.0050377833753148,1.0467741935483872
2018-03-30,0.8195488721804511,0.99,0.982258064516129,1.0091145833333335,0.9899244332493703,1.0403225806451613
2018-04-02,0.8052631578947369,0.9855555555555555,0.9612903225806452,0.9778645833333334,0.9773299748110831,1.032258064516129
2018-04-03,0.793984962406015,0.98,0.9483870967741935,0.9713541666666667,0.9773299748110831,1.020967741935484
2018-04-04,0.8172932330827066,0.9788888888888889,0.9467741935483871,0.9609375,0.9697732997481108,1.0193548387096774
2018-04-09,0.8285714285714285,0.9766666666666666,0.9451612903225807,0.9583333333333334,0.9697732997481108,1.0064516129032257
2018-04-10,0.8586466165413533,0.9933333333333333,0.9870967741935484,1.0169270833333333,0.9899244332493703,1.0370967741935484
2018-04-11,0.8894736842105263,1.0033333333333332,1.0064516129032257,1.03515625,1.0,1.0693548387096774
2018-04-12,0.8661654135338345,0.991111111111111,0.9806451612903225,1.00390625,0.9848866498740554,1.0451612903225806
2018-04-13,0.8699248120300752,0.9866666666666668,0.9725806451612903,0.9973958333333334,0.9748110831234257,1.0451612903225806
2018-04-16,0.8345864661654134,0.9700000000000001,0.9387096774193548,0.9544270833333334,0.9496221662468514,1.011290322580645
2018-04-17,0.8428571428571429,0.9655555555555555,0.9338709677419355,0.9479166666666667,0.9471032745591939,1.020967741935484
2018-04-18,0.8646616541353384,0.9722222222222222,0.9483870967741935,0.95703125,0.9521410579345088,1.0338709677419355
2018-04-19,0.862406015037594,0.9777777777777779,0.9548387096774194,0.96484375,0.9546599496221662,1.032258064516129
2018-04-20,0.8533834586466165,0.9633333333333334,0.9548387096774194,0.9596354166666667,0.9521410579345088,1.0290322580645161
2018-04-23,0.8699248120300752,0.9644444444444444,0.9709677419354837,0.9674479166666666,0.9521410579345088,1.0290322580645161
2018-04-24,0.8917293233082706,0.9811111111111112,0.9806451612903225,0.984375,0.9672544080604533,1.0451612903225806
2018-04-25,0.8781954887218044,0.9722222222222222,0.9661290322580646,0.97265625,0.9571788413098236,1.032258064516129
2018-04-26,0.8586466165413533,0.9644444444444444,0.9596774193548387,0.96484375,0.9546599496221662,1.0290322580645161
2018-04-27,0.8157894736842105,0.9677777777777778,0.9677419354838709,0.9739583333333334,0.9622166246851385,1.0306451612903225
2018-05-02,0.8180451127819549,0.9422222222222223,0.9645161290322581,0.97265625,0.9596977329974811,1.0564516129032258
2018-05-03,0.8082706766917293,0.9400000000000001,0.9596774193548387,0.9700520833333334,0.9622166246851385,1.0564516129032258
2018-05-04,0.8030075187969924,0.9344444444444444,0.9532258064516129,0.9557291666666666,0.9571788413098236,1.053225806451613
2018-05-07,0.812781954887218,0.9377777777777777,0.9596774193548387,0.96484375,0.964735516372796,1.0596774193548388
2018-05-08,0.8278195488721803,0.9422222222222223,0.9645161290322581,0.984375,0.9748110831234257,1.0725806451612903
2018-05-09,0.824812030075188,0.9377777777777777,0.9661290322580646,0.98828125,0.9773299748110831,1.0693548387096774
2018-05-10,0.8278195488721803,0.9411111111111112,0.9677419354838709,0.9869791666666667,0.9773299748110831,1.0629032258064515
2018-05-11,0.8278195488721803,0.9444444444444444,0.9790322580645161,1.0078125,0.9823677581863979,1.0709677419354837
2018-05-14,0.8406015037593985,0.9544444444444444,0.9790322580645161,1.0104166666666667,0.9823677581863979,1.0887096774193548
2018-05-15,0.8360902255639097,0.9511111111111111,0.982258064516129,1.0104166666666667,0.9798488664987406,1.0806451612903225
2018-05-16,0.8195488721804511,0.9455555555555555,0.9677419354838709,0.9934895833333334,0.9697732997481108,1.0596774193548388
2018-05-17,0.8135338345864661,0.9444444444444444,0.9629032258064515,0.98828125,0.9697732997481108,1.0629032258064515
2018-05-18,0.8240601503759398,0.9511111111111111,0.9758064516129031,1.0065104166666667,0.9823677581863979,1.0870967741935484
2018-05-21,0.8233082706766917,0.9566666666666666,0.9725806451612903,0.9960937500000001,0.9848866498740554,1.0870967741935484
2018-05-22,0.8165413533834586,0.9500000000000001,0.9629032258064515,0.9752604166666667,0.9773299748110831,1.0806451612903225
2018-05-23,0.8007518796992481,0.9411111111111112,0.9435483870967741,0.9596354166666667,0.9672544080604533,1.0629032258064515
2018-05-24,0.7977443609022555,0.9411111111111112,0.9306451612903225,0.94921875,0.9596977329974811,1.0661290322580645
2018-05-25,0.7962406015037593,0.9355555555555556,0.932258064516129,0.94921875,0.9622166246851385,1.0693548387096774
2018-05-28,0.7962406015037593,0.9366666666666666,0.9290322580645161,0.9466145833333333,0.9622166246851385,1.0677419354838709
2018-05-29,0.7804511278195488,0.9288888888888889,0.9258064516129032,0.9388020833333334,0.964735516372796,1.0661290322580645
2018-05-30,0.7578947368421052,0.9122222222222223,0.9080645161290322,0.91796875,0.9471032745591939,1.0338709677419355
2018-05-31,0.7654135338345864,0.9255555555555556,0.9129032258064516,0.9270833333333334,0.9496221662468514,1.0338709677419355
2018-06-01,0.7661654135338345,0.9266666666666666,0.9096774193548386,0.921875,0.9471032745591939,1.0225806451612902
2018-06-04,0.7721804511278195,0.9322222222222223,0.9193548387096774,0.93359375,0.9546599496221662,1.0274193548387096
2018-06-05,0.7714285714285714,0.9299999999999999,0.9193548387096774,0.9348958333333334,0.9546599496221662,1.0225806451612902
2018-06-06,0.762406015037594,0.9244444444444445,0.9112903225806452,0.9283854166666667,0.9496221662468514,1.020967741935484
2018-06-07,0.7796992481203007,0.921111111111111,0.917741935483871,0.9348958333333334,0.9521410579345088,1.020967741935484
2018-06-08,0.7609022556390976,0.9055555555555556,0.9,0.9153645833333334,0.9420654911838791,1.0016129032258063
2018-06-11,0.7548872180451127,0.8922222222222221,0.9,0.9127604166666666,0.9420654911838791,0.996774193548387
2018-06-12,0.7563909774436091,0.89,0.9032258064516128,0.921875,0.9420654911838791,0.9983870967741936
2018-06-13,0.7481203007518796,0.8811111111111111,0.9,0.9192708333333334,0.9395465994962217,0.9983870967741936
2018-06-14,0.7571428571428571,0.8833333333333333,0.9064516129032258,0.9257812500000001,0.9395465994962217,1.0016129032258063
2018-06-15,0.7646616541353383,0.8866666666666667,0.9193548387096774,0.9414062500000001,0.9445843828715365,1.011290322580645
2018-06-19,0.7421052631578946,0.86,0.9258064516129032,0.9414062500000001,0.9471032745591939,1.0225806451612902
2018-06-20,0.7451127819548872,0.86,0.917741935483871,0.9257812500000001,0.9395465994962217,1.0080645161290323
2018-06-21,0.7413533834586465,0.8555555555555556,0.9161290322580644,0.9192708333333334,0.9420654911838791,1.0032258064516129
2018-06-22,0.7406015037593985,0.86,0.914516129032258,0.9192708333333334,0.9420654911838791,1.0064516129032257
2018-06-25,0.7112781954887218,0.8522222222222222,0.8935483870967742,0.8984375000000001,0.9319899244332494,0.9887096774193548
2018-06-26,0.7037593984962405,0.8366666666666667,0.8741935483870967,0.8763020833333334,0.9193954659949621,0.9870967741935484
2018-06-27,0.6834586466165413,0.83,0.8564516129032257,0.8554687500000001,0.9118387909319899,0.9887096774193548
2018-06-28,0.6706766917293233,0.8344444444444444,0.8387096774193549,0.8359375,0.8967254408060453,0.9887096774193548
2018-06-29,0.6834586466165413,0.8277777777777778,0.8580645161290322,0.8528645833333334,0.9093198992443324,1.0016129032258063
2018-07-02,0.6473684210526315,0.81,0.8193548387096774,0.8098958333333334,0.8740554156171285,0.996774193548387
2018-07-03,0.6518796992481203,0.81,0.8290322580645161,0.8229166666666667,0.8841309823677581,0.9241935483870968
2018-07-04,0.6473684210526315,0.8044444444444445,0.832258064516129,0.8229166666666667,0.8891687657430729,0.9209677419354838
2018-07-05,0.6466165413533834,0.7977777777777777,0.8435483870967743,0.8346354166666667,0.9017632241813601,0.9338709677419355
2018-07-06,0.6511278195488721,0.8033333333333333,0.8532258064516128,0.8411458333333334,0.906801007556675,0.9258064516129032
2018-07-09,0.6789473684210525,0.8211111111111111,0.8919354838709678,0.88671875,0.9445843828715365,0.9532258064516129
2018-07-10,0.675187969924812,0.8166666666666667,0.8903225806451612,0.8815104166666666,0.9395465994962217,0.9564516129032258
2018-07-11,0.6601503759398495,0.7977777777777777,0.8838709677419355,0.8763020833333334,0.9370277078085643,0.9403225806451613
2018-07-12,0.6676691729323309,0.82,0.9129032258064516,0.9075520833333334,0.9546599496221662,0.9516129032258065
2018-07-13,0.6676691729323309,0.8166666666666667,0.864516129032258,0.9088541666666667,0.8967254408060453,0.9564516129032258
2018-07-16,0.656390977443609,0.8077777777777777,0.8435483870967743,0.8854166666666666,0.8816120906801007,0.9548387096774194
2018-07-17,0.6556390977443609,0.8055555555555556,0.8435483870967743,0.8294270833333334,0.8765743073047858,0.9483870967741935
2018-07-18,0.6541353383458646,0.8077777777777777,0.8435483870967743,0.8333333333333334,0.871536523929471,0.9435483870967741
2018-07-19,0.656390977443609,0.8022222222222222,0.8338709677419355,0.8268229166666666,0.8690176322418136,0.9435483870967741
2018-07-20,0.6849624060150376,0.8288888888888889,0.882258064516129,0.8828125000000001,0.8942065491183878,0.9790322580645161
2018-07-23,0.7082706766917293,0.8444444444444444,0.9032258064516128,0.90234375,0.9042821158690175,0.9887096774193548
2018-07-24,0.706766917293233,0.8488888888888888,0.9048387096774194,0.90234375,0.906801007556675,0.9919354838709677
2018-07-25,0.7052631578947368,0.8477777777777777,0.9064516129032258,0.9010416666666667,0.9042821158690175,0.9903225806451612
2018-07-26,0.6954887218045113,0.8411111111111111,0.8951612903225806,0.8997395833333334,0.8992443324937027,0.9838709677419354
2018-07-27,0.6954887218045113,0.8388888888888889,0.8935483870967742,0.8919270833333334,0.8967254408060453,0.9887096774193548
2018-07-30,0.706015037593985,0.8433333333333333,0.9016129032258065,0.9049479166666667,0.906801007556675,0.996774193548387
2018-07-31,0.7082706766917293,0.8455555555555556,0.9112903225806452,0.9127604166666666,0.9118387909319899,1.011290322580645
2018-08-01,0.6879699248120301,0.8322222222222222,0.8951612903225806,0.8958333333333334,0.8967254408060453,0.95
2018-08-02,0.6721804511278194,0.8155555555555556,0.8774193548387097,0.8776041666666667,0.8790931989924433,0.9467741935483871
2018-08-03,0.6699248120300751,0.8155555555555556,0.8838709677419355,0.8893229166666667,0.8790931989924433,0.9435483870967741
2018-08-06,0.6721804511278194,0.8166666666666667,0.8887096774193548,0.8971354166666666,0.8841309823677581,0.9435483870967741
2018-08-07,0.6894736842105262,0.8322222222222222,0.9032258064516128,0.9088541666666667,0.8967254408060453,0.9596774193548387
2018-08-08,0.6804511278195489,0.8244444444444444,0.8887096774193548,0.8919270833333334,0.8891687657430729,0.9516129032258065
2018-08-09,0.6984962406015036,0.8377777777777777,0.8983870967741936,0.90234375,0.8967254408060453,0.9629032258064515
2018-08-10,0.693984962406015,0.8377777777777777,0.8870967741935484,0.8919270833333334,0.8916876574307304,0.9596774193548387
2018-08-13,0.6804511278195489,0.8277777777777778,0.8709677419354839,0.8684895833333334,0.8816120906801007,0.9451612903225807
2018-08-14,0.6766917293233082,0.8266666666666667,0.8677419354838709,0.8697916666666666,0.8841309823677581,0.9435483870967741
2018-08-15,0.6609022556390977,0.8133333333333334,0.8532258064516128,0.8554687500000001,0.8690176322418136,0.9274193548387096
2018-08-16,0.6601503759398495,0.81,0.8499999999999999,0.859375,0.8740554156171285,0.9274193548387096
2018-08-17,0.662406015037594,0.8066666666666666,0.8483870967741934,0.8489583333333333,0.8690176322418136,0.9225806451612902
2018-08-20,0.6766917293233082,0.8211111111111111,0.864516129032258,0.8671875,0.8816120906801007,0.932258064516129
2018-08-21,0.693984962406015,0.8222222222222223,0.8709677419354839,0.875,0.8866498740554156,0.9403225806451613
2018-08-22,0.6984962406015036,0.8155555555555556,0.8693548387096773,0.8723958333333334,0.8816120906801007,0.9354838709677419
2018-08-23,0.7037593984962405,0.8188888888888889,0.8709677419354839,0.8710937500000001,0.8816120906801007,0.932258064516129
2018-08-24,0.7541353383458645,0.8488888888888888,0.885483870967742,0.8854166666666666,0.8891687657430729,0.9516129032258065
2018-08-27,0.7842105263157894,0.8566666666666667,0.8919354838709678,0.8997395833333334,0.8942065491183878,0.9725806451612903
2018-08-28,0.7736842105263156,0.8511111111111112,0.8887096774193548,0.9049479166666667,0.8967254408060453,0.9709677419354837
2018-08-29,0.7721804511278195,0.8488888888888888,0.885483870967742,0.8984375000000001,0.8967254408060453,0.9725806451612903
2018-08-30,0.7609022556390976,0.8333333333333334,0.8709677419354839,0.8893229166666667,0.8891687657430729,0.9612903225806452
2018-08-31,0.7616541353383459,0.8611111111111112,0.8774193548387097,0.8958333333333334,0.8942065491183878,0.9629032258064515
2018-09-03,0.7661654135338345,0.8533333333333333,0.8758064516129032,0.8958333333333334,0.8942065491183878,0.9645161290322581
2018-09-04,0.7842105263157894,0.8622222222222222,0.8774193548387097,0.90234375,0.9017632241813601,0.9741935483870967
2018-09-05,0.7556390977443609,0.8433333333333333,0.8629032258064515,0.8736979166666667,0.8891687657430729,0.9467741935483871
2018-09-06,0.749624060150376,0.8366666666666667,0.8596774193548387,0.8684895833333334,0.8816120906801007,0.9467741935483871
2018-09-07,0.7526315789473683,0.8377777777777777,0.8629032258064515,0.8671875,0.8841309823677581,0.9403225806451613
2018-09-10,0.7428571428571429,0.8333333333333334,0.8612903225806451,0.8619791666666667,0.8866498740554156,0.9274193548387096
2018-09-11,0.7451127819548872,0.8277777777777778,0.8612903225806451,0.8567708333333334,0.8841309823677581,0.9225806451612902
2018-09-12,0.7428571428571429,0.83,0.8532258064516128,0.8515625,0.8790931989924433,0.9225806451612902
2018-09-13,0.7488721804511278,0.8388888888888889,0.8661290322580645,0.8645833333333334,0.8916876574307304,0.9274193548387096
2018-09-14,0.7398496240601503,0.8366666666666667,0.8661290322580645,0.8658854166666667,0.8916876574307304,0.9209677419354838
2018-09-17,0.7285714285714285,0.8277777777777778,0.8580645161290322,0.8606770833333334,0.8866498740554156,0.9112903225806452
2018-09-18,0.7578947368421052,0.8533333333333333,0.8693548387096773,0.8710937500000001,0.8942065491183878,0.9274193548387096
2018-09-19,0.7699248120300751,0.8611111111111112,0.8774193548387097,0.8828125000000001,0.8967254408060453,0.9338709677419355
2018-09-20,0.7691729323308271,0.8622222222222222,0.885483870967742,0.8919270833333334,0.8992443324937027,0.9403225806451613
2018-09-21,0.8022556390977443,0.8922222222222221,0.9274193548387096,0.9388020833333334,0.9269521410579346,0.9741935483870967
2018-09-25,0.793233082706767,0.8833333333333333,0.914516129032258,0.9244791666666666,0.9193954659949621,0.9645161290322581
2018-09-26,0.8052631578947369,0.9011111111111111,0.9193548387096774,0.9283854166666667,0.9269521410579346,0.9741935483870967
2018-09-27,0.8075187969924812,0.9011111111111111,0.917741935483871,0.9283854166666667,0.9269521410579346,0.9709677419354837
2018-09-28,0.8308270676691729,0.9077777777777778,0.9306451612903225,0.9427083333333334,0.9370277078085643,0.9774193548387096
2018-10-08,0.7857142857142856,0.8666666666666667,0.896774193548387,0.90234375,0.9118387909319899,0.9516129032258065
2018-10-09,0.793984962406015,0.8711111111111111,0.8919354838709678,0.8984375000000001,0.9042821158690175,0.9403225806451613
2018-10-10,0.7857142857142856,0.8722222222222222,0.8951612903225806,0.9036458333333334,0.906801007556675,0.9451612903225807
2018-10-11,0.7413533834586465,0.8388888888888889,0.8709677419354839,0.8697916666666666,0.8816120906801007,0.9258064516129032
2018-10-12,0.7744360902255639,0.8555555555555556,0.8919354838709678,0.90234375,0.8942065491183878,0.9274193548387096
2018-10-15,0.7601503759398496,0.8433333333333333,0.8758064516129032,0.88671875,0.8816120906801007,0.9
2018-10-16,0.7796992481203007,0.8488888888888888,0.8790322580645161,0.8932291666666667,0.8841309823677581,0.8983870967741936
2018-10-17,0.7766917293233082,0.8544444444444445,0.8758064516129032,0.8893229166666667,0.8916876574307304,0.917741935483871
2018-10-18,0.7586466165413533,0.8366666666666667,0.8629032258064515,0.8763020833333334,0.8866498740554156,0.9
2018-10-19,0.8090225563909774,0.8655555555555555,0.8838709677419355,0.9088541666666667,0.9093198992443324,0.9258064516129032
2018-10-22,0.8383458646616542,0.89,0.9080645161290322,0.9361979166666667,0.9319899244332494,0.95
2018-10-23,0.8150375939849623,0.8688888888888889,0.882258064516129,0.90625,0.9118387909319899,0.9290322580645161
2018-10-24,0.8300751879699247,0.8888888888888888,0.9064516129032258,0.9309895833333334,0.9269521410579346,0.95
2018-10-25,0.8488721804511277,0.8955555555555557,0.9112903225806452,0.9427083333333334,0.9345088161209067,0.9629032258064515
2018-10-26,0.8406015037593985,0.8933333333333332,0.917741935483871,0.9479166666666667,0.9345088161209067,0.9548387096774194
2018-10-29,0.8082706766917293,0.8822222222222222,0.9,0.921875,0.9319899244332494,0.9403225806451613
2018-10-30,0.8195488721804511,0.8944444444444445,0.9080645161290322,0.9283854166666667,0.9420654911838791,0.9532258064516129
2018-10-31,0.8203007518796992,0.8888888888888888,0.9080645161290322,0.9309895833333334,0.9370277078085643,0.9548387096774194
2018-11-01,0.8142857142857143,0.8811111111111111,0.8983870967741936,0.9231770833333334,0.924433249370277,0.9435483870967741
2018-11-02,0.8338345864661654,0.8988888888888888,0.9096774193548386,0.93359375,0.9345088161209067,0.9580645161290323
2018-11-05,0.8210526315789474,0.8855555555555555,0.896774193548387,0.91796875,0.9269521410579346,0.95
2018-11-06,0.8150375939849623,0.88,0.8919354838709678,0.9114583333333334,0.9219143576826196,0.9467741935483871
2018-11-07,0.812781954887218,0.8755555555555555,0.8903225806451612,0.9075520833333334,0.9219143576826196,0.9419354838709677
2018-11-08,0.818796992481203,0.8766666666666666,0.8919354838709678,0.9075520833333334,0.924433249370277,0.9467741935483871
2018-11-09,0.793233082706767,0.8611111111111112,0.8629032258064515,0.875,0.9042821158690175,0.917741935483871
2018-11-12,0.793984962406015,0.8733333333333334,0.864516129032258,0.875,0.9093198992443324,0.9225806451612902
2018-11-13,0.7924812030075187,0.8811111111111111,0.8677419354838709,0.875,0.9118387909319899,0.9241935483870968
2018-11-14,0.7849624060150375,0.87,0.8564516129032257,0.8619791666666667,0.9017632241813601,0.9161290322580644
2018-11-15,0.7984962406015037,0.8788888888888889,0.8629032258064515,0.8684895833333334,0.906801007556675,0.9258064516129032
2018-11-16,0.7947368421052632,0.88,0.8612903225806451,0.8671875,0.906801007556675,0.9290322580645161
2018-11-19,0.8157894736842105,0.89,0.8725806451612903,0.8802083333333334,0.9168765743073047,0.9354838709677419
2018-11-20,0.7947368421052632,0.8733333333333334,0.8629032258064515,0.875,0.906801007556675,0.9209677419354838
2018-11-21,0.7977443609022555,0.8755555555555555,0.864516129032258,0.875,0.9093198992443324,0.9225806451612902
2018-11-22,0.793233082706767,0.8755555555555555,0.864516129032258,0.8710937500000001,0.9093198992443324,0.9193548387096774
2018-11-23,0.7759398496240602,0.86,0.8596774193548387,0.8658854166666667,0.9042821158690175,0.9096774193548386
2018-11-26,0.7774436090225564,0.8622222222222222,0.8629032258064515,0.8710937500000001,0.906801007556675,0.9112903225806452
2018-11-27,0.7654135338345864,0.8588888888888889,0.8596774193548387,0.8671875,0.9017632241813601,0.9096774193548386
2018-11-28,0.7729323308270676,0.8644444444444445,0.8629032258064515,0.8710937500000001,0.906801007556675,0.9129032258064516
2018-11-29,0.7669172932330827,0.86,0.8596774193548387,0.86328125,0.9042821158690175,0.9080645161290322
2018-11-30,0.7789473684210525,0.8655555555555555,0.8596774193548387,0.8658854166666667,0.9093198992443324,0.914516129032258
2018-12-03,0.7962406015037593,0.8744444444444445,0.8725806451612903,0.8815104166666666,0.9193954659949621,0.9241935483870968
2018-12-04,0.7962406015037593,0.8744444444444445,0.8741935483870967,0.8815104166666666,0.9219143576826196,0.9241935483870968
2018-12-05,0.7857142857142856,0.8677777777777778,0.8709677419354839,0.8763020833333334,0.9168765743073047,0.917741935483871
2018-12-06,0.7706766917293233,0.8566666666666667,0.8629032258064515,0.8645833333333334,0.9093198992443324,0.9064516129032258
2018-12-07,0.7729323308270676,0.8577777777777778,0.8629032258064515,0.86328125,0.906801007556675,0.9080645161290322
2018-12-10,0.7646616541353383,0.8500000000000001,0.8596774193548387,0.8541666666666666,0.8992443324937027,0.8951612903225806
2018-12-11,0.7691729323308271,0.8511111111111112,0.8596774193548387,0.8580729166666666,0.8992443324937027,0.896774193548387
2018-12-12,0.7699248120300751,0.8522222222222222,0.8612903225806451,0.8645833333333334,0.9042821158690175,0.8983870967741936
2018-12-13,0.781203007518797,0.8577777777777778,0.8693548387096773,0.8763020833333334,0.906801007556675,0.9016129032258065
2018-12-14,0.7646616541353383,0.8422222222222222,0.8629032258064515,0.8606770833333334,0.9017632241813601,0.8951612903225806
2018-12-17,0.7736842105263156,0.8388888888888889,0.8661290322580645,0.8671875,0.9093198992443324,0.8983870967741936
2018-12-18,0.7609022556390976,0.8377777777777777,0.8629032258064515,0.8606770833333334,0.9042821158690175,0.8903225806451612
2018-12-19,0.7473684210526315,0.8322222222222222,0.8596774193548387,0.8515625,0.9017632241813601,0.8870967741935484
2018-12-20,0.7300751879699249,0.8255555555555555,0.8435483870967743,0.8333333333333334,0.8967254408060453,0.8774193548387097
2018-12-21,0.7105263157894736,0.8188888888888889,0.8370967741935484,0.8203125,0.8992443324937027,0.8725806451612903
2018-12-24,0.7082706766917293,0.8188888888888889,0.8419354838709677,0.8203125,0.9042821158690175,0.8838709677419355
2018-12-25,0.7022556390977444,0.8111111111111111,0.8435483870967743,0.8177083333333334,0.9093198992443324,0.8693548387096773
2018-12-26,0.6992481203007519,0.8088888888888889,0.8499999999999999,0.8190104166666667,0.9143576826196473,0.8693548387096773
2018-12-27,0.6977443609022556,0.81,0.8516129032258065,0.8190104166666667,0.9143576826196473,0.8661290322580645
2018-12-28,0.7052631578947368,0.8211111111111111,0.8532258064516128,0.8294270833333334,0.9093198992443324,0.8790322580645161
2019-01-02,0.6909774436090225,0.8122222222222222,0.8387096774193549,0.8138020833333334,0.8916876574307304,0.8596774193548387
2019-01-03,0.6977443609022556,0.8166666666666667,0.8387096774193549,0.8151041666666666,0.8942065491183878,0.8612903225806451
2019-01-04,0.7330827067669172,0.8322222222222222,0.8499999999999999,0.8281250000000001,0.9017632241813601,0.8774193548387097
2019-01-07,0.7323308270676692,0.8277777777777778,0.8451612903225807,0.8255208333333334,0.8992443324937027,0.8741935483870967
2019-01-08,0.7263157894736841,0.8233333333333334,0.8387096774193549,0.8255208333333334,0.8916876574307304,0.8758064516129032
2019-01-09,0.7473684210526315,0.8277777777777778,0.8483870967741934,0.8346354166666667,0.8942065491183878,0.8838709677419355
2019-01-10,0.7593984962406014,0.8244444444444444,0.8419354838709677,0.8255208333333334,0.8866498740554156,0.8741935483870967
2019-01-11,0.7669172932330827,0.8288888888888889,0.8451612903225807,0.8281250000000001,0.8891687657430729,0.8758064516129032
2019-01-14,0.7601503759398496,0.8188888888888889,0.8387096774193549,0.8203125,0.8816120906801007,0.8790322580645161
2019-01-15,0.7699248120300751,0.8277777777777778,0.8435483870967743,0.8307291666666666,0.8866498740554156,0.882258064516129
2019-01-16,0.7879699248120301,0.8255555555555555,0.8451612903225807,0.8346354166666667,0.8866498740554156,0.8790322580645161
2019-01-17,0.7706766917293233,0.8222222222222223,0.8467741935483871,0.83984375,0.8891687657430729,0.8806451612903226
2019-01-18,0.7842105263157894,0.8333333333333334,0.8693548387096773,0.8645833333333334,0.8967254408060453,0.8951612903225806
2019-01-21,0.7774436090225564,0.8311111111111111,0.8790322580645161,0.8684895833333334,0.8992443324937027,0.8903225806451612
2019-01-22,0.7729323308270676,0.8244444444444444,0.8693548387096773,0.859375,0.8967254408060453,0.8806451612903226
2019-01-23,0.7781954887218044,0.8255555555555555,0.8774193548387097,0.8658854166666667,0.8992443324937027,0.882258064516129
2019-01-24,0.7909774436090224,0.8277777777777778,0.8806451612903226,0.8697916666666666,0.9042821158690175,0.882258064516129
2019-01-25,0.8270676691729323,0.8355555555555555,0.8903225806451612,0.88671875,0.9118387909319899,0.8951612903225806
2019-01-28,0.8225563909774435,0.8333333333333334,0.8870967741935484,0.8815104166666666,0.9093198992443324,0.9048387096774194
2019-01-29,0.8270676691729323,0.8377777777777777,0.8935483870967742,0.8919270833333334,0.9168765743073047,0.9096774193548386
2019-01-30,0.8233082706766917,0.8344444444444444,0.8951612903225806,0.8932291666666667,0.9143576826196473,0.9064516129032258
2019-01-31,0.8345864661654134,0.8411111111111111,0.9129032258064516,0.9205729166666667,0.9269521410579346,0.9225806451612902
2019-02-01,0.8421052631578947,0.8422222222222222,0.9112903225806452,0.9192708333333334,0.9269521410579346,0.9193548387096774
2019-02-11,0.8428571428571429,0.8500000000000001,0.9096774193548386,0.9192708333333334,0.924433249370277,0.9193548387096774
2019-02-12,0.8413533834586465,0.8533333333333333,0.9112903225806452,0.91796875,0.9269521410579346,0.917741935483871
2019-02-13,0.8556390977443609,0.87,0.9209677419354838,0.9257812500000001,0.9370277078085643,0.9290322580645161
2019-02-14,0.8458646616541353,0.8655555555555555,0.9112903225806452,0.9153645833333334,0.9319899244332494,0.9225806451612902
2019-02-15,0.8233082706766917,0.8511111111111112,0.8887096774193548,0.890625,0.9193954659949621,0.9064516129032258
2019-02-18,0.8541353383458645,0.8677777777777778,0.9032258064516128,0.9075520833333334,0.9319899244332494,0.9225806451612902
2019-02-19,0.8473684210526315,0.8666666666666667,0.8983870967741936,0.9075520833333334,0.9269521410579346,0.9306451612903225
2019-02-20,0.8578947368421053,0.8633333333333333,0.8983870967741936,0.9075520833333334,0.9269521410579346,0.9290322580645161
2019-02-21,0.8541353383458645,0.8566666666666667,0.896774193548387,0.9036458333333334,0.924433249370277,0.9274193548387096
2019-02-22,0.8676691729323307,0.87,0.8951612903225806,0.9049479166666667,0.9294710327455918,0.9532258064516129
2019-02-25,0.943609022556391,0.9288888888888889,0.9516129032258065,0.9609375,0.9773299748110831,1.043548387096774
2019-02-26,0.9172932330827067,0.9133333333333334,0.9306451612903225,0.9361979166666667,0.9672544080604533,1.0161290322580645
2019-02-27,0.9323308270676691,0.9288888888888889,0.9370967741935483,0.9440104166666667,0.9773299748110831,1.0403225806451613
2019-02-28,0.9293233082706766,0.9244444444444445,0.9274193548387096,0.9348958333333334,0.9672544080604533,1.0564516129032258
2019-03-01,0.9593984962406015,0.9533333333333334,0.9435483870967741,0.9557291666666666,0.9823677581863979,1.1209677419354838
2019-03-04,0.9766917293233083,0.9500000000000001,0.9451612903225807,0.9583333333333334,0.9874055415617128,1.114516129032258
2019-03-05,0.9819548872180451,0.9466666666666667,0.9387096774193548,0.9505208333333334,0.9823677581863979,1.1048387096774193
2019-03-06,0.9834586466165413,0.9544444444444444,0.9435483870967741,0.9544270833333334,0.9899244332493703,1.0951612903225807
2019-03-07,0.9578947368421052,0.9500000000000001,0.9290322580645161,0.9375000000000001,0.9798488664987406,1.0806451612903225
2019-03-08,0.924812030075188,0.9044444444444445,0.9016129032258065,0.8997395833333334,0.9445843828715365,1.020967741935484
2019-03-11,0.9263157894736842,0.921111111111111,0.9048387096774194,0.9075520833333334,0.9546599496221662,1.0225806451612902
2019-03-12,0.9293233082706766,0.9244444444444445,0.9064516129032258,0.9127604166666666,0.964735516372796,1.0274193548387096
2019-03-13,0.9300751879699247,0.921111111111111,0.9,0.9049479166666667,0.9571788413098236,1.020967741935484
2019-03-14,0.9345864661654134,0.9166666666666666,0.8983870967741936,0.9049479166666667,0.9546599496221662,1.0225806451612902
2019-03-15,0.9398496240601504,0.9155555555555556,0.9,0.9153645833333334,0.9546599496221662,1.0258064516129033
2019-03-18,0.9706766917293232,0.9311111111111112,0.9112903225806452,0.9309895833333334,0.9672544080604533,1.043548387096774
2019-03-19,0.9616541353383458,0.9277777777777777,0.9112903225806452,0.9296875,0.9596977329974811,1.032258064516129
2019-03-20,0.9586466165413533,0.9311111111111112,0.9048387096774194,0.9296875,0.9546599496221662,1.0290322580645161
2019-03-21,0.9541353383458646,0.9277777777777777,0.9016129032258065,0.9205729166666667,0.9546599496221662,1.020967741935484
2019-03-22,0.9466165413533834,0.9233333333333333,0.9,0.9153645833333334,0.9571788413098236,1.0161290322580645
2019-03-25,0.9105263157894736,0.9088888888888889,0.882258064516129,0.890625,0.9395465994962217,0.9919354838709677
2019-03-26,0.9097744360902255,0.8999999999999999,0.8790322580645161,0.88671875,0.9370277078085643,0.9838709677419354
2019-03-27,0.9308270676691729,0.9055555555555556,0.8887096774193548,0.8984375000000001,0.9395465994962217,0.9919354838709677
2019-03-28,0.9187969924812031,0.8988888888888888,0.8790322580645161,0.8880208333333334,0.9345088161209067,0.982258064516129
2019-03-29,0.9639097744360902,0.9166666666666666,0.8983870967741936,0.9049479166666667,0.9496221662468514,1.014516129032258
2019-04-01,0.9909774436090225,0.9388888888888888,0.9096774193548386,0.9296875,0.964735516372796,1.032258064516129
2019-04-02,1.0045112781954886,0.9322222222222223,0.9129032258064516,0.9322916666666667,0.964735516372796,1.0258064516129033
2019-04-03,1.0105263157894735,0.9388888888888888,0.9193548387096774,0.9414062500000001,0.9672544080604533,1.0306451612903225
2019-04-04,1.0421052631578946,0.9511111111111111,0.9370967741935483,0.9687500000000001,0.9798488664987406,1.0483870967741935
2019-04-08,1.049624060150376,0.9555555555555555,0.9387096774193548,0.9609375,0.9823677581863979,1.058064516129032
2019-04-09,1.0383458646616541,0.9466666666666667,0.932258064516129,0.9544270833333334,0.9748110831234257,1.0467741935483872
2019-04-10,1.0323308270676692,0.9444444444444444,0.9274193548387096,0.9518229166666666,0.9722921914357682,1.0370967741935484
2019-04-11,1.0180451127819548,0.9366666666666666,0.9241935483870968,0.9414062500000001,0.9722921914357682,1.0274193548387096
2019-04-12,1.0090225563909774,0.9377777777777777,0.9241935483870968,0.9401041666666666,0.9748110831234257,1.0193548387096774
2019-04-15,1.0293233082706765,0.9388888888888888,0.9370967741935483,0.9596354166666667,0.9798488664987406,1.0258064516129033
2019-04-16,1.0962406015037593,0.9688888888888889,0.9677419354838709,1.0065104166666667,1.0075566750629723,1.0725806451612903
2019-04-17,1.0789473684210527,0.9666666666666666,0.9693548387096773,1.0104166666666667,1.0151133501259446,1.0693548387096774
2019-04-18,1.0781954887218044,0.9722222222222222,0.9580645161290323,0.98828125,1.0075566750629723,1.0548387096774194
2019-04-19,1.1075187969924811,0.9644444444444444,0.9645161290322581,0.9921875,1.0151133501259446,1.0548387096774194
2019-04-22,1.0639097744360901,0.9444444444444444,0.9403225806451613,0.9596354166666667,0.9899244332493703,1.0338709677419355
2019-04-23,1.0578947368421052,0.9411111111111112,0.9370967741935483,0.9622395833333334,0.9949622166246851,1.0241935483870968
2019-04-24,1.0857142857142856,0.9444444444444444,0.9370967741935483,0.96484375,0.9848866498740554,1.0241935483870968
2019-04-25,1.062406015037594,0.9277777777777777,0.9241935483870968,0.9544270833333334,0.9798488664987406,1.011290322580645
2019-04-26,1.0368421052631578,0.9133333333333334,0.9209677419354838,0.9453125,0.9722921914357682,1.0129032258064516
2019-04-29,1.0601503759398496,0.9166666666666666,0.9354838709677419,0.96484375,0.9798488664987406,1.0225806451612902
2019-04-30,1.0413533834586466,0.8911111111111111,0.9370967741935483,0.9687500000000001,0.9798488664987406,1.014516129032258
2019-05-06,0.9676691729323307,0.8555555555555556,0.9225806451612902,0.9309895833333334,0.9521410579345088,0.9838709677419354
2019-05-07,0.9736842105263157,0.8433333333333333,0.9129032258064516,0.9257812500000001,0.9521410579345088,0.9806451612903225
2019-05-08,0.9473684210526315,0.8366666666666667,0.9016129032258065,0.9127604166666666,0.9370277078085643,0.9612903225806452
2019-05-09,0.9142857142857143,0.8355555555555555,0.8903225806451612,0.8984375000000001,0.9294710327455918,0.9483870967741935
2019-05-10,0.9533834586466164,0.8455555555555556,0.9048387096774194,0.9114583333333334,0.9445843828715365,0.9612903225806452
2019-05-13,0.924812030075188,0.8333333333333334,0.8935483870967742,0.90625,0.9345088161209067,0.9467741935483871
2019-05-14,0.9390977443609022,0.83,0.8903225806451612,0.9010416666666667,0.9269521410579346,0.9403225806451613
2019-05-15,0.9714285714285714,0.8411111111111111,0.8983870967741936,0.9140625,0.9445843828715365,0.95
2019-05-16,0.9661654135338346,0.8433333333333333,0.9016129032258065,0.9114583333333334,0.9521410579345088,0.9516129032258065
2019-05-17,0.9353383458646616,0.8311111111111111,0.8983870967741936,0.9010416666666667,0.9395465994962217,0.9354838709677419
2019-05-20,0.9308270676691729,0.8322222222222222,0.9048387096774194,0.90625,0.9622166246851385,0.9370967741935483
2019-05-21,0.9443609022556391,0.84,0.9096774193548386,0.9114583333333334,0.9571788413098236,0.9451612903225807
2019-05-22,0.9323308270676691,0.8366666666666667,0.9112903225806452,0.9088541666666667,0.9596977329974811,0.9435483870967741
2019-05-23,0.9240601503759397,0.8311111111111111,0.9112903225806452,0.90625,0.9546599496221662,0.9338709677419355
2019-05-24,0.9285714285714285,0.8311111111111111,0.9193548387096774,0.9127604166666666,0.9546599496221662,0.9387096774193548
2019-05-27,0.9300751879699247,0.8366666666666667,0.9112903225806452,0.9101562500000001,0.9596977329974811,0.9467741935483871
2019-05-28,0.9390977443609022,0.84,0.914516129032258,0.9127604166666666,0.9672544080604533,0.9403225806451613
2019-05-29,0.9323308270676691,0.8333333333333334,0.9112903225806452,0.90625,0.9672544080604533,0.9354838709677419
2019-05-30,0.9187969924812031,0.8344444444444444,0.914516129032258,0.9101562500000001,0.9798488664987406,0.9338709677419355
2019-05-31,0.9157894736842105,0.8333333333333334,0.9048387096774194,0.9088541666666667,0.9773299748110831,0.932258064516129
2019-06-03,0.8947368421052632,0.8366666666666667,0.9193548387096774,0.9127604166666666,0.9319899244332494,0.9403225806451613
2019-06-04,0.8909774436090225,0.8366666666666667,0.9241935483870968,0.921875,0.9319899244332494,0.9387096774193548
2019-06-05,0.9,0.8377777777777777,0.9290322580645161,0.9322916666666667,0.9370277078085643,0.9435483870967741
2019-06-06,0.8962406015037594,0.8344444444444444,0.9241935483870968,0.9322916666666667,0.9370277078085643,0.9435483870967741
2019-06-10,0.9278195488721804,0.8411111111111111,0.932258064516129,0.9479166666666667,0.9420654911838791,0.9548387096774194
2019-06-11,0.9511278195488722,0.8511111111111112,0.9338709677419355,0.9505208333333334,0.9471032745591939,0.9645161290322581
2019-06-12,0.9451127819548872,0.8477777777777777,0.9290322580645161,0.9440104166666667,0.9395465994962217,0.9564516129032258
2019-06-13,0.9466165413533834,0.8466666666666667,0.9241935483870968,0.9401041666666666,0.9395465994962217,0.9532258064516129
2019-06-14,0.9390977443609022,0.8433333333333333,0.9258064516129032,0.9401041666666666,0.9395465994962217,0.9467741935483871
2019-06-17,0.9526315789473684,0.8455555555555556,0.9258064516129032,0.9453125,0.9420654911838791,0.9516129032258065
2019-06-18,0.9624060150375939,0.8466666666666667,0.9258064516129032,0.95703125,0.9471032745591939,0.9532258064516129
2019-06-19,0.9827067669172932,0.8511111111111112,0.932258064516129,0.9713541666666667,0.9521410579345088,0.9596774193548387
2019-06-20,1.037593984962406,0.8655555555555555,0.9419354838709677,0.9817708333333334,0.9596977329974811,0.9758064516129031
2019-06-21,1.025563909774436,0.8644444444444445,0.9435483870967741,0.96484375,0.9496221662468514,0.982258064516129
2019-06-24,1.0293233082706765,0.8655555555555555,0.9483870967741935,0.9687500000000001,0.9521410579345088,0.9774193548387096
2019-06-25,1.0097744360902254,0.8555555555555556,0.9403225806451613,0.9557291666666666,0.9445843828715365,0.9629032258064515
2019-06-26,1.0052631578947366,0.8555555555555556,0.9435483870967741,0.9609375,0.9420654911838791,0.9645161290322581
2019-06-27,1.0308270676691729,0.8555555555555556,0.9532258064516129,0.96484375,0.9445843828715365,0.9693548387096773
2019-06-28,1.0360902255639097,0.8555555555555556,0.95,0.9687500000000001,0.9420654911838791,0.9629032258064515
2019-07-01,1.0473684210526315,0.8633333333333333,0.9548387096774194,0.9713541666666667,0.9471032745591939,0.9790322580645161
2019-07-02,1.0661654135338345,0.8644444444444445,0.9564516129032258,0.9739583333333334,0.9496221662468514,0.9758064516129031
2019-07-03,1.0533834586466164,0.8677777777777778,0.914516129032258,0.9778645833333334,0.9496221662468514,0.9774193548387096
2019-07-04,1.0518796992481203,0.8677777777777778,0.9161290322580644,0.9765625,0.9496221662468514,0.9806451612903225
2019-07-05,1.0466165413533834,0.8666666666666667,0.914516129032258,0.9817708333333334,0.9445843828715365,0.9758064516129031
2019-07-08,1.0218045112781955,0.8544444444444445,0.9016129032258065,0.9713541666666667,0.9345088161209067,0.9564516129032258
2019-07-09,1.0218045112781955,0.8533333333333333,0.9,0.9635416666666667,0.9345088161209067,0.9548387096774194
2019-07-10,1.019548872180451,0.8488888888888888,0.8951612903225806,0.9101562500000001,0.9319899244332494,0.9467741935483871
2019-07-11,1.0180451127819548,0.8311111111111111,0.8983870967741936,0.9166666666666667,0.9345088161209067,0.9451612903225807
2019-07-12,1.0616541353383457,0.8355555555555555,0.9064516129032258,0.93359375,0.9370277078085643,0.9564516129032258
2019-07-15,1.0526315789473684,0.8355555555555555,0.9032258064516128,0.9348958333333334,0.9319899244332494,0.9564516129032258
2019-07-16,1.0338345864661653,0.8366666666666667,0.9048387096774194,0.9348958333333334,0.9294710327455918,0.9596774193548387
2019-07-17,1.0293233082706765,0.8322222222222222,0.896774193548387,0.9283854166666667,0.924433249370277,0.9596774193548387
2019-07-18,1.0278195488721804,0.8277777777777778,0.8983870967741936,0.9414062500000001,0.9193954659949621,0.9548387096774194
2019-07-19,1.0518796992481203,0.8333333333333334,0.9032258064516128,0.9440104166666667,0.924433249370277,0.9596774193548387
2019-07-22,1.0413533834586466,0.83,0.9096774193548386,0.9401041666666666,0.924433249370277,0.914516129032258
2019-07-23,1.0345864661654134,0.8311111111111111,0.9129032258064516,0.94921875,0.9294710327455918,0.9193548387096774
2019-07-24,1.043609022556391,0.8355555555555555,0.917741935483871,0.9596354166666667,0.9294710327455918,0.9306451612903225
2019-07-25,1.0676691729323307,0.8411111111111111,0.917741935483871,0.96484375,0.9319899244332494,0.9435483870967741
2019-07-26,1.069924812030075,0.8411111111111111,0.917741935483871,0.9583333333333334,0.9319899244332494,0.9435483870967741
2019-07-29,1.0744360902255639,0.84,0.9112903225806452,0.9596354166666667,0.9319899244332494,0.9467741935483871
2019-07-30,1.0804511278195488,0.8466666666666667,0.9129032258064516,0.9635416666666667,0.9370277078085643,0.9612903225806452
2019-07-31,1.062406015037594,0.84,0.9096774193548386,0.9596354166666667,0.9345088161209067,0.9580645161290323
2019-08-01,1.0601503759398496,0.8366666666666667,0.9048387096774194,0.9544270833333334,0.9269521410579346,0.9532258064516129
2019-08-02,1.0330827067669173,0.83,0.896774193548387,0.9388020833333334,0.9168765743073047,0.9387096774193548
2019-08-05,1.0037593984962405,0.8144444444444444,0.8838709677419355,0.9244791666666666,0.9017632241813601,0.917741935483871
2019-08-06,1.0052631578947366,0.8033333333333333,0.8725806451612903,0.9153645833333334,0.8891687657430729,0.9016129032258065
2019-08-07,1.0180451127819548,0.8011111111111111,0.8693548387096773,0.9153645833333334,0.8866498740554156,0.9080645161290322
2019-08-08,1.081203007518797,0.8044444444444445,0.8758064516129032,0.9296875,0.8916876574307304,0.9112903225806452
2019-08-09,1.0917293233082705,0.8066666666666666,0.8806451612903226,0.9296875,0.8967254408060453,0.9048387096774194
2019-08-12,1.1368421052631579,0.8177777777777778,0.8887096774193548,0.9361979166666667,0.9017632241813601,0.9080645161290322
2019-08-13,1.1195488721804512,0.81,0.8887096774193548,0.9244791666666666,0.9017632241813601,0.896774193548387
2019-08-14,1.125563909774436,0.81,0.8919354838709678,0.921875,0.8992443324937027,0.896774193548387
2019-08-15,1.1233082706766917,0.8066666666666666,0.896774193548387,0.9244791666666666,0.9017632241813601,0.8919354838709678
2019-08-16,1.1203007518796992,0.8044444444444445,0.8870967741935484,0.9231770833333334,0.8992443324937027,0.8903225806451612
2019-08-19,1.1218045112781954,0.8155555555555556,0.882258064516129,0.9205729166666667,0.9017632241813601,0.9016129032258065
2019-08-20,1.1270676691729322,0.8144444444444444,0.8741935483870967,0.9101562500000001,0.8967254408060453,0.8935483870967742
2019-08-21,1.0864661654135337,0.8111111111111111,0.8758064516129032,0.9114583333333334,0.8942065491183878,0.8983870967741936
2019-08-22,1.0759398496240602,0.8133333333333334,0.8693548387096773,0.9049479166666667,0.8916876574307304,0.8951612903225806
2019-08-23,1.1015037593984962,0.8144444444444444,0.8741935483870967,0.9127604166666666,0.8916876574307304,0.8983870967741936
2019-08-26,1.0714285714285714,0.8077777777777777,0.8677419354838709,0.90234375,0.8866498740554156,0.8903225806451612
2019-08-27,1.0759398496240602,0.8055555555555556,0.8741935483870967,0.9049479166666667,0.8992443324937027,0.8951612903225806
2019-08-28,1.0729323308270675,0.81,0.8709677419354839,0.9049479166666667,0.8916876574307304,0.8983870967741936
2019-08-29,1.062406015037594,0.8066666666666666,0.8741935483870967,0.9036458333333334,0.8891687657430729,0.9016129032258065
2019-08-30,1.0646616541353382,0.8044444444444445,0.8693548387096773,0.8984375000000001,0.8891687657430729,0.9016129032258065
2019-09-02,1.0864661654135337,0.8122222222222222,0.8693548387096773,0.8958333333333334,0.8916876574307304,0.9096774193548386
2019-09-03,1.0751879699248121,0.8122222222222222,0.8709677419354839,0.8958333333333334,0.8942065491183878,0.9161290322580644
2019-09-04,1.0857142857142856,0.8233333333333334,0.882258064516129,0.9114583333333334,0.906801007556675,0.9290322580645161
2019-09-05,1.0962406015037593,0.83,0.8870967741935484,0.9231770833333334,0.9118387909319899,0.9258064516129032
2019-09-06,1.113533834586466,0.8333333333333334,0.8903225806451612,0.9257812500000001,0.9143576826196473,0.9306451612903225
2019-09-09,1.1045112781954887,0.8355555555555555,0.8887096774193548,0.9231770833333334,0.9143576826196473,0.9354838709677419
2019-09-10,1.093984962406015,0.8333333333333334,0.8870967741935484,0.9192708333333334,0.9118387909319899,0.932258064516129
2019-09-11,1.0947368421052632,0.8388888888888889,0.8951612903225806,0.9296875,0.9219143576826196,0.9387096774193548
2019-09-12,1.1037593984962406,0.8411111111111111,0.8983870967741936,0.9296875,0.9219143576826196,0.9419354838709677
2019-09-16,1.0864661654135337,0.8377777777777777,0.8983870967741936,0.9270833333333334,0.9219143576826196,0.9354838709677419
2019-09-17,1.0706766917293233,0.8266666666666667,0.8887096774193548,0.9166666666666667,0.9118387909319899,0.9225806451612902
2019-09-18,1.0834586466165412,0.8255555555555555,0.8870967741935484,0.91796875,0.906801007556675,0.9209677419354838
2019-09-19,1.1157894736842104,0.83,0.8870967741935484,0.91796875,0.9093198992443324,0.9225806451612902
2019-09-20,1.1533834586466165,0.8344444444444444,0.8919354838709678,0.921875,0.9093198992443324,0.9193548387096774
2019-09-23,1.156390977443609,0.8277777777777778,0.8838709677419355,0.9101562500000001,0.906801007556675,0.9129032258064516
2019-09-24,1.1413533834586465,0.8288888888888889,0.8870967741935484,0.90625,0.906801007556675,0.9161290322580644
2019-09-25,1.1842105263157894,0.8255555555555555,0.885483870967742,0.9088541666666667,0.9042821158690175,0.9193548387096774
2019-09-26,1.181203007518797,0.8344444444444444,0.8951612903225806,0.91796875,0.9093198992443324,0.9306451612903225
2019-09-27,1.1954887218045112,0.8311111111111111,0.8935483870967742,0.9205729166666667,0.906801007556675,0.9225806451612902
2019-09-30,1.1721804511278195,0.82,0.8919354838709678,0.9101562500000001,0.9017632241813601,0.9096774193548386
2019-10-08,1.2180451127819547,0.8266666666666667,0.896774193548387,0.921875,0.906801007556675,0.9258064516129032
2019-10-09,1.2218045112781954,0.8355555555555555,0.9,0.9296875,0.9118387909319899,0.9419354838709677
2019-10-10,1.2210526315789472,0.8366666666666667,0.8983870967741936,0.9296875,0.906801007556675,0.9548387096774194
2019-10-11,1.26390977443609,0.8455555555555556,0.9096774193548386,0.9388020833333334,0.9168765743073047,0.9677419354838709
2019-10-14,1.294736842105263,0.8633333333333333,0.9225806451612902,0.9505208333333334,0.924433249370277,0.9887096774193548
2019-10-15,1.2917293233082705,0.8633333333333333,0.9225806451612902,0.9583333333333334,0.9269521410579346,0.9838709677419354
2019-10-16,1.2624060150375938,0.8555555555555556,0.9225806451612902,0.9466145833333333,0.9294710327455918,0.9790322580645161
2019-10-17,1.2556390977443608,0.8511111111111112,0.9209677419354838,0.9453125,0.9269521410579346,0.9709677419354837
2019-10-18,1.2413533834586468,0.84,0.914516129032258,0.9440104166666667,0.9219143576826196,0.9709677419354837
2019-10-21,1.2699248120300752,0.8522222222222222,0.9338709677419355,0.9583333333333334,0.9294710327455918,1.0129032258064516
2019-10-22,1.2345864661654136,0.8511111111111112,0.9370967741935483,0.9596354166666667,0.9294710327455918,1.0129032258064516
2019-10-23,1.2368421052631577,0.8500000000000001,0.9467741935483871,0.9609375,0.9345088161209067,1.0048387096774194
2019-10-24,1.268421052631579,0.8555555555555556,0.9548387096774194,0.9674479166666666,0.9445843828715365,1.0080645161290323
2019-10-25,1.269172932330827,0.8511111111111112,0.9645161290322581,0.9687500000000001,0.9395465994962217,1.011290322580645
2019-10-28,1.2526315789473683,0.8488888888888888,0.9564516129032258,0.9583333333333334,0.9345088161209067,0.9983870967741936
2019-10-29,1.2714285714285714,0.8422222222222222,0.9532258064516129,0.9505208333333334,0.9294710327455918,1.0048387096774194
2019-10-30,1.2353383458646616,0.8433333333333333,0.9596774193548387,0.9531250000000001,0.9294710327455918,1.0032258064516129
2019-10-31,1.2225563909774437,0.8322222222222222,0.9532258064516129,0.94921875,0.9319899244332494,0.9887096774193548
2019-11-01,1.2676691729323306,0.84,0.9580645161290323,0.9505208333333334,0.9319899244332494,1.0064516129032257
2019-11-04,1.2721804511278196,0.8466666666666667,0.9516129032258065,0.9557291666666666,0.9319899244332494,1.020967741935484
2019-11-05,1.289473684210526,0.8555555555555556,0.9548387096774194,0.9609375,0.9370277078085643,1.0306451612903225
2019-11-06,1.275187969924812,0.8577777777777778,0.9645161290322581,0.9752604166666667,0.9420654911838791,1.032258064516129
2019-11-07,1.2699248120300752,0.8555555555555556,0.9596774193548387,0.9752604166666667,0.9395465994962217,1.0290322580645161
2019-11-08,1.25187969924812,0.8488888888888888,0.9467741935483871,0.95703125,0.9269521410579346,1.011290322580645
2019-11-11,1.2240601503759398,0.8366666666666667,0.9306451612903225,0.9401041666666666,0.9168765743073047,0.996774193548387
2019-11-12,1.2278195488721804,0.8388888888888889,0.9354838709677419,0.9427083333333334,0.9219143576826196,0.9935483870967742
2019-11-13,1.2278195488721804,0.8333333333333334,0.932258064516129,0.9361979166666667,0.9193954659949621,0.9854838709677419
2019-11-14,1.2270676691729323,0.8311111111111111,0.9274193548387096,0.9322916666666667,0.9118387909319899,0.9806451612903225
2019-11-15,1.2285714285714284,0.8277777777777778,0.9338709677419355,0.9309895833333334,0.9093198992443324,0.982258064516129
2019-11-18,1.2368421052631577,0.8322222222222222,0.9387096774193548,0.93359375,0.9118387909319899,0.9870967741935484
2019-11-19,1.2338345864661653,0.8355555555555555,0.9435483870967741,0.9361979166666667,0.9143576826196473,0.9854838709677419
2019-11-20,1.1917293233082706,0.8255555555555555,0.9354838709677419,0.9257812500000001,0.9118387909319899,0.9693548387096773
2019-11-21,1.1924812030075187,0.8222222222222223,0.9241935483870968,0.9283854166666667,0.9143576826196473,0.9693548387096773
2019-11-22,1.1721804511278195,0.8233333333333334,0.9209677419354838,0.9296875,0.9093198992443324,0.9693548387096773
2019-11-25,1.1879699248120301,0.8311111111111111,0.9403225806451613,0.9388020833333334,0.9193954659949621,0.9790322580645161
2019-11-26,1.1744360902255637,0.8355555555555555,0.9435483870967741,0.9388020833333334,0.924433249370277,0.9919354838709677
2019-11-27,1.1631578947368422,0.8277777777777778,0.9483870967741935,0.9401041666666666,0.9219143576826196,0.9741935483870967
2019-11-28,1.1646616541353383,0.8277777777777778,0.9419354838709677,0.9296875,0.9193954659949621,0.9693548387096773
2019-11-29,1.1496240601503758,0.8255555555555555,0.9338709677419355,0.9244791666666666,0.9143576826196473,0.9677419354838709
2019-12-02,1.1548872180451126,0.8255555555555555,0.9370967741935483,0.9270833333333334,0.9118387909319899,0.9612903225806452
2019-12-03,1.1616541353383458,0.8266666666666667,0.9338709677419355,0.9309895833333334,0.9093198992443324,0.9612903225806452
2019-12-04,1.151127819548872,0.8211111111111111,0.9290322580645161,0.9296875,0.906801007556675,0.9596774193548387
2019-12-05,1.1601503759398495,0.8244444444444444,0.9306451612903225,0.9296875,0.9118387909319899,0.9629032258064515
2019-12-06,1.1729323308270676,0.8255555555555555,0.9274193548387096,0.9296875,0.9118387909319899,0.9629032258064515
2019-12-09,1.1586466165413534,0.8266666666666667,0.9258064516129032,0.9231770833333334,0.9118387909319899,0.9612903225806452
2019-12-10,1.1526315789473685,0.8277777777777778,0.9193548387096774,0.9205729166666667,0.9093198992443324,0.9532258064516129
2019-12-11,1.1774436090225564,0.8288888888888889,0.9274193548387096,0.9244791666666666,0.9093198992443324,0.9645161290322581
2019-12-12,1.1729323308270676,0.8266666666666667,0.9258064516129032,0.9257812500000001,0.9093198992443324,0.9661290322580646
2019-12-13,1.21203007518797,0.8355555555555555,0.9387096774193548,0.9375000000000001,0.9193954659949621,0.9870967741935484
2019-12-16,1.2127819548872179,0.8355555555555555,0.932258064516129,0.9309895833333334,0.9193954659949621,0.9870967741935484
2019-12-17,1.2406015037593985,0.8500000000000001,0.9419354838709677,0.9414062500000001,0.9269521410579346,1.0032258064516129
2019-12-18,1.237593984962406,0.8466666666666667,0.9467741935483871,0.9427083333333334,0.924433249370277,1.0048387096774194
2019-12-19,1.244360902255639,0.8522222222222222,0.9564516129032258,0.9453125,0.9294710327455918,1.0032258064516129
2019-12-20,1.2473684210526315,0.8488888888888888,0.9580645161290323,0.9440104166666667,0.9319899244332494,0.9935483870967742
2019-12-23,1.2210526315789472,0.84,0.9483870967741935,0.9361979166666667,0.924433249370277,0.9887096774193548
2019-12-24,1.2330827067669172,0.8433333333333333,0.9451612903225807,0.9361979166666667,0.924433249370277,0.9887096774193548
2019-12-25,1.2255639097744362,0.8388888888888889,0.9403225806451613,0.93359375,0.9219143576826196,0.9838709677419354
2019-12-26,1.238345864661654,0.8433333333333333,0.9451612903225807,0.9414062500000001,0.9269521410579346,0.9903225806451612
2019-12-27,1.250375939849624,0.8477777777777777,0.9516129032258065,0.9440104166666667,0.9294710327455918,0.9935483870967742
2019-12-30,1.2458646616541353,0.8500000000000001,0.95,0.9414062500000001,0.9345088161209067,0.9951612903225806
2019-12-31,1.2368421052631577,0.8522222222222222,0.9483870967741935,0.9414062500000001,0.9294710327455918,0.9951612903225806
2020-01-02,1.268421052631579,0.8555555555555556,0.9629032258064515,0.9518229166666666,0.9370277078085643,1.0016129032258063
2020-01-03,1.2917293233082705,0.8544444444444445,0.9661290322580646,0.9518229166666666,0.9345088161209067,1.0
2020-01-06,1.2834586466165414,0.8511111111111112,0.9629032258064515,0.9427083333333334,0.9294710327455918,0.9887096774193548
2020-01-07,1.289473684210526,0.8566666666666667,0.9693548387096773,0.9414062500000001,0.9370277078085643,0.996774193548387
2020-01-08,1.2526315789473683,0.8455555555555556,0.9532258064516129,0.9296875,0.9294710327455918,0.9838709677419354
2020-01-09,1.2624060150375938,0.8488888888888888,0.9532258064516129,0.9322916666666667,0.9294710327455918,0.982258064516129
2020-01-10,1.2548872180451127,0.8511111111111112,0.9532258064516129,0.9322916666666667,0.9294710327455918,0.9806451612903225
2020-01-13,1.2774436090225563,0.8522222222222222,0.9564516129032258,0.93359375,0.9319899244332494,0.982258064516129
2020-01-14,1.2601503759398496,0.8511111111111112,0.9580645161290323,0.9322916666666667,0.9294710327455918,0.9806451612903225
2020-01-15,1.2421052631578946,0.8466666666666667,0.9483870967741935,0.9296875,0.924433249370277,0.9725806451612903
2020-01-16,1.2278195488721804,0.8422222222222222,0.9354838709677419,0.9231770833333334,0.9193954659949621,0.9661290322580646
2020-01-17,1.2323308270676692,0.8422222222222222,0.9387096774193548,0.921875,0.9193954659949621,0.9645161290322581
2020-01-20,1.2368421052631577,0.8444444444444444,0.9419354838709677,0.9244791666666666,0.9219143576826196,0.9693548387096773
2020-01-21,1.2030075187969924,0.8344444444444444,0.9306451612903225,0.9166666666666667,0.9168765743073047,0.9532258064516129
2020-01-22,1.2097744360902254,0.8311111111111111,0.9338709677419355,0.91796875,0.9168765743073047,0.9548387096774194
2020-01-23,1.1684210526315788,0.8222222222222223,0.9225806451612902,0.9075520833333334,0.9093198992443324,0.9387096774193548
2020-02-03,1.0518796992481203,0.7799999999999999,0.8741935483870967,0.8385416666666667,0.8639798488664987,0.8709677419354839
2020-02-04,1.0977443609022555,0.7866666666666666,0.8870967741935484,0.8697916666666666,0.8816120906801007,0.8887096774193548
2020-02-05,1.1,0.7866666666666666,0.885483870967742,0.8736979166666667,0.8816120906801007,0.8887096774193548
2020-02-06,1.1105263157894736,0.7877777777777778,0.8870967741935484,0.8710937500000001,0.8841309823677581,0.9
2020-02-07,1.0992481203007518,0.7911111111111111,0.8774193548387097,0.86328125,0.8841309823677581,0.9
2020-02-10,1.0902255639097744,0.7877777777777778,0.8741935483870967,0.8619791666666667,0.8816120906801007,0.8935483870967742
2020-02-11,1.1120300751879697,0.7922222222222222,0.8806451612903226,0.8710937500000001,0.8891687657430729,0.9
2020-02-12,1.1105263157894736,0.7911111111111111,0.8806451612903226,0.8710937500000001,0.8916876574307304,0.9
2020-02-13,1.1015037593984962,0.7844444444444444,0.8725806451612903,0.8619791666666667,0.8891687657430729,0.8919354838709678
2020-02-14,1.1300751879699247,0.7866666666666666,0.8758064516129032,0.8658854166666667,0.8967254408060453,0.896774193548387
2020-02-17,1.1556390977443607,0.7966666666666666,0.885483870967742,0.8776041666666667,0.906801007556675,0.9129032258064516
2020-02-18,1.1428571428571428,0.7933333333333333,0.8806451612903226,0.8723958333333334,0.9017632241813601,0.9064516129032258
2020-02-19,1.1458646616541353,0.7922222222222222,0.8838709677419355,0.8736979166666667,0.906801007556675,0.9048387096774194
2020-02-20,1.1721804511278195,0.8,0.8887096774193548,0.8802083333333334,0.9143576826196473,0.9209677419354838
2020-02-21,1.1714285714285713,0.798888888888889,0.885483870967742,0.8815104166666666,0.9118387909319899,0.917741935483871
2020-02-24,1.1451127819548872,0.7944444444444445,0.8774193548387097,0.8736979166666667,0.9042821158690175,0.9096774193548386
2020-02-25,1.1308270676691727,0.7855555555555556,0.8725806451612903,0.8645833333333334,0.8992443324937027,0.8951612903225806
2020-02-26,1.1270676691729322,0.79,0.8725806451612903,0.8658854166666667,0.906801007556675,0.896774193548387
2020-02-27,1.1360902255639096,0.7911111111111111,0.8709677419354839,0.8684895833333334,0.9118387909319899,0.896774193548387
2020-02-28,1.0902255639097744,0.7722222222222223,0.8548387096774193,0.8463541666666667,0.8942065491183878,0.8758064516129032
2020-03-02,1.1120300751879697,0.7866666666666666,0.864516129032258,0.8580729166666666,0.906801007556675,0.8919354838709678
2020-03-03,1.106766917293233,0.7911111111111111,0.8677419354838709,0.859375,0.9118387909319899,0.8951612903225806
2020-03-04,1.1045112781954887,0.7944444444444445,0.8693548387096773,0.859375,0.9143576826196473,0.8951612903225806
2020-03-05,1.157142857142857,0.8055555555555556,0.8806451612903226,0.8736979166666667,0.9219143576826196,0.9129032258064516
2020-03-06,1.1300751879699247,0.7955555555555556,0.8725806451612903,0.86328125,0.9143576826196473,0.896774193548387
2020-03-09,1.0864661654135337,0.7833333333333333,0.8564516129032257,0.8437500000000001,0.8992443324937027,0.882258064516129
2020-03-10,1.1097744360902255,0.79,0.864516129032258,0.8502604166666667,0.9042821158690175,0.8903225806451612
2020-03-11,1.1045112781954887,0.7855555555555556,0.8580645161290322,0.8489583333333333,0.9042821158690175,0.8806451612903226
2020-03-12,1.1037593984962406,0.7822222222222223,0.8532258064516128,0.8515625,0.9017632241813601,0.8758064516129032
2020-03-13,1.0917293233082705,0.7722222222222223,0.8419354838709677,0.8450520833333334,0.8967254408060453,0.8693548387096773
2020-03-16,1.0338345864661653,0.7644444444444445,0.8338709677419355,0.8359375,0.8916876574307304,0.8596774193548387
2020-03-17,1.0082706766917293,0.76,0.8338709677419355,0.83984375,0.8967254408060453,0.8532258064516128
2020-03-18,0.955639097744361,0.7444444444444445,0.8241935483870968,0.83203125,0.8816120906801007,0.8419354838709677
2020-03-19,0.9195488721804511,0.7188888888888889,0.8048387096774193,0.80859375,0.871536523929471,0.8306451612903226
2020-03-20,0.9413533834586465,0.7200000000000001,0.8193548387096774,0.8229166666666667,0.8816120906801007,0.8435483870967743
2020-03-23,0.9135338345864662,0.7033333333333334,0.8048387096774193,0.8033854166666667,0.8664987405541561,0.8306451612903226
2020-03-24,0.9481203007518796,0.7166666666666667,0.8258064516129032,0.8294270833333334,0.8765743073047858,0.8419354838709677
2020-03-25,0.9676691729323307,0.7277777777777777,0.8354838709677419,0.8307291666666666,0.8841309823677581,0.8483870967741934
2020-03-26,0.9819548872180451,0.7277777777777777,0.8354838709677419,0.8333333333333334,0.8841309823677581,0.8516129032258065
2020-03-27,0.9887218045112782,0.7266666666666667,0.8403225806451613,0.8424479166666666,0.8866498740554156,0.8532258064516128
2020-03-30,0.9729323308270675,0.7233333333333333,0.8419354838709677,0.8424479166666666,0.8866498740554156,0.8499999999999999
2020-03-31,0.9624060150375939,0.7188888888888889,0.8306451612903226,0.8255208333333334,0.8765743073047858,0.8354838709677419
2020-04-01,0.969172932330827,0.7188888888888889,0.832258064516129,0.8307291666666666,0.8765743073047858,0.8306451612903226
2020-04-02,0.975187969924812,0.7244444444444444,0.8370967741935484,0.8372395833333334,0.8816120906801007,0.8354838709677419
2020-04-03,0.9481203007518796,0.7188888888888889,0.8290322580645161,0.8333333333333334,0.8790931989924433,0.8274193548387097
2020-04-07,0.968421052631579,0.7277777777777777,0.832258064516129,0.8359375,0.8841309823677581,0.8354838709677419
2020-04-08,0.9609022556390976,0.7277777777777777,0.8290322580645161,0.8294270833333334,0.8790931989924433,0.832258064516129
2020-04-09,0.9578947368421052,0.7255555555555556,0.8274193548387097,0.8333333333333334,0.8790931989924433,0.832258064516129
2020-04-10,0.9616541353383458,0.7188888888888889,0.8241935483870968,0.8294270833333334,0.8816120906801007,0.8290322580645161
2020-04-13,0.9466165413533834,0.7133333333333334,0.8225806451612903,0.8229166666666667,0.8866498740554156,0.8241935483870968
2020-04-14,0.9669172932330826,0.7200000000000001,0.8258064516129032,0.8281250000000001,0.8891687657430729,0.8290322580645161
2020-04-15,0.9676691729323307,0.7177777777777777,0.8274193548387097,0.8255208333333334,0.8916876574307304,0.8225806451612903
2020-04-16,0.9533834586466164,0.7200000000000001,0.8258064516129032,0.8255208333333334,0.8942065491183878,0.8258064516129032
2020-04-17,0.969172932330827,0.7200000000000001,0.8306451612903226,0.8268229166666666,0.9017632241813601,0.8274193548387097
2020-04-20,0.9766917293233083,0.7155555555555556,0.8258064516129032,0.8216145833333333,0.8942065491183878,0.8258064516129032
2020-04-21,1.0112781954887218,0.7111111111111111,0.8193548387096774,0.8138020833333334,0.8967254408060453,0.8193548387096774
2020-04-22,0.9947368421052631,0.7122222222222222,0.8209677419354838,0.8151041666666666,0.8891687657430729,0.8161290322580644
2020-04-23,0.9947368421052631,0.7111111111111111,0.817741935483871,0.80859375,0.871536523929471,0.814516129032258
2020-04-24,0.9954887218045112,0.7088888888888889,0.814516129032258,0.8072916666666667,0.8639798488664987,0.817741935483871
2020-04-27,1.0150375939849623,0.7133333333333334,0.8209677419354838,0.8151041666666666,0.8664987405541561,0.8258064516129032
2020-04-28,1.0165413533834586,0.7133333333333334,0.8241935483870968,0.81640625,0.8639798488664987,0.8274193548387097
2020-04-29,1.0541353383458645,0.73,0.8306451612903226,0.8359375,0.871536523929471,0.8403225806451613
2020-04-30,1.0473684210526315,0.7288888888888888,0.8338709677419355,0.8372395833333334,0.8765743073047858,0.8387096774193549
2020-05-06,1.0353383458646617,0.7233333333333333,0.8241935483870968,0.8255208333333334,0.8690176322418136,0.8306451612903226
2020-05-07,1.0293233082706765,0.7188888888888889,0.8225806451612903,0.8216145833333333,0.8664987405541561,0.8241935483870968
2020-05-08,1.0488721804511276,0.7244444444444444,0.8225806451612903,0.8268229166666666,0.871536523929471,0.8306451612903226
2020-05-11,1.0526315789473684,0.7222222222222222,0.8290322580645161,0.83203125,0.871536523929471,0.8274193548387097
2020-05-12,1.0368421052631578,0.7177777777777777,0.8274193548387097,0.8268229166666666,0.8664987405541561,0.8225806451612903
2020-05-13,1.024812030075188,0.7155555555555556,0.8274193548387097,0.8307291666666666,0.871536523929471,0.8258064516129032
2020-05-14,1.0,0.7111111111111111,0.8225806451612903,0.8229166666666667,0.8690176322418136,0.817741935483871
2020-05-15,0.9947368421052631,0.7111111111111111,0.8209677419354838,0.8216145833333333,0.8690176322418136,0.8193548387096774
2020-05-18,0.9924812030075187,0.7133333333333334,0.8225806451612903,0.8229166666666667,0.8690176322418136,0.8193548387096774
2020-05-19,1.0045112781954886,0.7144444444444444,0.8258064516129032,0.83203125,0.871536523929471,0.8209677419354838
2020-05-20,1.0157894736842104,0.7133333333333334,0.8258064516129032,0.8346354166666667,0.8740554156171285,0.8225806451612903
2020-05-21,1.0075187969924813,0.7111111111111111,0.8225806451612903,0.8372395833333334,0.8690176322418136,0.8193548387096774
2020-05-22,0.9714285714285714,0.7044444444444444,0.814516129032258,0.8229166666666667,0.8614609571788413,0.8064516129032258
2020-05-25,0.9744360902255639,0.7022222222222223,0.8209677419354838,0.82421875,0.8664987405541561,0.8064516129032258
2020-05-26,0.9804511278195488,0.7033333333333334,0.8193548387096774,0.8255208333333334,0.8639798488664987,0.8080645161290322
2020-05-27,0.9774436090225563,0.7055555555555555,0.8258064516129032,0.8294270833333334,0.8690176322418136,0.814516129032258
2020-05-28,0.9827067669172932,0.71,0.8338709677419355,0.8359375,0.8740554156171285,0.817741935483871
2020-05-29,0.9774436090225563,0.7077777777777778,0.8258064516129032,0.8294270833333334,0.8690176322418136,0.8096774193548386
2020-06-01,1.0015037593984961,0.7133333333333334,0.832258064516129,0.8333333333333334,0.8740554156171285,0.817741935483871
2020-06-02,1.018796992481203,0.7155555555555556,0.8370967741935484,0.8346354166666667,0.8765743073047858,0.8241935483870968
2020-06-03,1.0180451127819548,0.7155555555555556,0.8370967741935484,0.8372395833333334,0.8816120906801007,0.8225806451612903
2020-06-04,1.0203007518796992,0.7111111111111111,0.8354838709677419,0.8333333333333334,0.8816120906801007,0.817741935483871
2020-06-05,1.0218045112781955,0.71,0.8403225806451613,0.8372395833333334,0.8816120906801007,0.8241935483870968
2020-06-08,1.0240601503759397,0.7066666666666667,0.8451612903225807,0.8333333333333334,0.8841309823677581,0.8193548387096774
2020-06-09,1.0278195488721804,0.7088888888888889,0.8483870967741934,0.8372395833333334,0.8841309823677581,0.8241935483870968
2020-06-10,1.0142857142857142,0.7044444444444444,0.8499999999999999,0.8333333333333334,0.8816120906801007,0.8193548387096774
2020-06-11,0.9834586466165413,0.7,0.8499999999999999,0.8268229166666666,0.8765743073047858,0.8129032258064516
2020-06-12,0.9766917293233083,0.6988888888888889,0.8419354838709677,0.8307291666666666,0.8765743073047858,0.8129032258064516
2020-06-15,0.9639097744360902,0.6966666666666667,0.8451612903225807,0.81640625,0.8664987405541561,0.8080645161290322
2020-06-16,0.969172932330827,0.7022222222222223,0.8548387096774193,0.8216145833333333,0.8740554156171285,0.8129032258064516
2020-06-17,0.9661654135338346,0.7033333333333334,0.8483870967741934,0.8216145833333333,0.871536523929471,0.8112903225806452
2020-06-18,0.9593984962406015,0.7044444444444444,0.8370967741935484,0.8177083333333334,0.871536523929471,0.8161290322580644
2020-06-19,0.9624060150375939,0.6811111111111111,0.8387096774193549,0.8177083333333334,0.8740554156171285,0.8161290322580644
2020-06-22,0.9503759398496241,0.6811111111111111,0.832258064516129,0.8203125,0.871536523929471,0.8161290322580644
2020-06-23,0.9473684210526315,0.6777777777777777,0.8290322580645161,0.81640625,0.8664987405541561,0.8096774193548386
2020-06-24,0.9624060150375939,0.6811111111111111,0.8419354838709677,0.8229166666666667,0.871536523929471,0.817741935483871
2020-06-29,0.9624060150375939,0.6788888888888889,0.8467741935483871,0.8177083333333334,0.8740554156171285,0.8451612903225807
2020-06-30,0.9624060150375939,0.68,0.8032258064516129,0.8216145833333333,0.8765743073047858,0.8306451612903226
2020-07-01,0.9864661654135337,0.6888888888888889,0.8048387096774193,0.8281250000000001,0.8816120906801007,0.8564516129032257
2020-07-02,1.0097744360902254,0.7077777777777778,0.8161290322580644,0.8437500000000001,0.9017632241813601,0.885483870967742
2020-07-03,1.0714285714285714,0.7233333333333333,0.832258064516129,0.8697916666666666,0.9143576826196473,0.9016129032258065
2020-07-06,1.1789473684210525,0.7933333333333333,0.9032258064516128,0.9440104166666667,0.9748110831234257,0.9903225806451612
2020-07-07,1.1639097744360902,0.7711111111111112,0.896774193548387,0.9440104166666667,0.9622166246851385,0.9516129032258065
2020-07-08,1.1849624060150374,0.7799999999999999,0.882258064516129,0.9414062500000001,0.9622166246851385,0.9661290322580646
2020-07-09,1.1676691729323307,0.7733333333333333,0.8677419354838709,0.93359375,0.9496221662468514,0.9548387096774194
2020-07-10,1.1172932330827066,0.7511111111111111,0.8419354838709677,0.8528645833333334,0.924433249370277,0.9225806451612902
2020-07-13,1.1195488721804512,0.75,0.8403225806451613,0.8463541666666667,0.9294710327455918,0.9290322580645161
2020-07-14,1.1037593984962406,0.7366666666666667,0.8290322580645161,0.8359375,0.924433249370277,0.917741935483871
2020-07-15,1.0729323308270675,0.7233333333333333,0.8193548387096774,0.8216145833333333,0.8639798488664987,0.8661290322580645
2020-07-16,1.0639097744360901,0.7200000000000001,0.8161290322580644,0.8203125,0.8564231738035264,0.8548387096774193
2020-07-17,1.063157894736842,0.7144444444444444,0.8161290322580644,0.8190104166666667,0.8589420654911839,0.8419354838709677
2020-07-20,1.1075187969924811,0.7344444444444445,0.8274193548387097,0.8333333333333334,0.871536523929471,0.8677419354838709
2020-07-21,1.0894736842105264,0.7311111111111112,0.8225806451612903,0.8294270833333334,0.8639798488664987,0.8612903225806451
2020-07-22,1.0834586466165412,0.7311111111111112,0.8209677419354838,0.8255208333333334,0.8639798488664987,0.8629032258064515
2020-07-23,1.0533834586466164,0.7177777777777777,0.8112903225806452,0.81640625,0.8589420654911839,0.8467741935483871
2020-07-24,1.0150375939849623,0.7033333333333334,0.8032258064516129,0.796875,0.8438287153652393,0.8258064516129032
2020-07-27,0.9954887218045112,0.701111111111111,0.8016129032258064,0.7890625,0.8387909319899244,0.8258064516129032
2020-07-28,1.0030075187969925,0.7055555555555555,0.8032258064516129,0.7916666666666667,0.8387909319899244,0.8274193548387097
2020-07-29,1.0180451127819548,0.7133333333333334,0.8096774193548386,0.7994791666666666,0.8488664987405541,0.8387096774193549
2020-07-30,1.0052631578947366,0.7077777777777778,0.8032258064516129,0.796875,0.8413098236775818,0.832258064516129
2020-07-31,1.0030075187969925,0.7066666666666667,0.7999999999999999,0.796875,0.8387909319899244,0.832258064516129
2020-08-03,1.0218045112781955,0.7122222222222222,0.8032258064516129,0.8007812500000001,0.8413098236775818,0.8370967741935484
2020-08-04,1.0556390977443608,0.7200000000000001,0.814516129032258,0.8138020833333334,0.8513853904282115,0.8499999999999999
2020-08-05,1.0345864661654134,0.7133333333333334,0.8064516129032258,0.80859375,0.8438287153652393,0.8403225806451613
2020-08-06,1.045112781954887,0.7155555555555556,0.8096774193548386,0.8059895833333334,0.8463476070528967,0.8467741935483871
2020-08-07,1.0300751879699248,0.7066666666666667,0.8032258064516129,0.8046875,0.8413098236775818,0.8370967741935484
2020-08-10,1.0488721804511276,0.7133333333333334,0.8048387096774193,0.80859375,0.8438287153652393,0.8419354838709677
2020-08-11,1.062406015037594,0.71,0.8032258064516129,0.8072916666666667,0.8438287153652393,0.8387096774193549
2020-08-12,1.081203007518797,0.7111111111111111,0.8048387096774193,0.80859375,0.8413098236775818,0.8483870967741934
2020-08-13,1.0661654135338345,0.71,0.8032258064516129,0.8072916666666667,0.8387909319899244,0.8419354838709677
2020-08-14,1.08796992481203,0.7155555555555556,0.8096774193548386,0.8111979166666667,0.8438287153652393,0.8516129032258065
2020-08-17,1.1421052631578947,0.7366666666666667,0.8209677419354838,0.8294270833333334,0.8564231738035264,0.8790322580645161
2020-08-18,1.1390977443609023,0.7277777777777777,0.814516129032258,0.8229166666666667,0.8463476070528967,0.8693548387096773
2020-08-19,1.1353383458646615,0.7255555555555556,0.8112903225806452,0.81640625,0.8413098236775818,0.8612903225806451
2020-08-20,1.0969924812030074,0.7144444444444444,0.8064516129032258,0.8072916666666667,0.8387909319899244,0.8483870967741934
2020-08-21,1.0864661654135337,0.7144444444444444,0.8080645161290322,0.8098958333333334,0.8387909319899244,0.8516129032258065
2020-08-24,1.087218045112782,0.7133333333333334,0.8048387096774193,0.8098958333333334,0.8362720403022669,0.8483870967741934
2020-08-25,1.0977443609022555,0.7133333333333334,0.8064516129032258,0.80859375,0.8362720403022669,0.8467741935483871
2020-08-26,1.0804511278195488,0.7088888888888889,0.8032258064516129,0.8020833333333334,0.8287153652392947,0.8370967741935484
2020-08-27,1.087218045112782,0.7077777777777778,0.8016129032258064,0.8007812500000001,0.8261964735516372,0.8387096774193549
2020-08-28,1.137593984962406,0.7144444444444444,0.8064516129032258,0.80859375,0.8312342569269521,0.8451612903225807
2020-08-31,1.1338345864661654,0.7144444444444444,0.7999999999999999,0.8072916666666667,0.8261964735516372,0.8419354838709677
2020-09-01,1.1383458646616542,0.7088888888888889,0.7999999999999999,0.8072916666666667,0.818639798488665,0.8403225806451613
2020-09-02,1.1518796992481202,0.7033333333333334,0.7935483870967741,0.8033854166666667,0.8110831234256927,0.8354838709677419
2020-09-03,1.1203007518796992,0.7,0.7919354838709678,0.7981770833333334,0.8110831234256927,0.8338709677419355
2020-09-04,1.124812030075188,0.6922222222222223,0.7903225806451614,0.7955729166666667,0.8060453400503779,0.8306451612903226
2020-09-07,1.1233082706766917,0.6922222222222223,0.7903225806451614,0.7955729166666667,0.8035264483627204,0.8241935483870968
2020-09-08,1.1601503759398495,0.6988888888888889,0.7983870967741935,0.8098958333333334,0.8085642317380353,0.8338709677419355
2020-09-09,1.143609022556391,0.6944444444444444,0.7967741935483872,0.8046875,0.8085642317380353,0.8290322580645161
2020-09-10,1.1533834586466165,0.6888888888888889,0.7919354838709678,0.7994791666666666,0.8060453400503779,0.8225806451612903
2020-09-11,1.1285714285714286,0.6911111111111111,0.7951612903225805,0.8007812500000001,0.8060453400503779,0.8225806451612903
2020-09-14,1.150375939849624,0.6922222222222223,0.7951612903225805,0.7981770833333334,0.8085642317380353,0.8209677419354838
2020-09-15,1.1541353383458646,0.6911111111111111,0.7935483870967741,0.796875,0.8085642317380353,0.8225806451612903
2020-09-16,1.1609022556390975,0.6944444444444444,0.7967741935483872,0.7981770833333334,0.8085642317380353,0.8258064516129032
2020-09-17,1.1706766917293232,0.6944444444444444,0.7967741935483872,0.8007812500000001,0.8085642317380353,0.8209677419354838
2020-09-18,1.2082706766917293,0.7044444444444444,0.8032258064516129,0.8125000000000001,0.8161209068010076,0.8354838709677419
2020-09-21,1.1924812030075187,0.7022222222222223,0.7999999999999999,0.80859375,0.8110831234256927,0.8306451612903226
2020-09-22,1.1706766917293232,0.6933333333333334,0.7951612903225805,0.8059895833333334,0.8060453400503779,0.8241935483870968
2020-09-23,1.175187969924812,0.6888888888888889,0.7935483870967741,0.8033854166666667,0.8085642317380353,0.8225806451612903
2020-09-24,1.1368421052631579,0.6866666666666666,0.7903225806451614,0.7981770833333334,0.8060453400503779,0.814516129032258
2020-09-25,1.1421052631578947,0.6866666666666666,0.7887096774193547,0.7994791666666666,0.8035264483627204,0.8112903225806452
2020-09-28,1.151127819548872,0.6855555555555556,0.7967741935483872,0.8059895833333334,0.8161209068010076,0.8161290322580644
2020-09-29,1.112781954887218,0.6822222222222222,0.7919354838709678,0.7994791666666666,0.8060453400503779,0.8129032258064516
2020-09-30,1.1406015037593984,0.6811111111111111,0.7935483870967741,0.8007812500000001,0.8060453400503779,0.814516129032258
