"T","."
"2014-01-02","6.762679e-10"
"2014-01-03","7.289576e-10"
"2014-01-06","9.388542e-10"
"2014-01-07","9.498353e-10"
"2014-01-08","8.451574e-10"
"2014-01-09","9.852790e-10"
"2014-01-10","1.030869e-09"
"2014-01-13","1.160621e-09"
"2014-01-14","1.167773e-09"
"2014-01-15","9.536944e-10"
"2014-01-16","7.889930e-10"
"2014-01-17","9.622081e-10"
"2014-01-20","1.102861e-09"
"2014-01-21","9.991415e-10"
"2014-01-22","8.149339e-10"
"2014-01-23","5.893890e-10"
"2014-01-24","5.968264e-10"
"2014-01-27","7.735732e-10"
"2014-01-28","7.514800e-10"
"2014-01-29","6.994401e-10"
"2014-01-30","9.723067e-10"
"2014-02-07","9.548007e-10"
"2014-02-10","5.407515e-10"
"2014-02-11","4.251446e-10"
"2014-02-12","4.004979e-10"
"2014-02-13","4.371086e-10"
"2014-02-14","4.775707e-10"
"2014-02-17","3.404270e-10"
"2014-02-18","4.248249e-10"
"2014-02-19","4.234294e-10"
"2014-02-20","4.257172e-10"
"2014-02-21","5.823220e-10"
"2014-02-24","6.620577e-10"
"2014-02-25","7.449825e-10"
"2014-02-26","7.514165e-10"
"2014-02-27","6.801147e-10"
"2014-02-28","6.420564e-10"
"2014-03-03","5.033520e-10"
"2014-03-04","4.936431e-10"
"2014-03-05","5.106251e-10"
"2014-03-06","5.914228e-10"
"2014-03-07","5.735103e-10"
"2014-03-10","8.788608e-10"
"2014-03-11","7.291474e-10"
"2014-03-12","8.413485e-10"
"2014-03-13","6.078437e-10"
"2014-03-14","7.178033e-10"
"2014-03-17","0.000000e+00"
"2014-03-18","5.403936e-10"
"2014-03-19","0.000000e+00"
"2014-03-20","6.970152e-10"
"2014-03-21","0.000000e+00"
"2014-03-24","3.971536e-10"
"2014-03-25","4.468574e-10"
"2014-03-26","4.549369e-10"
"2014-03-27","5.186737e-10"
"2014-03-28","5.934502e-10"
"2014-03-31","6.940771e-10"
"2014-04-01","5.650828e-10"
"2014-04-02","4.490733e-10"
"2014-04-03","5.376787e-10"
"2014-04-04","5.848366e-10"
"2014-04-08","4.109358e-10"
"2014-04-09","3.296472e-10"
"2014-04-10","3.277309e-10"
"2014-04-11","3.649779e-10"
"2014-04-14","3.927492e-10"
"2014-04-15","4.829985e-10"
"2014-04-16","4.682899e-10"
"2014-04-17","4.852649e-10"
"2014-04-18","4.956875e-10"
"2014-04-21","5.946726e-10"
"2014-04-22","5.569462e-10"
"2014-04-23","7.603445e-10"
"2014-04-24","6.427365e-10"
"2014-04-25","7.330026e-10"
"2014-04-28","8.832397e-10"
"2014-04-29","8.021413e-10"
"2014-04-30","7.517540e-10"
"2014-05-05","7.995733e-10"
"2014-05-06","6.383605e-10"
"2014-05-07","0.000000e+00"
"2014-05-08","8.150801e-10"
"2014-05-09","7.819748e-10"
"2014-05-12","6.493385e-10"
"2014-05-13","5.560835e-10"
"2014-05-14","6.381385e-10"
"2014-05-15","8.506038e-10"
"2014-05-16","7.280306e-10"
"2014-05-19","8.838126e-10"
"2014-05-20","7.835021e-10"
"2014-05-21","9.407423e-10"
"2014-05-22","6.204611e-10"
"2014-05-23","6.832192e-10"
"2014-05-26","5.545502e-10"
"2014-05-27","5.872017e-10"
"2014-05-28","5.189162e-10"
"2014-05-29","6.004165e-10"
"2014-05-30","5.621390e-10"
"2014-06-03","5.918724e-10"
"2014-06-04","6.747288e-10"
"2014-06-05","7.288925e-10"
"2014-06-06","7.237759e-10"
"2014-06-09","7.038778e-10"
"2014-06-10","5.980104e-10"
"2014-06-11","5.062010e-10"
"2014-06-12","5.132158e-10"
"2014-06-13","4.442254e-10"
"2014-06-16","3.737415e-10"
"2014-06-17","5.420578e-10"
"2014-06-18","5.678895e-10"
"2014-06-19","9.443437e-10"
"2014-06-20","7.432203e-10"
"2014-06-23","6.425491e-10"
"2014-06-24","6.127606e-10"
"2014-06-25","7.112041e-10"
"2014-06-26","5.134168e-10"
"2014-06-27","4.709906e-10"
"2014-06-30","4.399654e-10"
"2014-07-01","3.966601e-10"
"2014-07-02","3.936570e-10"
"2014-07-03","3.469447e-10"
"2014-07-04","3.774238e-10"
"2014-07-07","4.413606e-10"
"2014-07-08","4.335977e-10"
"2014-07-09","4.807723e-10"
"2014-07-10","4.673116e-10"
"2014-07-11","3.753684e-10"
"2014-07-14","3.886169e-10"
"2014-07-15","0.000000e+00"
"2014-07-16","3.457401e-10"
"2014-07-17","4.359457e-10"
"2014-07-18","4.277156e-10"
"2014-07-21","4.740221e-10"
"2014-07-22","3.958430e-10"
"2014-07-23","3.695993e-10"
"2014-07-24","3.528478e-10"
"2014-07-25","3.173640e-10"
"2014-07-28","2.443422e-10"
"2014-07-29","2.130538e-10"
"2014-07-30","2.435938e-10"
"2014-07-31","2.513893e-10"
"2014-08-01","2.813301e-10"
"2014-08-04","2.798800e-10"
"2014-08-05","2.395813e-10"
"2014-08-06","2.510463e-10"
"2014-08-07","2.968610e-10"
"2014-08-08","2.870435e-10"
"2014-08-11","2.710385e-10"
"2014-08-12","2.535926e-10"
"2014-08-13","2.645540e-10"
"2014-08-14","2.521025e-10"
"2014-08-15","2.636719e-10"
"2014-08-18","2.101020e-10"
"2014-08-19","2.370150e-10"
"2014-08-20","2.219439e-10"
"2014-08-21","3.171640e-10"
"2014-08-22","2.861712e-10"
"2014-08-25","2.980839e-10"
"2014-08-26","3.800660e-10"
"2014-08-27","3.251922e-10"
"2014-08-28","4.069330e-10"
"2014-08-29","4.199222e-10"
"2014-09-01","3.105062e-10"
"2014-09-02","2.065525e-10"
"2014-09-03","1.869778e-10"
"2014-09-04","2.244724e-10"
"2014-09-05","1.916207e-10"
"2014-09-09","2.258576e-10"
"2014-09-10","2.805127e-10"
"2014-09-11","2.343646e-10"
"2014-09-12","2.270635e-10"
"2014-09-15","1.885383e-10"
"2014-09-16","2.482873e-10"
"2014-09-17","2.638478e-10"
"2014-09-18","2.540347e-10"
"2014-09-19","2.293722e-10"
"2014-09-22","2.995476e-10"
"2014-09-23","2.470908e-10"
"2014-09-24","2.239088e-10"
"2014-09-25","2.074724e-10"
"2014-09-26","2.452384e-10"
"2014-09-29","2.045972e-10"
"2014-09-30","1.924218e-10"
"2014-10-08","1.975615e-10"
"2014-10-09","1.924196e-10"
"2014-10-10","2.115941e-10"
"2014-10-13","2.728137e-10"
"2014-10-14","2.420299e-10"
"2014-10-15","2.580470e-10"
"2014-10-16","2.483133e-10"
"2014-10-17","3.595991e-10"
"2014-10-20","2.935920e-10"
"2014-10-21","2.716309e-10"
"2014-10-22","3.338365e-10"
"2014-10-23","3.981058e-10"
"2014-10-24","3.656769e-10"
"2014-10-27","5.733501e-10"
"2014-10-28","4.916555e-10"
"2014-10-29","2.369774e-10"
"2014-10-30","2.174450e-10"
"2014-10-31","1.823250e-10"
"2014-11-03","1.792340e-10"
"2014-11-04","2.088993e-10"
"2014-11-05","2.278334e-10"
"2014-11-06","2.347166e-10"
"2014-11-07","2.179964e-10"
"2014-11-10","2.049896e-10"
"2014-11-11","2.871038e-10"
"2014-11-12","2.697161e-10"
"2014-11-13","2.353585e-10"
"2014-11-14","2.828677e-10"
"2014-11-17","2.992198e-10"
"2014-11-18","2.449462e-10"
"2014-11-19","2.317969e-10"
"2014-11-20","2.395927e-10"
"2014-11-21","2.134296e-10"
"2014-11-24","1.662449e-10"
"2014-11-25","1.512979e-10"
"2014-11-26","1.609543e-10"
"2014-11-27","1.424197e-10"
"2014-11-28","1.585180e-10"
"2014-12-01","1.627805e-10"
"2014-12-02","5.293218e-10"
"2014-12-03","3.231097e-10"
"2014-12-04","2.702318e-10"
"2014-12-05","3.174829e-10"
"2014-12-08","2.594071e-10"
"2014-12-09","1.772605e-10"
"2014-12-10","3.116392e-10"
"2014-12-11","2.604726e-10"
"2014-12-12","2.612489e-10"
"2014-12-15","1.723524e-10"
"2014-12-16","1.417461e-10"
"2014-12-17","1.632713e-10"
"2014-12-18","1.613538e-10"
"2014-12-19","1.907522e-10"
"2014-12-22","1.742201e-10"
"2014-12-23","2.286981e-10"
"2014-12-24","1.952723e-10"
"2014-12-25","1.680007e-10"
"2014-12-26","1.238670e-10"
"2014-12-29","1.544489e-10"
"2014-12-30","2.121189e-10"
"2014-12-31","2.218837e-10"
"2015-01-05","1.534372e-10"
"2015-01-06","1.442752e-10"
"2015-01-07","1.363549e-10"
"2015-01-08","1.668691e-10"
"2015-01-09","1.653735e-10"
"2015-01-12","2.709150e-10"
"2015-01-13","1.983198e-10"
"2015-01-14","2.266823e-10"
"2015-01-15","2.118738e-10"
"2015-01-16","1.605865e-10"
"2015-01-19","3.694981e-10"
"2015-01-20","2.207958e-10"
"2015-01-21","2.195525e-10"
"2015-01-22","1.502477e-10"
"2015-01-23","1.471108e-10"
"2015-01-26","1.598774e-10"
"2015-01-27","1.580642e-10"
"2015-01-28","1.545833e-10"
"2015-01-29","1.760110e-10"
"2015-01-30","1.893446e-10"
"2015-02-02","2.588812e-10"
"2015-02-03","1.809427e-10"
"2015-02-04","1.739569e-10"
"2015-02-05","2.215016e-10"
"2015-02-06","2.572891e-10"
"2015-02-09","2.792661e-10"
"2015-02-10","2.684950e-10"
"2015-02-11","2.201204e-10"
"2015-02-12","2.310456e-10"
"2015-02-13","2.991858e-10"
"2015-02-16","2.143572e-10"
"2015-02-17","1.626678e-10"
"2015-02-25","1.911126e-10"
"2015-02-26","1.564108e-10"
"2015-02-27","1.342791e-10"
"2015-03-02","1.214001e-10"
"2015-03-03","1.280624e-10"
"2015-03-04","1.244061e-10"
"2015-03-05","1.595386e-10"
"2015-03-06","1.625748e-10"
"2015-03-09","1.983890e-10"
"2015-03-10","1.397216e-10"
"2015-03-11","1.491603e-10"
"2015-03-12","1.396670e-10"
"2015-03-13","1.227486e-10"
"2015-03-16","1.067310e-10"
"2015-03-17","2.010730e-10"
"2015-03-18","1.715894e-10"
"2015-03-19","8.778302e-11"
"2015-03-20","8.723392e-11"
"2015-03-23","7.653792e-11"
"2015-03-24","1.027526e-10"
"2015-03-25","8.869092e-11"
"2015-03-26","9.999681e-11"
"2015-03-27","1.180486e-10"
"2015-03-30","1.791629e-10"
"2015-03-31","1.395976e-10"
"2015-04-01","8.207646e-11"
"2015-04-02","7.582006e-11"
"2015-04-03","1.786683e-10"
"2015-04-07","2.021956e-10"
"2015-04-08","1.314301e-10"
"2015-04-09","1.355135e-10"
"2015-04-10","1.038512e-10"
"2015-04-13","7.951054e-11"
"2015-04-14","8.390229e-11"
"2015-04-15","1.081128e-10"
"2015-04-16","1.329947e-10"
"2015-04-17","4.954022e-10"
"2015-04-20","3.893748e-10"
"2015-04-21","4.500139e-10"
"2015-04-22","8.038942e-10"
"2015-04-23","3.716612e-10"
"2015-04-24","8.261180e-11"
"2015-04-27","6.845296e-11"
"2015-04-28","1.510961e-10"
"2015-04-29","1.494060e-10"
"2015-04-30","9.562464e-11"
"2015-05-04","9.354307e-11"
"2015-05-05","1.095024e-10"
"2015-05-06","1.342933e-10"
"2015-05-07","1.505208e-10"
"2015-05-08","1.024620e-10"
"2015-05-11","5.197328e-10"
"2015-05-12","2.798946e-10"
"2015-05-13","4.308133e-10"
"2015-05-14","5.128676e-10"
"2015-05-15","2.633847e-10"
"2015-05-18","2.728276e-10"
"2015-05-19","1.340317e-10"
"2015-05-20","1.295730e-10"
"2015-05-21","1.228133e-10"
"2015-05-22","1.234409e-10"
"2015-05-25","7.636120e-11"
"2015-05-26","8.764503e-11"
"2015-05-27","7.519355e-11"
"2015-05-28","9.609295e-11"
"2015-05-29","1.149511e-10"
"2015-06-01","8.478070e-11"
"2015-06-02","6.181149e-11"
"2015-06-03","1.386813e-10"
"2015-06-04","1.143223e-10"
"2015-06-05","1.224050e-10"
"2015-06-08","7.630553e-11"
"2015-06-09","6.000078e-11"
"2015-06-10","6.488107e-11"
"2015-06-11","5.145235e-11"
"2015-06-12","5.163367e-11"
"2015-06-15","5.624253e-11"
"2015-06-16","9.086806e-11"
"2015-06-17","1.014950e-10"
"2015-06-18","8.574344e-11"
"2015-06-19","1.479858e-10"
"2015-06-23","1.635253e-10"
"2015-06-24","7.389848e-11"
"2015-06-25","1.027257e-10"
"2015-06-26","1.540477e-10"
"2015-06-29","1.602964e-10"
"2015-06-30","1.695441e-10"
"2015-07-01","1.385982e-10"
"2015-07-02","1.708846e-10"
"2015-07-03","2.080481e-10"
"2015-07-06","2.095474e-10"
"2015-07-07","4.647817e-10"
"2015-07-08","1.573630e-09"
"2015-07-09","1.674490e-10"
"2015-07-10","1.992818e-10"
"2015-07-13","3.565150e-10"
"2015-07-14","6.902452e-10"
"2015-07-15","2.896313e-10"
"2015-07-16","2.199050e-10"
"2015-07-17","1.332040e-10"
"2015-07-20","1.511644e-10"
"2015-07-21","1.496254e-10"
"2015-07-22","9.658290e-11"
"2015-07-23","7.932044e-11"
"2015-07-24","8.544950e-11"
"2015-07-27","1.700056e-10"
"2015-07-28","1.789578e-10"
"2015-07-29","1.819961e-10"
"2015-07-30","1.356669e-10"
"2015-07-31","1.592443e-10"
"2015-08-03","1.982464e-10"
"2015-08-04","1.588333e-10"
"2015-08-05","1.249882e-10"
"2015-08-06","1.663870e-10"
"2015-08-07","1.422320e-10"
"2015-08-10","1.428464e-10"
"2015-08-11","6.738500e-11"
"2015-08-12","8.906306e-11"
"2015-08-13","1.032588e-10"
"2015-08-14","8.319047e-11"
"2015-08-17","9.341246e-11"
"2015-08-18","1.393597e-10"
"2015-08-19","1.997171e-10"
"2015-08-20","1.565960e-10"
"2015-08-21","1.996468e-10"
"2015-08-24","3.430468e-10"
"2015-08-25","4.240819e-10"
"2015-08-26","2.808166e-10"
"2015-08-27","2.366152e-10"
"2015-08-28","1.946308e-10"
"2015-08-31","1.930864e-10"
"2015-09-01","2.677728e-10"
"2015-09-02","3.011309e-10"
"2015-09-07","2.585749e-10"
"2015-09-08","3.517059e-10"
"2015-09-09","1.433934e-10"
"2015-09-10","3.636994e-10"
"2015-09-11","5.690127e-10"
"2015-09-14","8.272105e-10"
"2015-09-15","1.632765e-09"
"2015-09-16","4.797181e-10"
"2015-09-17","2.474804e-10"
"2015-09-18","4.057107e-10"
"2015-09-21","4.512494e-10"
"2015-09-22","0.000000e+00"
"2015-09-23","2.683796e-10"
"2015-09-24","2.108129e-10"
"2015-09-25","3.127645e-10"
"2015-09-28","3.527340e-10"
"2015-09-29","3.761896e-10"
"2015-09-30","2.983224e-10"
"2015-10-08","3.107667e-10"
"2015-10-09","1.690559e-10"
"2015-10-12","1.816387e-10"
"2015-10-13","1.312118e-10"
"2015-10-14","1.481978e-10"
"2015-10-15","1.603748e-10"
"2015-10-16","1.145585e-10"
"2015-10-19","1.143935e-10"
"2015-10-20","1.017618e-10"
"2015-10-21","2.265532e-10"
"2015-10-22","1.739986e-10"
"2015-10-23","1.272703e-10"
"2015-10-26","1.052435e-10"
"2015-10-27","1.983251e-10"
"2015-10-28","2.936480e-10"
"2015-10-29","1.602458e-10"
"2015-10-30","1.489326e-10"
"2015-11-02","1.876260e-10"
"2015-11-03","1.798993e-10"
"2015-11-04","1.536249e-10"
"2015-11-05","9.295526e-11"
"2015-11-06","7.832343e-11"
"2015-11-09","8.908396e-11"
"2015-11-10","8.186280e-11"
"2015-11-11","8.457184e-11"
"2015-11-12","9.664774e-11"
"2015-11-13","1.015743e-10"
"2015-11-16","1.532148e-10"
"2015-11-17","1.204409e-10"
"2015-11-18","1.240522e-10"
"2015-11-19","1.144751e-10"
"2015-11-20","5.166706e-10"
"2015-11-23","1.457903e-10"
"2015-11-24","3.066291e-10"
"2015-11-25","4.869049e-10"
"2015-11-26","9.289149e-11"
"2015-11-27","2.614536e-10"
"2015-11-30","2.552642e-10"
"2015-12-01","1.759840e-10"
"2015-12-02","2.213021e-10"
"2015-12-03","1.229598e-10"
"2015-12-04","1.623761e-10"
"2015-12-07","1.472404e-10"
"2015-12-08","2.210379e-10"
"2015-12-09","1.933842e-10"
"2015-12-10","1.882293e-10"
"2015-12-11","0.000000e+00"
"2015-12-14","2.822727e-10"
"2015-12-15","1.671224e-10"
"2015-12-16","1.397586e-10"
"2015-12-17","1.169679e-10"
"2015-12-18","1.223989e-10"
"2015-12-21","1.345596e-10"
"2015-12-22","1.192421e-10"
"2015-12-23","1.225713e-10"
"2015-12-24","1.870613e-10"
"2015-12-25","1.518507e-10"
"2015-12-28","1.844588e-10"
"2015-12-29","1.789662e-10"
"2015-12-30","1.427539e-10"
"2015-12-31","1.715853e-10"
"2016-01-04","0.000000e+00"
"2016-01-05","3.800438e-10"
"2016-01-06","2.577956e-10"
"2016-01-07","2.251447e-09"
"2016-01-08","3.974248e-10"
"2016-01-11","4.385688e-10"
"2016-01-12","3.544399e-10"
"2016-01-13","4.688649e-10"
"2016-01-14","6.135705e-10"
"2016-01-15","6.675007e-10"
"2016-01-18","5.368644e-10"
"2016-01-19","4.015508e-10"
"2016-01-20","3.274587e-10"
"2016-01-21","4.282251e-10"
"2016-01-22","4.488713e-10"
"2016-01-25","3.408313e-10"
"2016-01-26","7.577507e-10"
"2016-01-27","6.738308e-10"
"2016-01-28","6.544135e-10"
"2016-01-29","5.527307e-10"
"2016-02-01","5.402427e-10"
"2016-02-02","4.740233e-10"
"2016-02-03","4.621058e-10"
"2016-02-04","3.174396e-10"
"2016-02-05","3.741195e-10"
"2016-02-15","7.630622e-10"
"2016-02-16","4.129248e-10"
"2016-02-17","2.574792e-10"
"2016-02-18","2.231493e-10"
"2016-02-19","2.623865e-10"
"2016-02-22","2.405195e-10"
"2016-02-23","2.758747e-10"
"2016-02-24","2.825620e-10"
"2016-02-25","5.252182e-10"
"2016-02-26","4.152399e-10"
"2016-02-29","6.591990e-10"
"2016-03-01","4.378439e-10"
"2016-03-02","3.958847e-10"
"2016-03-03","1.991300e-10"
"2016-03-04","3.412998e-10"
"2016-03-07","2.668445e-10"
"2016-03-08","4.264862e-10"
"2016-03-09","4.306183e-10"
"2016-03-10","5.395165e-10"
"2016-03-11","5.554203e-10"
"2016-03-14","3.838453e-10"
"2016-03-15","3.092648e-10"
"2016-03-16","3.368766e-10"
"2016-03-17","2.424624e-10"
"2016-03-18","1.873397e-10"
"2016-03-21","1.572578e-10"
"2016-03-22","1.740787e-10"
"2016-03-23","1.986366e-10"
"2016-03-24","2.334614e-10"
"2016-03-25","2.520601e-10"
"2016-03-28","2.567354e-10"
"2016-03-29","3.148838e-10"
"2016-03-30","2.627005e-10"
"2016-03-31","1.707300e-10"
"2016-04-01","2.566690e-10"
"2016-04-05","2.093382e-10"
"2016-04-06","1.634527e-10"
"2016-04-07","2.527395e-10"
"2016-04-08","2.602768e-10"
"2016-04-11","2.103789e-10"
"2016-04-12","2.386316e-10"
"2016-04-13","1.523190e-10"
"2016-04-14","1.656398e-10"
"2016-04-15","1.759752e-10"
"2016-04-18","2.597080e-10"
"2016-04-19","2.312514e-10"
"2016-04-20","4.379543e-10"
"2016-04-21","3.098159e-10"
"2016-04-22","3.511316e-10"
"2016-04-25","4.063832e-10"
"2016-04-26","3.289111e-10"
"2016-04-27","2.754591e-10"
"2016-04-28","4.054204e-10"
"2016-04-29","3.237184e-10"
"2016-05-03","3.043885e-10"
"2016-05-04","1.918454e-10"
"2016-05-05","2.382874e-10"
"2016-05-06","3.837227e-10"
"2016-05-09","4.680382e-10"
"2016-05-10","3.566677e-10"
"2016-05-11","3.769544e-10"
"2016-05-12","5.028131e-10"
"2016-05-13","4.067416e-10"
"2016-05-16","4.209255e-10"
"2016-05-17","3.551879e-10"
"2016-05-18","4.997789e-10"
"2016-05-19","4.052762e-10"
"2016-05-20","4.735057e-10"
"2016-05-23","3.091641e-10"
"2016-05-24","4.214279e-10"
"2016-05-25","4.045034e-10"
"2016-05-26","5.015247e-10"
"2016-05-27","3.701759e-10"
"2016-05-30","4.490489e-10"
"2016-05-31","3.377075e-10"
"2016-06-01","1.931145e-10"
"2016-06-02","2.021336e-10"
"2016-06-03","2.095616e-10"
"2016-06-06","2.333860e-10"
"2016-06-07","2.582831e-10"
"2016-06-08","2.669007e-10"
"2016-06-13","5.057674e-10"
"2016-06-14","3.123936e-10"
"2016-06-15","5.077839e-10"
"2016-06-16","3.095214e-10"
"2016-06-17","2.846500e-10"
"2016-06-20","3.477031e-10"
"2016-06-21","2.984397e-10"
"2016-06-22","3.036299e-10"
"2016-06-23","3.149469e-10"
"2016-06-24","0.000000e+00"
"2016-06-27","3.861118e-10"
"2016-06-28","2.484174e-10"
"2016-06-29","1.921673e-10"
"2016-06-30","2.239427e-10"
"2016-07-01","2.274902e-10"
"2016-07-04","2.616959e-10"
"2016-07-05","1.717809e-10"
"2016-07-06","1.959873e-10"
"2016-07-07","1.916213e-10"
"2016-07-08","2.099157e-10"
"2016-07-11","1.928540e-10"
"2016-07-12","2.059375e-10"
"2016-07-13","1.635309e-10"
"2016-07-14","1.954140e-10"
"2016-07-15","2.401565e-10"
"2016-07-18","2.302599e-10"
"2016-07-19","2.429258e-10"
"2016-07-20","2.060656e-10"
"2016-07-21","1.897985e-10"
"2016-07-22","2.519563e-10"
"2016-07-25","2.773646e-10"
"2016-07-26","2.396764e-10"
"2016-07-27","3.445121e-10"
"2016-07-28","2.688806e-10"
"2016-07-29","2.504295e-10"
"2016-08-01","3.710347e-10"
"2016-08-02","3.025272e-10"
"2016-08-03","2.503222e-10"
"2016-08-04","2.515685e-10"
"2016-08-05","2.450061e-10"
"2016-08-08","2.850144e-10"
"2016-08-09","1.880367e-10"
"2016-08-10","0.000000e+00"
"2016-08-11","2.633816e-10"
"2016-08-12","2.742957e-10"
"2016-08-15","1.806487e-10"
"2016-08-16","1.522004e-10"
"2016-08-17","1.800166e-10"
"2016-08-18","1.752622e-10"
"2016-08-19","2.173174e-10"
"2016-08-22","2.293631e-10"
"2016-08-23","2.065483e-10"
"2016-08-24","2.187264e-10"
"2016-08-25","2.654058e-10"
"2016-08-26","2.033019e-10"
"2016-08-29","2.339843e-10"
"2016-08-30","2.108214e-10"
"2016-08-31","2.104363e-10"
"2016-09-01","2.087448e-10"
"2016-09-02","2.087576e-10"
"2016-09-05","2.253409e-10"
"2016-09-06","2.528949e-10"
"2016-09-07","1.578849e-10"
"2016-09-08","1.810521e-10"
"2016-09-09","2.007035e-10"
"2016-09-12","2.680414e-10"
"2016-09-13","0.000000e+00"
"2016-09-14","2.573860e-10"
"2016-09-19","2.197557e-10"
"2016-09-20","2.698426e-10"
"2016-09-21","2.077573e-10"
"2016-09-22","1.886035e-10"
"2016-09-23","2.451092e-10"
"2016-09-26","3.171182e-10"
"2016-09-27","2.854500e-10"
"2016-09-28","3.433725e-10"
"2016-09-29","2.575911e-10"
"2016-09-30","2.520938e-10"
"2016-10-10","2.411176e-10"
"2016-10-11","1.738828e-10"
"2016-10-12","2.091044e-10"
"2016-10-13","1.774806e-10"
"2016-10-14","2.125645e-10"
"2016-10-17","2.346936e-10"
"2016-10-18","2.151652e-10"
"2016-10-19","1.640356e-10"
"2016-10-20","1.813732e-10"
"2016-10-21","2.066258e-10"
"2016-10-24","1.631469e-10"
"2016-10-25","1.446141e-10"
"2016-10-26","1.907136e-10"
"2016-10-27","1.922488e-10"
"2016-10-28","2.000384e-10"
"2016-10-31","2.346056e-10"
"2016-11-01","1.774534e-10"
"2016-11-02","2.340539e-10"
"2016-11-03","2.187747e-10"
"2016-11-04","2.000406e-10"
"2016-11-07","1.955676e-10"
"2016-11-08","1.559272e-10"
"2016-11-09","2.342935e-10"
"2016-11-10","1.670486e-10"
"2016-11-11","1.396139e-10"
"2016-11-14","1.262610e-10"
"2016-11-15","1.293505e-10"
"2016-11-16","1.344293e-10"
"2016-11-17","1.475881e-10"
"2016-11-18","1.722563e-10"
"2016-11-21","1.567645e-10"
"2016-11-22","1.176794e-10"
"2016-11-23","1.406249e-10"
"2016-11-24","1.463872e-10"
"2016-11-25","2.025845e-10"
"2016-11-28","1.331846e-10"
"2016-11-29","1.520794e-10"
"2016-11-30","1.801995e-10"
"2016-12-01","1.538465e-10"
"2016-12-02","1.951853e-10"
"2016-12-05","2.311664e-10"
"2016-12-06","2.167756e-10"
"2016-12-07","2.127483e-10"
"2016-12-08","2.018396e-10"
"2016-12-09","1.759916e-10"
"2016-12-12","4.031545e-10"
"2016-12-13","3.115144e-10"
"2016-12-14","2.653708e-10"
"2016-12-15","2.692641e-10"
"2016-12-16","2.508137e-10"
"2016-12-19","2.573880e-10"
"2016-12-20","2.505884e-10"
"2016-12-21","2.129667e-10"
"2016-12-22","2.038798e-10"
"2016-12-23","3.031445e-10"
"2016-12-26","3.474171e-10"
"2016-12-27","2.444728e-10"
"2016-12-28","5.348028e-10"
"2016-12-29","1.228530e-09"
"2016-12-30","0.000000e+00"
"2017-01-03","2.276659e-10"
"2017-01-04","1.982180e-10"
"2017-01-05","1.641453e-10"
"2017-01-06","1.927547e-10"
"2017-01-09","2.009505e-10"
"2017-01-10","1.944447e-10"
"2017-01-11","2.310084e-10"
"2017-01-12","2.512990e-10"
"2017-01-13","2.930444e-10"
"2017-01-16","4.154525e-10"
"2017-01-17","3.244629e-10"
"2017-01-18","2.863379e-10"
"2017-01-19","3.016122e-10"
"2017-01-20","2.953703e-10"
"2017-01-23","2.328167e-10"
"2017-01-24","2.502228e-10"
"2017-01-25","2.531752e-10"
"2017-01-26","2.238817e-10"
"2017-02-03","3.499217e-10"
"2017-02-06","2.413081e-10"
"2017-02-07","2.393676e-10"
"2017-02-08","2.348734e-10"
"2017-02-09","1.708408e-10"
"2017-02-10","1.513200e-10"
"2017-02-13","1.607435e-10"
"2017-02-14","1.759617e-10"
"2017-02-15","1.654361e-10"
"2017-02-16","1.711356e-10"
"2017-02-17","1.972556e-10"
"2017-02-20","1.815808e-10"
"2017-02-21","1.386702e-10"
"2017-02-22","1.388058e-10"
"2017-02-23","1.759240e-10"
"2017-02-24","1.691058e-10"
"2017-02-27","1.910547e-10"
"2017-02-28","1.750517e-10"
"2017-03-01","1.574545e-10"
"2017-03-02","2.020577e-10"
"2017-03-03","1.898279e-10"
"2017-03-06","1.836932e-10"
"2017-03-07","1.606676e-10"
"2017-03-08","1.920612e-10"
"2017-03-09","2.085106e-10"
"2017-03-10","2.095741e-10"
"2017-03-13","2.664318e-10"
"2017-03-14","2.147475e-10"
"2017-03-15","1.868890e-10"
"2017-03-16","1.548291e-10"
"2017-03-17","1.995620e-10"
"2017-03-20","1.921450e-10"
"2017-03-21","1.776234e-10"
"2017-03-22","2.235302e-10"
"2017-03-23","2.043961e-10"
"2017-03-24","1.881735e-10"
"2017-03-27","1.774256e-10"
"2017-03-28","2.069175e-10"
"2017-03-29","1.968163e-10"
"2017-03-30","2.183946e-10"
"2017-03-31","1.813489e-10"
"2017-04-05","1.949832e-10"
"2017-04-06","1.330518e-10"
"2017-04-07","1.335346e-10"
"2017-04-10","1.640813e-10"
"2017-04-11","1.911441e-10"
"2017-04-12","1.679852e-10"
"2017-04-13","1.558296e-10"
"2017-04-14","1.799210e-10"
"2017-04-17","2.458858e-10"
"2017-04-18","2.191322e-10"
"2017-04-19","2.580149e-10"
"2017-04-20","2.688357e-10"
"2017-04-21","2.598286e-10"
"2017-04-24","3.898642e-10"
"2017-04-25","2.877034e-10"
"2017-04-26","2.453740e-10"
"2017-04-27","3.338238e-10"
"2017-04-28","2.771553e-10"
"2017-05-02","2.856727e-10"
"2017-05-03","2.886791e-10"
"2017-05-04","3.100033e-10"
"2017-05-05","3.135662e-10"
"2017-05-08","4.209170e-10"
"2017-05-09","3.482331e-10"
"2017-05-10","4.117048e-10"
"2017-05-11","4.166350e-10"
"2017-05-12","3.365068e-10"
"2017-05-15","3.307437e-10"
"2017-05-16","3.932007e-10"
"2017-05-17","2.747362e-10"
"2017-05-18","3.231105e-10"
"2017-05-19","3.036402e-10"
"2017-05-22","4.051275e-10"
"2017-05-23","4.203001e-10"
"2017-05-24","4.470893e-10"
"2017-05-25","3.571030e-10"
"2017-05-26","2.965206e-10"
"2017-05-31","3.706466e-10"
"2017-06-01","3.905168e-10"
"2017-06-02","4.077713e-10"
"2017-06-05","2.871575e-10"
"2017-06-06","3.149847e-10"
"2017-06-07","2.495862e-10"
"2017-06-08","2.383539e-10"
"2017-06-09","2.963890e-10"
"2017-06-12","2.974920e-10"
"2017-06-13","3.197334e-10"
"2017-06-14","2.754330e-10"
"2017-06-15","2.460590e-10"
"2017-06-16","2.872230e-10"
"2017-06-19","2.694392e-10"
"2017-06-20","2.060837e-10"
"2017-06-21","2.576277e-10"
"2017-06-22","2.696323e-10"
"2017-06-23","3.049922e-10"
"2017-06-26","2.556349e-10"
"2017-06-27","2.248561e-10"
"2017-06-28","2.396400e-10"
"2017-06-29","2.199972e-10"
"2017-06-30","2.382974e-10"
"2017-07-03","2.295375e-10"
"2017-07-04","2.196951e-10"
"2017-07-05","2.070084e-10"
"2017-07-06","2.075314e-10"
"2017-07-07","1.964490e-10"
"2017-07-10","2.081524e-10"
"2017-07-11","2.209922e-10"
"2017-07-12","2.981775e-10"
"2017-07-13","2.454214e-10"
"2017-07-14","2.527293e-10"
"2017-07-17","4.460599e-10"
"2017-07-18","3.351579e-10"
"2017-07-19","3.153035e-10"
"2017-07-20","2.504293e-10"
"2017-07-21","2.233438e-10"
"2017-07-24","2.436562e-10"
"2017-07-25","2.807445e-10"
"2017-07-26","2.682127e-10"
"2017-07-27","2.587503e-10"
"2017-07-28","0.000000e+00"
"2017-07-31","2.108101e-10"
"2017-08-01","1.981254e-10"
"2017-08-02","2.400726e-10"
"2017-08-03","2.364783e-10"
"2017-08-04","2.086379e-10"
"2017-08-07","2.468949e-10"
"2017-08-08","2.198183e-10"
"2017-08-09","2.249269e-10"
"2017-08-10","2.814246e-10"
"2017-08-11","3.003437e-10"
"2017-08-14","3.045160e-10"
"2017-08-15","2.784171e-10"
"2017-08-16","2.622964e-10"
"2017-08-17","2.371684e-10"
"2017-08-18","2.574820e-10"
"2017-08-21","2.314656e-10"
"2017-08-22","2.574091e-10"
"2017-08-23","0.000000e+00"
"2017-08-24","3.034764e-10"
"2017-08-25","2.559197e-10"
"2017-08-28","1.915497e-10"
"2017-08-29","2.026069e-10"
"2017-08-30","1.875261e-10"
"2017-08-31","1.981311e-10"
"2017-09-01","2.068865e-10"
"2017-09-04","1.774160e-10"
"2017-09-05","1.810912e-10"
"2017-09-06","1.999483e-10"
"2017-09-07","1.964320e-10"
"2017-09-08","2.033486e-10"
"2017-09-11","1.886097e-10"
"2017-09-12","1.825298e-10"
"2017-09-13","2.075324e-10"
"2017-09-14","2.062057e-10"
"2017-09-15","2.004597e-10"
"2017-09-18","2.053445e-10"
"2017-09-19","2.168642e-10"
"2017-09-20","2.054340e-10"
"2017-09-21","2.294233e-10"
"2017-09-22","2.645617e-10"
"2017-09-25","3.425103e-10"
"2017-09-26","3.056839e-10"
"2017-09-27","3.026045e-10"
"2017-09-28","2.982323e-10"
"2017-09-29","3.119026e-10"
"2017-10-09","3.245367e-10"
"2017-10-10","2.684997e-10"
"2017-10-11","2.406793e-10"
"2017-10-12","2.434504e-10"
"2017-10-13","2.258728e-10"
"2017-10-16","2.995474e-10"
"2017-10-17","3.079271e-10"
"2017-10-18","3.179772e-10"
"2017-10-19","3.593436e-10"
"2017-10-20","4.037729e-10"
"2017-10-23","3.567098e-10"
"2017-10-24","3.624129e-10"
"2017-10-25","3.167229e-10"
"2017-10-26","2.439959e-10"
"2017-10-27","2.950132e-10"
"2017-10-30","4.361830e-10"
"2017-10-31","3.543161e-10"
"2017-11-01","2.891503e-10"
"2017-11-02","3.668388e-10"
"2017-11-03","4.059679e-10"
"2017-11-06","4.155191e-10"
"2017-11-07","3.119823e-10"
"2017-11-08","3.084248e-10"
"2017-11-09","2.859045e-10"
"2017-11-10","3.005872e-10"
"2017-11-13","2.882331e-10"
"2017-11-14","3.101545e-10"
"2017-11-15","3.248346e-10"
"2017-11-16","3.575209e-10"
"2017-11-17","5.082378e-10"
"2017-11-20","5.822293e-10"
"2017-11-21","3.979184e-10"
"2017-11-22","3.366450e-10"
"2017-11-23","4.605983e-10"
"2017-11-24","4.424330e-10"
"2017-11-27","4.401010e-10"
"2017-11-28","4.275999e-10"
"2017-11-29","4.014781e-10"
"2017-11-30","4.348047e-10"
"2017-12-01","3.912494e-10"
"2017-12-04","4.499053e-10"
"2017-12-05","5.392285e-10"
"2017-12-06","4.877943e-10"
"2017-12-07","4.528528e-10"
"2017-12-08","4.483977e-10"
"2017-12-11","3.840834e-10"
"2017-12-12","4.883859e-10"
"2017-12-13","4.827368e-10"
"2017-12-14","4.160284e-10"
"2017-12-15","4.319262e-10"
"2017-12-18","4.752315e-10"
"2017-12-19","3.941826e-10"
"2017-12-20","4.488989e-10"
"2017-12-21","5.061477e-10"
"2017-12-22","4.171163e-10"
"2017-12-25","4.734171e-10"
"2017-12-26","4.319149e-10"
"2017-12-27","4.306406e-10"
"2017-12-28","0.000000e+00"
"2017-12-29","0.000000e+00"
"2018-01-02","3.535337e-10"
"2018-01-03","2.816714e-10"
"2018-01-04","2.676666e-10"
"2018-01-05","2.602731e-10"
"2018-01-08","2.812614e-10"
"2018-01-09","0.000000e+00"
"2018-01-10","3.728043e-10"
"2018-01-11","3.542962e-10"
"2018-01-12","3.194538e-10"
"2018-01-15","4.924430e-10"
"2018-01-16","4.240349e-10"
"2018-01-17","4.007336e-10"
"2018-01-18","3.382236e-10"
"2018-01-19","3.108472e-10"
"2018-01-22","3.709613e-10"
"2018-01-23","2.732798e-10"
"2018-01-24","2.787772e-10"
"2018-01-25","0.000000e+00"
"2018-01-26","2.894857e-10"
"2018-01-29","3.675619e-10"
"2018-01-30","3.662381e-10"
"2018-01-31","4.994769e-10"
"2018-02-01","6.480145e-10"
"2018-02-02","6.829060e-10"
"2018-02-05","6.788593e-10"
"2018-02-06","7.251355e-10"
"2018-02-07","7.296303e-10"
"2018-02-08","6.533230e-10"
"2018-02-09","9.433441e-10"
"2018-02-12","7.670260e-10"
"2018-02-13","6.215059e-10"
"2018-02-14","7.962877e-10"
"2018-02-22","6.324522e-10"
"2018-02-23","5.900638e-10"
"2018-02-26","4.760464e-10"
"2018-02-27","0.000000e+00"
"2018-02-28","5.660511e-10"
"2018-03-01","4.865478e-10"
"2018-03-02","5.113384e-10"
"2018-03-05","4.918768e-10"
"2018-03-06","4.344263e-10"
"2018-03-07","4.102071e-10"
"2018-03-08","4.152955e-10"
"2018-03-09","3.576207e-10"
"2018-03-12","2.798924e-10"
"2018-03-13","3.525609e-10"
"2018-03-14","4.453562e-10"
"2018-03-15","4.802404e-10"
"2018-03-16","4.689025e-10"
"2018-03-19","5.148762e-10"
"2018-03-20","5.086344e-10"
"2018-03-21","4.364837e-10"
"2018-03-22","4.662357e-10"
"2018-03-23","7.309314e-10"
"2018-03-26","8.341792e-10"
"2018-03-27","4.964958e-10"
"2018-03-28","5.195174e-10"
"2018-03-29","4.502973e-10"
"2018-03-30","3.895651e-10"
"2018-04-02","3.993035e-10"
"2018-04-03","5.825368e-10"
"2018-04-04","4.753766e-10"
"2018-04-09","5.499149e-10"
"2018-04-10","4.612934e-10"
"2018-04-11","3.927243e-10"
"2018-04-12","5.067833e-10"
"2018-04-13","5.485426e-10"
"2018-04-16","6.373896e-10"
"2018-04-17","7.222649e-10"
"2018-04-18","7.183174e-10"
"2018-04-19","5.292703e-10"
"2018-04-20","7.354403e-10"
"2018-04-23","7.201346e-10"
"2018-04-24","6.955314e-10"
"2018-04-25","5.417541e-10"
"2018-04-26","7.396927e-10"
"2018-04-27","6.638146e-10"
"2018-05-02","5.866470e-10"
"2018-05-03","5.737206e-10"
"2018-05-04","5.499615e-10"
"2018-05-07","4.764863e-10"
"2018-05-08","3.851797e-10"
"2018-05-09","4.762723e-10"
"2018-05-10","4.080706e-10"
"2018-05-11","4.963499e-10"
"2018-05-14","5.138567e-10"
"2018-05-15","5.461338e-10"
"2018-05-16","5.031730e-10"
"2018-05-17","5.213793e-10"
"2018-05-18","5.041706e-10"
"2018-05-21","4.073431e-10"
"2018-05-22","4.068432e-10"
"2018-05-23","3.462318e-10"
"2018-05-24","4.237350e-10"
"2018-05-25","5.227366e-10"
"2018-05-28","5.506817e-10"
"2018-05-29","5.424370e-10"
"2018-05-30","7.303242e-10"
"2018-05-31","5.780724e-10"
"2018-06-01","6.451523e-10"
"2018-06-04","6.643135e-10"
"2018-06-05","5.850109e-10"
"2018-06-06","5.576650e-10"
"2018-06-07","6.200446e-10"
"2018-06-08","7.287151e-10"
"2018-06-11","7.369769e-10"
"2018-06-12","6.895531e-10"
"2018-06-13","7.430159e-10"
"2018-06-14","7.041564e-10"
"2018-06-15","8.705917e-10"
"2018-06-19","1.531971e-09"
"2018-06-20","9.643243e-10"
"2018-06-21","1.088371e-09"
"2018-06-22","1.152456e-09"
"2018-06-25","1.034904e-09"
"2018-06-26","1.159030e-09"
"2018-06-27","9.303283e-10"
"2018-06-28","1.014740e-09"
"2018-06-29","9.680516e-10"
"2018-07-02","9.309810e-10"
"2018-07-03","9.112229e-10"
"2018-07-04","8.463250e-10"
"2018-07-05","1.160481e-09"
"2018-07-06","1.219219e-09"
"2018-07-09","9.448866e-10"
"2018-07-10","7.427538e-10"
"2018-07-11","1.283559e-09"
"2018-07-12","9.689150e-10"
"2018-07-13","7.252530e-10"
"2018-07-16","8.662246e-10"
"2018-07-17","8.377605e-10"
"2018-07-18","7.143797e-10"
"2018-07-19","7.168822e-10"
"2018-07-20","7.952835e-10"
"2018-07-23","6.724325e-10"
"2018-07-24","4.932893e-10"
"2018-07-25","5.478152e-10"
"2018-07-26","5.887097e-10"
"2018-07-27","6.283150e-10"
"2018-07-30","6.296847e-10"
"2018-07-31","6.549657e-10"
"2018-08-01","7.161255e-10"
"2018-08-02","9.417234e-10"
"2018-08-03","8.682516e-10"
"2018-08-06","1.052521e-09"
"2018-08-07","9.109994e-10"
"2018-08-08","6.791574e-10"
"2018-08-09","7.098099e-10"
"2018-08-10","6.263483e-10"
"2018-08-13","7.866182e-10"
"2018-08-14","6.693903e-10"
"2018-08-15","9.417279e-10"
"2018-08-16","9.506269e-10"
"2018-08-17","1.109404e-09"
"2018-08-20","9.980118e-10"
"2018-08-21","9.483301e-10"
"2018-08-22","1.023672e-09"
"2018-08-23","9.099760e-10"
"2018-08-24","9.196555e-10"
"2018-08-27","7.774799e-10"
"2018-08-28","6.808888e-10"
"2018-08-29","7.713906e-10"
"2018-08-30","8.780821e-10"
"2018-08-31","8.737352e-10"
"2018-09-03","9.156319e-10"
"2018-09-04","8.091766e-10"
"2018-09-05","9.121800e-10"
"2018-09-06","9.217553e-10"
"2018-09-07","9.040120e-10"
"2018-09-10","9.520023e-10"
"2018-09-11","1.009347e-09"
"2018-09-12","9.987240e-10"
"2018-09-13","8.037029e-10"
"2018-09-14","7.404816e-10"
"2018-09-17","8.740771e-10"
"2018-09-18","7.905290e-10"
"2018-09-19","6.207576e-10"
"2018-09-20","5.898488e-10"
"2018-09-21","5.498552e-10"
"2018-09-25","6.122766e-10"
"2018-09-26","0.000000e+00"
"2018-09-27","6.078648e-10"
"2018-09-28","5.266476e-10"
"2018-10-08","8.353389e-10"
"2018-10-09","8.291700e-10"
"2018-10-10","8.676988e-10"
"2018-10-11","1.615359e-09"
"2018-10-12","1.357188e-09"
"2018-10-15","1.211522e-09"
"2018-10-16","1.271611e-09"
"2018-10-17","0.000000e+00"
"2018-10-18","1.486196e-09"
"2018-10-19","1.446363e-09"
"2018-10-22","1.092867e-09"
"2018-10-23","9.529166e-10"
"2018-10-24","1.007336e-09"
"2018-10-25","1.332006e-09"
"2018-10-26","8.449960e-10"
"2018-10-29","1.017500e-09"
"2018-10-30","9.307647e-10"
"2018-10-31","6.892009e-10"
"2018-11-01","5.188701e-10"
"2018-11-02","5.031646e-10"
"2018-11-05","5.390274e-10"
"2018-11-06","5.819225e-10"
"2018-11-07","5.304547e-10"
"2018-11-08","5.641165e-10"
"2018-11-09","6.451108e-10"
"2018-11-12","6.836381e-10"
"2018-11-13","5.683218e-10"
"2018-11-14","4.780128e-10"
"2018-11-15","4.339854e-10"
"2018-11-16","3.978433e-10"
"2018-11-19","4.122745e-10"
"2018-11-20","6.148393e-10"
"2018-11-21","6.294381e-10"
"2018-11-22","5.619104e-10"
"2018-11-23","8.534489e-10"
"2018-11-26","7.487687e-10"
"2018-11-27","7.046610e-10"
"2018-11-28","7.996884e-10"
"2018-11-29","8.129173e-10"
"2018-11-30","7.560091e-10"
"2018-12-03","5.836727e-10"
"2018-12-04","4.534148e-10"
"2018-12-05","6.222836e-10"
"2018-12-06","6.041294e-10"
"2018-12-07","6.630637e-10"
"2018-12-10","7.248885e-10"
"2018-12-11","6.796383e-10"
"2018-12-12","6.495460e-10"
"2018-12-13","5.926167e-10"
"2018-12-14","6.701590e-10"
"2018-12-17","7.297942e-10"
"2018-12-18","0.000000e+00"
"2018-12-19","0.000000e+00"
"2018-12-20","7.172653e-10"
"2018-12-21","7.324202e-10"
"2018-12-24","8.629959e-10"
"2018-12-25","1.043262e-09"
"2018-12-26","8.068062e-10"
"2018-12-27","8.901386e-10"
"2018-12-28","7.886547e-10"
"2019-01-02","8.589650e-10"
"2019-01-03","8.796772e-10"
"2019-01-04","9.045777e-10"
"2019-01-07","5.423622e-10"
"2019-01-08","5.652381e-10"
"2019-01-09","5.217638e-10"
"2019-01-10","5.816338e-10"
"2019-01-11","5.937683e-10"
"2019-01-14","6.211403e-10"
"2019-01-15","5.712602e-10"
"2019-01-16","5.834588e-10"
"2019-01-17","5.952787e-10"
"2019-01-18","5.174225e-10"
"2019-01-21","4.890732e-10"
"2019-01-22","6.500645e-10"
"2019-01-23","6.589458e-10"
"2019-01-24","5.604419e-10"
"2019-01-25","5.562856e-10"
"2019-01-28","6.318225e-10"
"2019-01-29","7.887272e-10"
"2019-01-30","7.415918e-10"
"2019-01-31","7.341453e-10"
"2019-02-01","7.110913e-10"
"2019-02-11","6.009085e-10"
"2019-02-12","4.090809e-10"
"2019-02-13","3.730096e-10"
"2019-02-14","3.684318e-10"
"2019-02-15","4.618948e-10"
"2019-02-18","3.614988e-10"
"2019-02-19","3.558300e-10"
"2019-02-20","3.734129e-10"
"2019-02-21","3.672253e-10"
"2019-02-22","3.427099e-10"
"2019-02-25","2.949878e-10"
"2019-02-26","2.483560e-10"
"2019-02-27","2.659871e-10"
"2019-02-28","2.786775e-10"
"2019-03-01","2.891306e-10"
"2019-03-04","1.978165e-10"
"2019-03-05","2.157039e-10"
"2019-03-06","1.926518e-10"
"2019-03-07","1.969250e-10"
"2019-03-08","3.507079e-10"
"2019-03-11","3.074354e-10"
"2019-03-12","2.139232e-10"
"2019-03-13","2.469789e-10"
"2019-03-14","3.866448e-10"
"2019-03-15","2.886801e-10"
"2019-03-18","0.000000e+00"
"2019-03-19","2.422497e-10"
"2019-03-20","2.721655e-10"
"2019-03-21","0.000000e+00"
"2019-03-22","2.398692e-10"
"2019-03-25","2.893593e-10"
"2019-03-26","3.638904e-10"
"2019-03-27","3.413390e-10"
"2019-03-28","3.527769e-10"
"2019-03-29","3.367932e-10"
"2019-04-01","2.295667e-10"
"2019-04-02","1.740010e-10"
"2019-04-03","1.983423e-10"
"2019-04-04","1.794323e-10"
"2019-04-08","3.061880e-10"
"2019-04-09","3.055763e-10"
"2019-04-10","3.260751e-10"
"2019-04-11","2.917396e-10"
"2019-04-12","2.603405e-10"
"2019-04-15","2.671106e-10"
"2019-04-16","2.781605e-10"
"2019-04-17","1.890427e-10"
"2019-04-18","2.284437e-10"
"2019-04-19","2.436696e-10"
"2019-04-22","2.507925e-10"
"2019-04-23","2.595191e-10"
"2019-04-24","2.853914e-10"
"2019-04-25","3.951518e-10"
"2019-04-26","3.096573e-10"
"2019-04-29","4.674176e-10"
"2019-04-30","5.395437e-10"
"2019-05-06","6.079320e-10"
"2019-05-07","4.222021e-10"
"2019-05-08","5.109399e-10"
"2019-05-09","4.255583e-10"
"2019-05-10","4.437417e-10"
"2019-05-13","4.282670e-10"
"2019-05-14","4.118570e-10"
"2019-05-15","3.541296e-10"
"2019-05-16","2.999869e-10"
"2019-05-17","5.280454e-10"
"2019-05-20","5.922539e-10"
"2019-05-21","5.873161e-10"
"2019-05-22","4.839426e-10"
"2019-05-23","5.053289e-10"
"2019-05-24","5.148731e-10"
"2019-05-27","5.407496e-10"
"2019-05-28","3.698123e-10"
"2019-05-29","4.319777e-10"
"2019-05-30","4.270553e-10"
"2019-05-31","4.050951e-10"
"2019-06-03","4.037920e-10"
"2019-06-04","4.353788e-10"
"2019-06-05","4.191195e-10"
"2019-06-06","5.027565e-10"
"2019-06-10","4.998809e-10"
"2019-06-11","4.543984e-10"
"2019-06-12","3.847034e-10"
"2019-06-13","4.136842e-10"
"2019-06-14","4.851318e-10"
"2019-06-17","4.818737e-10"
"2019-06-18","4.469666e-10"
"2019-06-19","4.271322e-10"
"2019-06-20","3.655634e-10"
"2019-06-21","2.797148e-10"
"2019-06-24","3.097589e-10"
"2019-06-25","4.078915e-10"
"2019-06-26","3.853045e-10"
"2019-06-27","3.298230e-10"
"2019-06-28","4.213663e-10"
