Row,Var1,Var2,Var3,Var4,Var5,Var6
20180104,-0.00601958175838613,0.00218818468055293,-0.0147181724740215,-0.0182296714916608,0,0.00313479880537137
20180105,0.00376648279547709,0.00109229939860889,0.00164609090666867,0.00915637528598623,-0.00501254182354427,0.0077942717268189
20180108,-0.0258963443035793,0.00326975768155657,-0.00164609090666867,-0.0117879557520424,0.00750942202213145,0.0154086253528449
20180109,0.00921665510492353,0,0.00328947665039858,-0.00396040121609698,-0.0125472160520885,-0.00921665510492375
20180110,0.0293806443932203,0.017260406933,0.0114286958236229,0.0286851479988588,0.0175223506922024,0.0183491386681962
20180111,-0.00521028346540708,-0.00643779047484827,0.00808411839995893,0.0115017242390114,0.0147785940961187,0.0180185055026785
20180112,0.0111318403688441,0.00750673766375343,0.00642056780292277,0.00253807242847115,0,0.0191604977390756
20180115,0.0468554172815052,0.00426439878645768,0.0283930745012178,0.0225573474240743,0.0217662764819546,0.0173665724982988
20180116,0,0.00212539931231337,0.0245788102648878,0.0196325324071212,0.00952388151125549,0.0042949242828807
20180117,0.00211044749454592,0.0105597602150023,0.0195348060206424,0.0192545057901365,0.00472814119594589,-0.0129405112757346
20180118,0.0338547011989694,0.0135630665476207,0.0592230798911464,0.0679593618349932,0.0279087881170768,0.041111388242431
20180119,0.00542006746933898,0.0184810188081803,-0.00140350900232011,0.0121750258752793,0.00913248356327245,0
20180122,-0.0246250473053893,-0.0164106246938722,0.00699792918764452,-0.00330578813449955,0,-0.0111733005981252
20180123,0.0144382019983964,0.0325562831952593,0.0436631429175993,0.0795331535223838,0.0616935690053397,0.0358659131884966
20180124,-0.000682826929910618,0.00797611407000876,-0.012088797319004,-0.0143739641120688,0.00213447252863275,0.00270636159774318
20180125,-0.0305155439259508,-0.00897761640709804,-0.00677968698537912,-0.0135348240050077,-0.0128757143600453,-0.0191001713734196
20180126,-0.01061956882746,0.00798407434822046,0.00271739297650009,0.0093897403498393,0.00431035150112224,0.0150378773645405
20180129,-0.0223111089855519,-0.0120001440031108,0.00810815252842256,-0.0114883770067604,-0.0108109161042158,-0.0122868439926507
20180130,-0.00657176516323421,-0.0192997356587266,-0.0203949965210732,-0.0148150857851408,-0.0264332570681554,-0.0180185055026783
20180131,0.0288828741487861,0.0102041701742417,0.0271019297777912,0.0137641135391657,0.0133039656263627,0.00974259619881845
20180201,-0.00142450166538532,0.0141131374764645,0.0263867551731951,0.0125393492527355,0.0196298560448862,0.0219186857076463
20180202,0.00142450166538532,-0.0110720809006857,-0.0104712998672958,-0.00834207131739539,-0.0108578699720492,0.0054054185669079
20180205,0.0349685978377465,0.0512932943875506,0.0195445960729703,0.0248203020497799,0.0385486701172351,0.09261112283516
20180206,-0.0385336640022431,-0.0272921422880077,-0.0234997759158979,-0.0406517672664606,0,-0.0160994189341812
20180207,-0.0802808312608025,-0.0119285708652734,-0.059881833023153,-0.0614228126264065,-0.0363676441708749,-0.0329979177150124
20180208,-0.0298529631496813,-0.0345914447696192,-0.0444517625708338,-0.040397876326296,-0.037740327982847,-0.0666913744986721
20180209,-0.0701897597207974,-0.0466186106559241,-0.0207414843068163,-0.0154305732266455,-0.0298529631496811,-0.0494800572633696
20180212,0.00256300866488957,-0.00543775130012936,-0.0105343336849595,-0.00840845794940703,-0.0188240852456356,-0.0279224606196233
20180213,0.0185973238155892,0.013001266557374,0.0283389583184661,0.0155598591070318,0.0164903618994154,0.0147931691778305
20180214,0.00501254182354449,0,0.0116960397631911,0.00710062154957658,0,-0.0103321952372053
20180222,0.0376168635713068,0.0160174273316622,0.0172914971100611,0.0347659578432133,0.0208099995137934,0.0534423188909339
20180223,0.0119666366175211,0.0136772253074535,0.00142755199118549,0.00227531383713586,0.00456621797958112,0.00421053253634351
20180226,0.00158478638557158,-0.00313972000466789,0.00142551699122095,-0.0056980211146378,0.00227531383713564,0
20180227,-0.0281030136434035,-0.0147837961842368,-0.033312276467115,-0.038443872115288,-0.0183491386681967,-0.0155260705289193
20180228,-0.0189072627823323,-0.010695289116748,-0.0178310816430722,-0.0131502193868784,-0.0210534091978323,-0.0273989741881147
20180301,-0.000830220055989095,0.00107469112976544,0.00299401421260459,-0.00845926494597649,-0.00236686501026617,-0.00292825977908828
20180302,-0.00750316150315511,0.00107353740852423,-0.00149588659158262,-0.00364742045704336,-0.0119190922372103,-0.0147713173203126
20180305,-0.00755988480794034,-0.00214822853828966,-0.00902261759963752,-0.00979199990461765,-0.00240096153753822,-0.00597016698650377
20180306,0.0200340590331161,0.00643089033029032,-0.0106303203017564,-0.00246305543239789,0.00718565966087459,0.00745715610808206
20180307,-0.00414079266603151,-0.00321027563024812,0.0121397545506106,0.0183267194055654,0.00713439411387395,0.00296736122780183
20180308,0.00496689762833702,0.00214132844134296,-0.0121397545506106,-0.009732436918231,-0.00475060275859773,-0.00445435034938013
20180309,-0.00165289293829973,0,0,0.00852104973193368,-0.00477327875265776,0
20180312,-0.00497513464011368,0.00106894718890516,-0.010744539282977,-0.012195273093818,-0.00239521072595483,0
20180313,-0.00083160087952594,-0.00428266179200065,0.00308166653740782,0.00367422336188428,0.00478469812333637,0
20180314,-0.00835426746985801,-0.00322407587175277,-0.009273636785329,-0.0135386683327985,-0.00478469812333637,-0.00896866998276047
20180315,-0.0177744840275773,-0.00323450416765914,0.00310077767824812,-0.00123992576332022,0,-0.00150262988453487
20180316,-0.00599573530633446,-0.00758811229049261,-0.0156009404424797,-0.0187857747389746,-0.00963862883776878,-0.00754720563538314
20180319,0.0161912356870038,0.00108754768739905,0.00626961301359552,0.0150567461791078,0,0.00754720563538314
20180320,-0.000845666012343482,0.00217155351350806,0.0201089529227134,0.00991334016865109,0.00963862883776878,0.0119582889888736
20180321,0.00674538813953163,-0.00434783293610375,-0.00614441257234111,0,0,0.00296736122780183
20180322,-0.0203742191951375,-0.00546151002552175,-0.00308642220318944,-0.00866878493644663,0,-0.00148257996022272
20180323,-0.0278278826227401,-0.0266386450810638,-0.0266264751153222,-0.0354467489957475,-0.0120628724492751,-0.00297177038915741
20180326,-0.0368249961111591,-0.0056401728762614,-0.0454623740767572,-0.0367495422087414,-0.0320619324596629,-0.0487901641694319
20180327,0.000914494805388077,0.00113058237028607,-0.0066666913581892,-0.00401875959491749,-0.00502513620267298,0.00312012733624356
20180328,-0.00458086004896607,-0.00113058237028607,0,-0.00268817366180052,-0.00252206943270994,0
20180329,0.0145854910188929,0.0134833503372871,0.0182275137592651,0.0317907566494968,0.00754720563538291,0.0108444130141288
20180330,-0.0136676387286641,-0.00559598550412099,0,0.0103762279860908,-0.0151518050206023,-0.00618239990831748
20180402,-0.0175849047754406,-0.00449944516123013,-0.0215776006445472,-0.031457377589212,-0.0128042722459878,-0.00778214044205483
20180403,-0.014104606181542,-0.0056529263027878,-0.0135137191667229,-0.00668005156037399,0,-0.0109977542095414
20180404,0.0289334228550024,-0.00113443007061198,-0.0017021280705305,-0.0107817756032884,-0.00776200533548921,-0.00158102799731874
20180409,0.0137051025916506,-0.00227272825100266,-0.00170503025108371,-0.00271370587159625,0,-0.0127390257774298
20180410,0.0356544005030957,0.0169208774883374,0.0434124929353135,0.0593450311108095,0.020566277581477,0.0299943558681917
20180411,0.0352724737624315,0.0100167782434712,0.0194180858571016,0.0177669648146463,0.0101266688179293,0.0306302659482431
20180412,-0.0265540227225505,-0.0122564208369762,-0.0259754864032606,-0.0306537410910024,-0.0152287207018247,-0.0228842938335876
20180413,0.00433088593783992,-0.0044943895878391,-0.00825768523898152,-0.00650620382273814,-0.0102828669555841,0
20180416,-0.0414704328872966,-0.0170361871525677,-0.0354467489957477,-0.04403646785394,-0.0261795055817711,-0.0329441557193542
20180417,0.00986112876578016,-0.00459243057421022,-0.00516797015844261,-0.00684465368996556,-0.00265604405811626,0.00952388151125549
20180418,0.0255407982851357,0.00688076109222235,0.0154244703256317,0.00956945101615059,0.00530505222969313,0.0125590347764939
20180419,-0.00261210422792502,0.0056980211146378,0.0067796869853789,0.00813012608325048,0.00264200946283877,-0.00156128056695248
20180420,-0.0105171872138676,-0.0148829306917104,0,-0.00541273310675039,-0.00264200946283877,-0.00312989300892785
20180423,0.0191977972781734,0.00115273787980819,0.0167508104248153,0.00810815252842256,0,0
20180424,0.0247558523639944,0.0171334859436101,0.00991743665734601,0.0173453314617737,0.0157483569681394,0.0155524130074851
20180425,-0.0152934161694986,-0.00910131424634564,-0.0149132838507178,-0.0119761910467155,-0.0104712998672956,-0.0124225199985573
20180426,-0.0225117731722166,-0.00803217169726445,-0.00670019256981957,-0.00806455983673038,-0.00263504763800504,-0.00312989300892785
20180427,-0.0512011242413957,0.00345026219215283,0.00836824967051664,0.00940235267839018,0.00788440352414876,0.00156617103274503
20180502,0.00276116144132832,-0.0267613410605998,-0.0033389012655145,-0.0013377928416598,-0.00262123347987409,0.0247307812577171
20180503,-0.0120204868541247,-0.00236127618567972,-0.00502934840500213,-0.00268096675325769,0.00262123347987409,0
20180504,-0.0065329210416234,-0.00592769963327555,-0.00674538813953141,-0.0148751897650441,-0.00524935588614373,-0.00305810635882087
20180507,0.0120987981190686,0.00356083462300916,0.00674538813953141,0.0094915966815714,0.00786373646021477,0.00610688920817948
20180508,0.0183323190834712,0.00472814119594611,0.00502934840500213,0.0200407508834459,0.0103897038491356,0.0121030221712437
20180509,-0.00363967644744934,-0.00472814119594611,0.00167084416481744,0.00396040121609698,0.00258064659349166,-0.00301205046999176
20180510,0.00363967644744934,0.00354820005609735,0.00166805710069706,-0.00131839175325821,0,-0.0060514556833553
20180511,0,0.00353565483230778,0.011599135843352,0.0208884879473556,0.00514139950041859,0.00755861497392663
20180514,0.0153225169923648,0.0105325724998933,0,0.00258064659349122,0,0.0164305413960959
20180515,-0.00538117890451684,-0.00349854584251341,0.00328947665039858,0,-0.00256739550524565,-0.00743497848751784
20180516,-0.0199824995873383,-0.00585824756836795,-0.0148886124937506,-0.0168944888987617,-0.0103360093306621,-0.0195936939004013
20180517,-0.0073665158167624,-0.0011757790890119,-0.00501254182354427,-0.005256253888827,0,0.00303951601789665
20180518,0.0128560081015339,0.00703402665737984,0.0133113446382394,0.018277271191792,0.0129034048359078,0.0225065764097998
20180521,-0.000912825257359806,0.00582412828598855,-0.00331126130365589,-0.0104032147608861,0.00256082086167386,0
20180522,-0.00825314175672043,-0.00699303549097019,-0.0100000833345835,-0.0211368503093161,-0.00770222036209245,-0.00595239852729512
20180523,-0.0195264223503551,-0.00940077428470598,-0.0203052661607457,-0.0161510913278831,-0.0103627870355465,-0.0165541778825047
20180524,-0.00376293952954221,0,-0.013769580723757,-0.0109141601806784,-0.00784317746102592,0.00303030534917914
20180525,-0.00188679301257677,-0.00592068040972782,0.00173160216427815,0,0.00262123347987409,0.00302115033417616
20180528,0,0.00118694375952888,-0.00346620797648645,-0.00274725447513902,0,-0.00150943424885419
20180529,-0.0200292818755723,-0.00833834491715368,-0.0034782643763247,-0.00828734024857014,0.00261438057407104,-0.00151171608532197
20180530,-0.0293276150945205,-0.0181055036322735,-0.019349768179876,-0.0224413344726806,-0.0184458457907517,-0.0307243829310162
20180531,0.00987174847915417,0.0145105327144144,0.00531445006349252,0.00988010859970734,0.00265604405811626,0
20180601,0.000981836112256662,0.00119976019190426,-0.00353982670512409,-0.005633817718256,-0.00265604405811626,-0.0109805024834442
20180604,0.00782017670583368,0.00597730410845942,0.0105821093305369,0.0126317469059005,0.0079470616925319,0.0047207011349375
20180605,-0.000974184197843453,-0.00238663597773092,0,0.00139372844860386,0,-0.0047207011349375
20180606,-0.0117648415795863,-0.00599162966826672,-0.00881062968215485,-0.00698814863392827,-0.00529101763441564,-0.00157853229304972
20180607,0.0224290240783986,-0.00361228568591399,0.00705470297988997,0.00698814863392827,0.00264900817157687,0
20180608,-0.0244033583821164,-0.0170320418944319,-0.0195214717450198,-0.0211126772375592,-0.0106383982050555,-0.0191393402106974
20180611,-0.00793654959573642,-0.0148333992941012,0,-0.00284900477607497,0,-0.00484262447578798
20180612,0.00199005040801037,-0.00249376687840241,0.00357782134788387,0.00993620665912975,0,0.00161681522690538
20180613,-0.0109946135010919,-0.0100377254335111,-0.00357782134788387,-0.0028288562004779,-0.00267737777071653,0
20180614,0.0119881555599695,0.00251889301948394,0.00714288751238001,0.00705719230999891,0,0.00322580924888261
20180615,0.00988150332999771,0.00376648279547664,0.0141345109349047,0.0167367923555239,0.00534760632659537,0.00961545869944191
20180619,-0.0299423566150785,-0.0305367238600813,0.00699303549097063,0,0.00266311741948355,0.0111024138043052
20180620,0.00404449489650638,0,-0.00874896219323551,-0.0167367923555239,-0.00801072374607892,-0.0142973047008244
20180621,-0.00505817972735256,-0.00518135874199777,-0.00175901540517964,-0.00705719230999891,0.00267737777071653,-0.00481155699722224
20180622,-0.00101471343054627,0.00518135874199777,-0.00176211499339907,0,0,0.00321027563024834
20180625,-0.0403990721202105,-0.00908507222247135,-0.0231946169804682,-0.0229236399019368,-0.0107527917762618,-0.0177854324332163
20180626,-0.0106270925742864,-0.0184215735673625,-0.0218986853076377,-0.0249462679465773,-0.0136056520557788,-0.0016326534238853
20180627,-0.0292703823001133,-0.0080000426670761,-0.0205039801977074,-0.0240613111601173,-0.00825314175672043,0.0016326534238853
20180628,-0.0188789615974696,0.00534046663131749,-0.0209332096664658,-0.0230957147946493,-0.0167134809737406,0
20180629,0.0188789615974696,-0.00802143338457517,0.0228146777661715,0.0200469319452907,0.0139472274808505,0.0129661459972674
20180702,-0.0542505897497483,-0.0217104863709014,-0.0461620417631625,-0.0516951428960726,-0.0395531783860217,-0.00484262447578798
20180703,0.00694447235281137,0,0.011741817876683,0.0159493014076781,0.0114614435190066,-0.0756027407429511
20180704,-0.00694447235281137,-0.00688233962294182,0.0038835000263977,0,0.0056818334674309,-0.00349650705872939
20180705,-0.00116211518017728,-0.00832182333749221,0.0134746985833603,0.0141400627738126,0.0140649294674036,0.0139132679169849
20180706,0.00695251931488183,0.00693965311054057,0.0114069677933764,0.00777004686193172,0.00557104504945549,-0.0086730812534288
20180709,0.0418376448545503,0.0218886987894371,0.0443695696640356,0.0527628023669104,0.040821994520255,0.0291866210865319
20180710,-0.0055524851147859,-0.00542742173536537,-0.00180995524523975,-0.00589103323723728,-0.00534760632659537,0.00337838159162707
20180711,-0.022523474667083,-0.0234009301646123,-0.00727275932907956,-0.00592594326754714,-0.00268456537066886,-0.0170072126472329
20180712,0.0113251493570536,0.0274742555522483,0.0323187912551672,0.035040081115796,0.0186423508092797,0.0119353505492727
20180713,0,-0.00407332538763594,-0.054459917132381,0.00143369200184851,-0.0626054742303959,0.00507186209796018
20180716,-0.0170361871525677,-0.0109440216793173,-0.0245526970058789,-0.02612630459222,-0.016997576368571,-0.00168776411371963
20180717,-0.00114613193062274,-0.00275482267884453,0,-0.065323142597989,-0.00573067470898514,-0.0067796869853789
20180718,-0.00229621226035048,0.00275482267884453,0,0.00469852078155419,-0.00576370471675003,-0.00511510066677046
20180719,0.00344234419097322,-0.00690133864069309,-0.0115385895564939,-0.00784317746102592,-0.00289435802636451,0
20180720,0.0426073414203558,0.0327004613109347,0.056405927913552,0.0655222890477039,0.028573372444056,0.036916943827642
20180723,0.0334623773164049,0.0185928330766156,0.0234879813072137,0.0218827112495077,0.0112045990128631,0.00983614487671303
20180724,-0.00212539931231337,0.00524935588614373,0.00178412179350151,0,0.002781642961877,0.00325733187030663
20180725,-0.00212992625782515,-0.00130975788206333,0.00178094437099463,-0.0014440435722336,-0.002781642961877,-0.00162733965937556
20180726,-0.0139562114937992,-0.00789477784700798,-0.0125337361472566,-0.00144613184999964,-0.00558660670863986,-0.00653597097978564
20180727,0,-0.00264550418842413,-0.00180342699915048,-0.00872098550544487,-0.00280505092760852,0.00490597876885457
20180730,0.0150217416958376,0.00528402814660511,0.00898478640781519,0.0144930073025671,0.0111733005981254,0.00812352152147944
20180731,0.00318979536810016,0.00263158046605616,0.0106762579913418,0.00859604146979787,0.00554018037561521,0.0144580831752299
20180801,-0.0290812093008417,-0.0158943743444664,-0.0178576174000065,-0.0187190491012466,-0.0167134809737406,-0.0625203569813342
20180802,-0.0232182901020073,-0.0202299549027041,-0.0200188668904917,-0.0205587270210366,-0.0198588086496032,-0.00340136382349021
20180803,-0.0033613477027048,0,0.00732604009207294,0.0132647486584831,0,-0.00341297259623996
20180806,0.0033613477027048,0.00136147059832092,0.00545952220489876,0.00874641144286836,0.00571430126343864,0
20180807,0.0254016970829505,0.0188684843043831,0.0162019745762805,0.0129778317487139,0.0141445073861646,0.0169495583137733
20180808,-0.0131725285565385,-0.0093897403498393,-0.0162019745762805,-0.0188002645001473,-0.00846267391873368,-0.00843886864586452
20180809,0.0261737951139125,0.0160431248405759,0.0108304307743696,0.0116111609276781,0.00846267391873368,0.0117945764928369
20180810,-0.00647950431098643,0,-0.0126469617007674,-0.0116111609276781,-0.005633817718256,-0.00335570784697237
20180813,-0.0196942908029261,-0.0120081496283966,-0.0183491386681964,-0.0266287923466013,-0.011363758650315,-0.0152416159686171
20180814,-0.00554018037561521,-0.00134318354646767,-0.00371057939653574,0.00149812762102197,0.00285306898240645,-0.00170794234515625
20180815,-0.0236098656391341,-0.0162605208717805,-0.0168701283034851,-0.0166041550520353,-0.0172418064345061,-0.0172418064345059
20180816,-0.00113830405006032,-0.00410678195265324,-0.00378788331693714,0.00455581653586057,0.00578036291549955,0
20180817,0.00341103230106299,-0.00412371718386217,-0.00189933580365254,-0.0121952730938182,-0.00578036291549955,-0.0052310494175527
20180820,0.0213371373881315,0.0177479061234058,0.0188329483330922,0.0212451086137362,0.0143887374520997,0.0104348772925797
20180821,0.0252344711785413,0.00135226525001375,0.00743497848751828,0.00896866998276047,0.0056980211146378,0.00861331767811491
20180822,0.00647950431098643,-0.00814115758370004,-0.00185356864932307,-0.00298062813813771,-0.0056980211146378,-0.00515908281002742
20180823,0.00750673766375343,0.00407886357482101,0.00185356864932307,-0.00149365225678344,0,-0.00345423486808749
20180824,0.0691353114843434,0.0359798969771836,0.0165293019512105,0.016308738041924,0.00853490244983734,0.0205486682273877
20180827,0.0391056670388368,0.00912058439680941,0.00725956001280426,0.0160470255975176,0.00564973254211898,0.0217946598274203
20180828,-0.0135137191667227,-0.00650620382273814,-0.00362319236942055,0.00577202179712222,0.0028129413766147,-0.0016597514183645
20180829,-0.00194552590549124,-0.00261438057407126,-0.00363636764338371,-0.00722024797348708,0,0.0016597514183645
20180830,-0.0147133600811475,-0.0184945826361642,-0.0165293019512105,-0.010196738020515,-0.00846267391873368,-0.0116765296618357
20180831,0.000987654401272575,0.0327898228229908,0.00738010729762251,0.00729397836255341,0.00564973254211898,0.00167644632725228
20180903,0.00590552897404129,-0.00907329620567454,-0.0018399269220073,0,0,0.00167364055802977
20180904,0.0232794217780476,0.0103627870355463,0.0018399269220073,0.00724116125655971,0.00841519692528458,0.00998344398418327
20180905,-0.037113634507596,-0.0221507427875887,-0.0166824999599362,-0.0322608622182214,-0.0140649294674036,-0.0285493781067188
20180906,-0.007992050531338,-0.00793654959573642,-0.00374532273016204,-0.00597909105605798,-0.00853490244983734,0
20180907,0.00400400935338219,0.00132714020806279,0.00374532273016204,-0.00150037537523473,0.00285306898240645,-0.00683763347760391
20180910,-0.0130720815673526,-0.00531916147760025,-0.00187090793581168,-0.00602411460338081,0.00284495213223135,-0.013817145553142
20180911,0.00303183658212003,-0.00668898815079633,0,-0.00606062461169099,-0.00284495213223135,-0.0052310494175527
20180912,-0.00303183658212003,0.00268096675325769,-0.00940740710189547,-0.00609757986811865,-0.00571430126343864,0
20180913,0.00806455983673038,0.0106525641162074,0.0150096626505654,0.0151747980192352,0.0142249909313472,0.0052310494175527
20180914,-0.0121213605323449,-0.00265252144913131,0,0.00150489117942043,0,-0.00698083114134018
20180917,-0.0153612851614873,-0.0106810094203338,-0.0093546051672202,-0.00603320080416792,-0.00566573753567723,-0.0105634785095694
20180918,0.0394588367405477,0.0304055147681126,0.0130720815673526,0.0120302202765421,0.00848661387731853,0.0175443096509096
20180919,0.0157483569681394,0.00907329620567454,0.00923367594694557,0.0133632278121671,0.0028129413766147,0.0069324367756447
20180920,-0.000977039647826583,0.00128949082987173,0.00914919465358799,0.0102715503218296,0.00280505092760852,0.00688470877749725
20180921,0.042111485350127,0.0342021937635431,0.0462715992878198,0.051220299022724,0.0303471563892921,0.0353870115843227
20180925,-0.0113102053915868,-0.0100125992924296,-0.0140107370695983,-0.015374167249588,-0.00818558458643959,-0.00998344398418327
20180926,0.015052024537582,0.0199259394610807,0.00527705710084359,0.00421645037893481,0.00818558458643959,0.00998344398418327
20180927,0.00279720462106114,0,-0.00175592670226488,0,0,-0.00331675262599407
20180928,0.0284553388830435,0.00737104074458994,0.0139618323817685,0.0153099719714205,0.0108109161042156,0.0066225407604934
20181008,-0.055828449552942,-0.046345175176365,-0.0370739722575171,-0.0437613931958132,-0.0272496424473756,-0.0267574491695493
20181009,0.0104712998672953,0.00511510066677001,-0.00541029272824733,-0.00433840159859811,-0.00832182333749221,-0.0119353505492727
20181010,-0.0104712998672953,0.00127469743200059,0.00361011222409946,0.00578036291549933,0.002781642961877,0.0051326032265202
20181011,-0.0581158097962762,-0.0389659685333834,-0.0273989741881142,-0.0381837869701587,-0.0281708769666964,-0.0206903932574463
20181012,0.0436577266210461,0.0196727655987048,0.0237888619640148,0.0367418256532575,0.0141846349919563,0.0017406444777841
20181015,-0.0186188622032102,-0.0143887374520997,-0.0182486815883995,-0.017467693040391,-0.0141846349919563,-0.0300110784160394
20181016,0.0253919892090559,0.00656601177089033,0.00367647472930877,0.00731532157637305,0.00285306898240645,-0.00179372245402698
20181017,-0.00386473910988849,0.00652318033912369,-0.00367647472930877,-0.0043827681550952,0.00851068966790858,0.0213151941990468
20181018,-0.0235074487660296,-0.0210257417057504,-0.0148425730379289,-0.0147495299260623,-0.00566573753567723,-0.0195214717450198
20181019,0.0642907203681209,0.0339458180708547,0.0240085400520091,0.0364737731176445,0.0252467827347838,0.0282704339382553
20181022,0.035603943172489,0.027849901197611,0.0270043411916747,0.0296422549586743,0.0246250473053893,0.0257967873320202
20181023,-0.0281965018946275,-0.024006206523048,-0.0288308257177092,-0.0325116973866271,-0.0218587938124992,-0.0223185229556955
20181024,0.018282044837449,0.0227569871226159,0.0270530474717099,0.026932882359588,0.01643872634316,0.0223185229556955
20181025,0.0223923373126218,0.0074720148387013,0.00532388125274985,0.0125088496917087,0.00811912443850415,0.0134909297410155
20181026,-0.00979091043461766,-0.00248447332766233,0.00705470297988997,0.00550965581096952,0,-0.00841047850859633
20181029,-0.0392207131532811,-0.0125158079318304,-0.0195214717450198,-0.0278569545029661,-0.00269905696916495,-0.0153194485335133
20181030,0.013857034661426,0.0137588161714279,0.00892066575837935,0.00703732672057611,0.0107527917762618,0.0136288310556059
20181031,0.000917010609881697,-0.00623054975063653,0,0.00280112227971174,-0.00536194314138538,0.00169061747790744
20181101,-0.00735973883208052,-0.00878850603307901,-0.0107143882124063,-0.00842701616188024,-0.0135320062185764,-0.0118947876521494
20181102,0.0237237403493764,0.0199756954236436,0.0124890115707748,0.0112203140674929,0.010840214552865,0.0152674721307886
20181105,-0.0154478310455168,-0.0149442382682765,-0.0142859572474765,-0.0168780377873519,-0.00811912443850415,-0.00845313571105843
20181106,-0.00735297430525872,-0.00629328697578924,-0.00541029272824733,-0.00711746776886391,-0.00544960476756473,-0.00340136382349021
20181107,-0.00277136436038283,-0.0050633019565467,-0.00180995524523975,-0.0042949242828807,0,-0.00512383699986918
20181108,0.00737330529375191,0.001268230987995,0.00180995524523975,0,0.0027285146532039,0.00512383699986918
20181109,-0.0317190770227938,-0.0179032914925275,-0.0330912546263284,-0.0365270702373743,-0.0220394595662914,-0.0311443857017655
20181112,0.000947418356040064,0.0140937630758597,0.00186741417479541,0,0.00555556984460215,0.00525855725346691
20181113,-0.00189573516489938,0.00886642920564151,0.00372439909098254,0,0.00276625349289006,0.00174672533494191
20181114,-0.00953296065872333,-0.0126905256440448,-0.0130965389198456,-0.0149927845861413,-0.0111112254250707,-0.00876429799358847
20181115,0.0170944333593002,0.0101652717768506,0.00750472565406768,0.00752448997861555,0.00557104504945549,0.0105079775984152
20181116,-0.00471921593164648,0.00126342404677215,-0.00187090793581168,-0.00150037537523473,0,0.0034782643763247
20181119,0.026145280104322,0.0112995552539332,0.0130234398862867,0.014903405502575,0.0110498361865849,0.00692044284457394
20181120,-0.026145280104322,-0.0189041546391526,-0.0111525319504751,-0.00593473551981449,-0.0110498361865849,-0.0156388938844547
20181121,0.00377715274374557,0.00254129742867271,0.00186741417479541,0,0.00277392688272515,0.00174978172378748
20181122,-0.0056710927038166,0,0,-0.00447428039492115,0,-0.00350263055120204
20181123,-0.0220420998686586,-0.0179262162681519,-0.00561273690495745,-0.00599701947237419,-0.00555556984460215,-0.0105821093305369
20181126,0.00193610902686636,0.00258064659349122,0.00374532273016204,0.00599701947237419,0.002781642961877,0.00177147964838209
20181127,-0.0155948579579066,-0.00387347159579665,-0.00374532273016204,-0.00449438958783932,-0.00557104504945549,-0.00177147964838209
20181128,0.00977524890464254,0.00644747559096981,0.00374532273016204,0.00449438958783932,0.00557104504945549,0.00353982670512409
20181129,-0.00781253973679386,-0.00515465058866438,-0.00374532273016204,-0.00900906994236594,-0.002781642961877,-0.00531445006349252
20181130,0.0155645165411116,0.00643917228102087,0,0.00301205046999176,0.00555556984460215,0.00707967558806177
20181203,0.0219579227819784,0.0102172025466549,0.0148978546806371,0.0178842322564208,0.0110193952496105,0.0105264129869875
20181204,0,0,0.00184672259316465,0,0.00273597981887486,0
20181205,-0.0133081812024951,-0.00765309857771745,-0.00369686188132601,-0.00592594326754714,-0.00547946576462555,-0.00700528258840882
20181206,-0.0193242728264029,-0.012886776276356,-0.0093023926623137,-0.0134631801682941,-0.0082759093038598,-0.0123785842326398
20181207,0.00292255444260192,0.00129617646144631,0,-0.00150715929057132,-0.00277392688272515,0.00177777824599934
20181210,-0.0107580499665505,-0.00910871619824016,-0.00374532273016204,-0.0106142012417734,-0.00836824967051686,-0.014311514393256
20181211,0.00588236990306656,0.00130633591405571,0,0.00456274555841807,0,0.00180018050414787
20181212,0.000977039647826583,0.0013046316266645,0.00187441479435035,0.00755861497392663,0.00558660670863986,0.00179694567670174
20181213,0.0145421854997743,0.00649774865751995,0.00931973194880231,0.0134631801682941,0.002781642961877,0.00358423322781509
20181214,-0.0214015950506674,-0.0183011643824043,-0.00744882401299063,-0.0179914897930415,-0.00557104504945549,-0.00718135940866471
20181217,0.0117303397854895,-0.00396563639334691,0.0037313476128582,0.00753583068870278,0.00834497193218064,0.00359712618084962
20181218,-0.0166588859866388,-0.00132538124106851,-0.0037313476128582,-0.00753583068870278,-0.00555556984460215,-0.00901719365018883
20181219,-0.0179466431908368,-0.0066533844907366,-0.00374532273016204,-0.0106464883944877,-0.0027894020875785,-0.00362976805057857
20181220,-0.0234107383652491,-0.0080429387994605,-0.0189399601009215,-0.021639175103481,-0.00560225554866989,-0.0109690313705739
20181221,-0.0271415407975821,-0.00810815252842256,-0.00767758089903436,-0.0157483569681394,0.00280505092760852,-0.00552996800946115
20181224,-0.00317965291737954,0,0.00576370471675003,0,0.00558660670863986,0.0128560081015341
20181225,-0.00852883634752066,-0.00954335804689976,0.00191387618228434,-0.00317965291737954,0.00555556984460215,-0.0165597160390185
20181226,-0.0042918520815407,-0.00274348594575091,0.00761908447643922,0.0015910902322418,0.00552487593196971,0
20181227,-0.00215285336110105,0.00137268381197231,0.00189573516489938,0,0,-0.00371747640013242
20181228,0.0107182162200239,0.0136241889395436,0.00189214815203775,0.0126383988717229,-0.00552487593196971,0.0147877001543795
20190102,-0.0204638266505377,-0.0108844611984233,-0.0171596202828264,-0.0190180058357619,-0.0195810451991065,-0.0222643704973997
20190103,0.00974561043051381,0.00545703946305798,0,0.00159872136369699,0.0028208763416413,0.00187441479435035
20190104,0.0494057382116466,0.0188684843043831,0.0133717369658892,0.0158481922400235,0.00841519692528458,0.0185534078957479
20190107,-0.00102616735531225,-0.00535476513765998,-0.00570886422032002,-0.00314960890289617,-0.00279720462106137,-0.0036832454162965
20190108,-0.00824746943001697,-0.00538359308347269,-0.0076628727455692,0,-0.00843886864586452,0.0018433184942892
20190109,0.0285733724440558,0.00538359308347269,0.0114724011622367,0.0109805024834442,0.0028208763416413,0.00916596701408023
20190110,0.0159684031787313,-0.00403497521217933,-0.00763362485507102,-0.0109805024834442,-0.00848661387731853,-0.0110092855083694
20190111,0.00985229644301144,0.00537635703638051,0.00382409643840353,0.00314960890289617,0.00283688133519955,0.0018433184942892
20190114,-0.00886268725784545,-0.0121377080144243,-0.0076628727455692,-0.00947874395454384,-0.00853490244983734,0.00367647472930877
20190115,0.012776586578982,0.0107963261902231,0.00575265248945001,0.0126184639592115,0.0056980211146378,0.00366300775873696
20190116,0.0231670592815343,-0.00268817366180052,0.0019102202561192,0.00469117357588034,0,-0.00366300775873696
20190117,-0.0221909733084789,-0.00404585851954353,0.0019065782705816,0.00622085987510235,0.00283688133519955,0.00183318108166097
20190118,0.0174085634282637,0.0134230203321404,0.0263173083173733,0.0290318326806613,0.00846267391873368,0.0163491380015293
20190121,-0.00866639993239771,-0.00267022855587884,0.011070223754247,0.00450789643919003,0.00280505092760852,-0.00542006746933921
20190122,-0.00581960905326406,-0.00805373480709681,-0.011070223754247,-0.0105502108951527,-0.00280505092760852,-0.0109290705321901
20190123,0.00678625968435886,0.00134680155037881,0.00923367594694557,0.00754720563538314,0.00280505092760852,0.00182982667707599
20190124,0.0162916875981858,0.00268817366180052,0.00366972888896244,0.00450113288079157,0.00558660670863986,0
20190125,0.044617065488807,0.00935210557027988,0.0109290705321901,0.0192741326128665,0.00832182333749221,0.0145193113244533
20190128,-0.0054694758045355,-0.00266311741948355,-0.00362976805057857,-0.00589103323723728,-0.00276625349289006,0.010752791776262
20190129,0.0054694758045355,0.00531916147760025,0.0072464085207673,0.0117475653499501,0.0082759093038598,0.00533334597536239
20190130,-0.00455581653586101,-0.00398671624382141,0.00180342699915048,0.00145878946366018,-0.00275103337189009,-0.00355240160436776
20190131,0.0136056520557788,0.00795760167331405,0.0196259644567485,0.0301530381706874,0.0136801039040804,0.0176371414861067
20190201,0.00896866998276025,0.00132013220492277,-0.001768347056742,-0.00141542840333075,0,-0.00350263055120204
20190211,0.000892458783019912,0.00919244818416409,-0.00177147964838209,0,-0.00272109011436084,0
20190212,-0.00178571476023492,0.0039138993211365,0.00177147964838209,-0.00141743468097344,0.00272109011436084,-0.00175592670226488
20190213,0.0168369063743512,0.019342962843131,0.0105634785095694,0.00847462699097234,0.0108109161042156,0.0122272265695602
20190214,-0.0114893000477556,-0.00512165012005505,-0.0105634785095694,-0.0113155379925758,-0.00539084863487638,-0.0069686693160933
20190215,-0.0270286723879196,-0.0168288761301567,-0.0250909219935265,-0.0273989741881147,-0.0136056520557788,-0.0176371414861067
20190218,0.0367589570304956,0.0193929800990942,0.0162019745762805,0.0188274931379735,0.0136056520557788,0.0176371414861067
20190219,-0.00795408524132046,-0.00128123015604809,-0.00537154380191085,0,-0.00542006746933921,0.0087032751283016
20190220,0.0123458358222996,-0.00385356931599024,0,0,0,-0.0017346058122083
20190221,-0.00439175058097918,-0.00775197680431772,-0.00179694567670174,-0.00431345025371943,-0.00272109011436084,-0.0017376198985406
20190222,0.0157208477869482,0.0154443224274736,-0.00180018050414787,0.00143988505798776,0.00543479598595686,0.0274459766087478
20190225,0.0839014044978397,0.0654959170938985,0.0611544231533308,0.0600319790356802,0.0502086955827463,0.0905302770948022
20190226,-0.0282847138385822,-0.0168882180285217,-0.0222802703916658,-0.0260824668794257,-0.0103627870355465,-0.0266264751153222
20190227,0.0162605208717803,0.0168882180285217,0.00690849034381191,0.00831029713362796,0.0103627870355465,0.0235304974101942
20190228,-0.00323102058144631,-0.00479617226349305,-0.0103807160545608,-0.00970208580645049,-0.0103627870355465,0.0153849188394795
20190301,0.0318498258870989,0.0307716586667537,0.0172418064345059,0.0220394595662914,0.0155041865359651,0.0592766099295403
20190304,0.0178645527658645,-0.00350263055120204,0.00170794234515625,0.00272109011436061,0.00511510066677046,-0.00577202179712222
20190305,0.00537429316577676,-0.00351494210744452,-0.00684934184557484,-0.00818558458643937,-0.00511510066677046,-0.00872098550544487
20190306,0.00153022218076737,0.00818239515493957,0.00514139950041859,0.00410116774421465,0.0076628727455692,-0.00879771070352908
20190307,-0.0263376958850352,-0.00466745304749505,-0.0155041865359653,-0.0178944898765505,-0.0102302682508149,-0.0133434151736842
20190308,-0.0351473877656452,-0.0491411029342199,-0.0299581875407919,-0.041111388242431,-0.0366533176480355,-0.0568072902408356
20190311,0.00162469572700186,0.0182597891327543,0.00357143236759727,0.00864558699285389,0.0106101791120154,0.00157853229304972
20190312,0.00324149392417095,0.00361228568591399,0.00178094437099463,0.00572247627406619,0.0104987840982198,0.0047207011349375
20190313,0.000808734374851738,-0.00361228568591399,-0.00714288751238001,-0.00859604146979787,-0.00786373646021477,-0.00629923342798722
20190314,0.00483871911822309,-0.0048367688006139,-0.00179372245402698,0,-0.00263504763800504,0.00157853229304972
20190315,0.00561573878563593,-0.00121285642520919,0.00179372245402698,0.0114450462458728,0,0.00314960890289617
20190318,0.0322735605502955,0.0168475705726117,0.0124667687651299,0.0169256508833426,0.0131063475053006,0.0171477311607784
20190319,-0.00933858926779996,-0.00358637563122777,0,-0.00139958035442334,-0.00784317746102592,-0.0108781181471829
20190320,-0.00313234398631579,0.00358637563122777,-0.00710482562374448,0,-0.00526317004427468,-0.00312989300892785
20190321,-0.00471698987813918,-0.00358637563122777,-0.00357143236759727,-0.00985229644301167,0,-0.00786786120061356
20190322,-0.00791143367004032,-0.00480192999540741,-0.00179051077378811,-0.00567377408590763,0.00263504763800504,-0.00475060275859795
20190325,-0.0388712904912549,-0.015767458252701,-0.0199101599593299,-0.0273989741881147,-0.0185928330766159,-0.0240975515790602
20190326,-0.000826104962305507,-0.00982808893626252,-0.00366300775873696,-0.00439561147303813,-0.00268456537066886,-0.0081633106391612
20190327,0.0228768146537548,0.00615386557437825,0.0109490144896702,0.0131292914417929,0.00268456537066886,0.0081633106391612
20190328,-0.013008313513001,-0.0073891961823711,-0.0109490144896702,-0.011661939747843,-0.00537635703638029,-0.00980400009662108
20190329,0.0479324977490747,0.0195844692761891,0.0217794452640399,0.0188821877213301,0.0160431248405755,0.0323129889905436
20190401,0.0276940775818373,0.0239532410224927,0.0124890115707748,0.0269711167747921,0.0157898017326354,0.0173369196532771
20190402,0.0135646390341386,-0.00712592088996722,0.00353982670512409,0.00279720462106137,0,-0.00626961301359552
20190403,0.00597016698650377,0.00712592088996722,0.00704228262541284,0.00972905519811906,0.00260756340708079,0.0047058910374127
20190404,0.0307716586667537,0.0129337487845684,0.0191143960233155,0.0286318126743272,0.0129367910307194,0.0170679085121479
20190408,0.00718910357246916,0.00466201310581127,0.0017196908795265,-0.00809721023261956,0.00256739550524565,0.0091884260544064
20190409,-0.0108031299130258,-0.00934586241823743,-0.00689657905906027,-0.00679812271382096,-0.00772204609391025,-0.0107280722399992
20190410,-0.00580974764132103,-0.00235017734495369,-0.00520382787502705,-0.00273224213687295,-0.00258732356495095,-0.00928799246647061
20190411,-0.0139349522957506,-0.00826939148250672,-0.00348432408261079,-0.0110042375910138,0,-0.0093750686654559
20190412,-0.00890213594059341,0.00118553659410159,0,-0.00138408326593864,0.00258732356495095,-0.00788026142530596
20190415,0.0199195077568217,0.00118413276121654,0.0138650401371716,0.0205627532965105,0.0051546505886646,0.00630916919326463
20190416,0.0629850872801549,0.0314527965518061,0.032178898364235,0.0476911563980853,0.0278852034895356,0.0445884773157321
20190417,-0.0159007843748822,-0.00229621226035048,0.00166527931906124,0.00387347159579665,0.00747201483870108,-0.00301205046999176
20190418,-0.00069710703415593,0.00573067470898536,-0.0117156151725626,-0.0221507427875887,-0.00747201483870108,-0.0136676387286638
20190419,0.0268333953030648,-0.00803217169726445,0.00671143458798684,0.00394477829101625,0.00747201483870108,0
20190422,-0.0401716063852922,-0.020955365175988,-0.0254035676001394,-0.0333586634973095,-0.0251269500774218,-0.0200778945365285
20190423,-0.00566975296294903,-0.00353565483230778,-0.00343642949858114,0.00271002875886528,0.00507615303186082,-0.0094044580279784
20190424,0.0259572623383821,0.00353565483230778,0,0.00270270434788511,-0.0101782049157562,0
20190425,-0.0217019367682441,-0.0178046246335066,-0.0138650401371716,-0.0108549234094355,-0.00512821636691951,-0.012678458259771
20190426,-0.0243565048912253,-0.0156913297946755,-0.00349650705872939,-0.00959568706185543,-0.00774197415361555,0.001593625835278
20190429,0.0222311055789119,0.00364299127850076,0.0156388938844547,0.0204506104712909,0.00774197415361555,0.00950878796902721
20190430,-0.0178895647507749,-0.0282747784681665,0.00172265331144628,0.00404040953700502,0,-0.00791769773678541
20190506,-0.0733862110253125,-0.0407180930187847,-0.0156117654721135,-0.0397584921390843,-0.0286851479988588,-0.0306722995330837
20190507,0.00619676653751133,-0.0143887374520997,-0.0105449131766149,-0.00561011289076685,0,-0.00328407520118978
20190508,-0.0273989741881144,-0.00793654959573642,-0.0124446050480838,-0.0141645427686508,-0.0160003413464409,-0.0199342149008173
20190509,-0.0355449374194112,-0.00132890385005391,-0.0126014268780039,-0.0158162894432849,-0.00809721023261956,-0.0135137191667229
20190510,0.0418740724710589,0.0118970339118465,0.0161728592456012,0.0143887374520995,0.0161293819298838,0.0135137191667229
20190513,-0.0304266866307077,-0.01456015133133,-0.0125562187754125,-0.00573067470898492,-0.0107239633629757,-0.0152158472372534
20190514,0.0153290617591142,-0.00400802139753864,-0.00361664047018873,-0.00576370471675003,-0.00811912443850415,-0.00683763347760391
20190515,0.0338481742169696,0.0132980683046315,0.00901719365018883,0.0143474484081414,0.0188430878014798,0.0102389973010941
20190516,-0.00543268701322708,0.00263852395818098,0.00358423322781509,-0.00285306898240645,0.00796816964917668,0.00169635324817863
20190517,-0.0324267240301954,-0.0145987994211527,-0.00358423322781509,-0.0114943794257349,-0.013315775975772,-0.0170944333593002
20190520,-0.00483482005458313,0.00133600554274249,0.00715566559541236,0.00576370471675003,0.0238421889627596,0.00172265331144628
20190521,0.0144348937836023,0.00930239266231325,0.00533334597536239,0.00573067470898492,-0.00524935588614373,0.00856903272510134
20190522,-0.0128206884290614,-0.00397614837963944,0.00177147964838209,-0.00286123228103219,0.00262812240626964,-0.00170794234515625
20190523,-0.00891054903304767,-0.0066622498254163,0,-0.00286944242795273,-0.00526317004427468,-0.0103093696588612
20190524,0.00487013949604265,0,0.00881062968215485,0.00715822670017041,0,0.00516797015844261
20190527,0.00161812333041045,0.0066622498254163,-0.00881062968215485,-0.00285714480077992,0.00526317004427468,0.00855437209665855
20190528,0.00965413773308965,0.00397614837963944,0.00353357258131126,0.00285714480077992,0.00784317746102592,-0.00683763347760391
20190529,-0.00723185152649508,-0.0079681696491769,-0.00353357258131126,-0.00715822670017041,0,-0.00515908281002742
20190530,-0.014622518867542,0.00133244523377885,0.00353357258131126,0.00430108189939049,0.0129367910307194,-0.00172562596746983
20190531,-0.00327869146169846,-0.00133244523377885,-0.0106383982050557,-0.00143163947143776,-0.00257400399517294,-0.00172860890061766
20190603,-0.023256862164267,0.00399202126953746,0.0159154553058993,0.00428878427221768,-0.0475023339850031,0.00861331767811491
20190604,-0.00421053253634351,0,0.00524935588614395,0.00993620665912975,0,-0.00171673861905464
20190605,0.0100756519887417,0.00132714020806279,0.00522194398115139,0.0112360732669259,0.00539084863487638,0.00514139950041859
20190606,-0.00418585793267834,-0.00398671624382141,-0.00522194398115139,0,0,0
20190610,0.0346283568400381,0.00795760167331405,0.00868815195763784,0.0166208812360402,0.00536194314138538,0.0118947876521494
20190611,0.0248111966962874,0.0118189163031426,0.00172860890061766,0.00274348594575091,0.00533334597536239,0.0100841190666261
20190612,-0.00634419257137298,-0.0039241384561346,-0.0051948168771041,-0.00687287928776215,-0.00801072374607892,-0.00839635495290647
20190613,0.0015898254540998,-0.00131147559781075,-0.00522194398115139,-0.00414651596184856,0,-0.00337838159162707
20190614,-0.00797452391876963,-0.00394477829101625,0.00174367960482669,0,0,-0.00679119757800195
20190617,0.0143086701955615,0.00263158046605616,0,0.00552487593196993,0.00267737777071653,0.00509771707166884
20190618,0.0102081765925237,0.00131319782496009,0,0.0123204843880405,0.00533334597536239,0.00169348050633311
20190619,0.0208743567105594,0.00523561405394535,0.00694447235281115,0.0148551009909244,0.00530505222969313,0.00674538813953141
20190620,0.0543490645270284,0.0168288761301567,0.0103271141558496,0.0106667678041954,0.00790517950711345,0.0166670524852117
20190621,-0.0116619397478432,-0.00128452169235649,0.00171086440362922,-0.0173917427118693,-0.0105541876786903,0.00658980967905554
20190624,0.0036589868850414,0.00128452169235649,0.00511510066677046,0.00404040953700502,0.00264900817157687,-0.00493828164058252
20190625,-0.019174628765211,-0.0116205310230186,-0.00853976154813441,-0.0135320062185764,-0.00796816964917668,-0.0149628726767124
20190626,-0.00447761942129477,0,0.00342466088136395,0.00543479598595686,-0.00267022855587884,0.00167364055802977
20190627,0.0251121024603718,0,0.0102041701742419,0.00405680069561454,0.00267022855587884,0.00500418058457575
20190628,0.00509277201128899,0,-0.00338983375451174,0.00404040953700502,-0.00267022855587884,-0.00667782114260551
20190701,0.0108265222062021,0.00904983551991778,0.00508045123241918,0.00268456537066886,0.00533334597536239,0.0166116776668963
20190702,0.0177877333122671,0.00128617381074436,0.00168776411371963,0.0026773777707163,0.00265604405811626,-0.00330033302865695
20190703,-0.0120611607550658,0.00384862566129396,-0.0448350952699732,0.00400267378965768,0,0.00165152803847302
20190704,-0.00142857167152588,0,0.00176211499339907,-0.00133244523377885,0,0.00329489589685261
20190705,-0.00501613377111632,-0.00128123015604809,-0.00176211499339907,0.00531916147760025,-0.00531916147759981,-0.00494642393532563
20190708,-0.023992426743221,-0.0142029501779937,-0.014209830572653,-0.0106667678041954,-0.0107239633629757,-0.0200340590331161
20190709,0,-0.00130123635797164,-0.00179051077378811,-0.00807541400554523,0,-0.00168776411371963
20190710,-0.00220994565080312,-0.00522194398115206,-0.0053908486348766,-0.0569994439644055,-0.00269905696916495,-0.00848181505590939
20190711,-0.00147601502812034,-0.0211648111920431,0.00359712618084962,0.00712761392423222,0.00269905696916495,-0.00170503025108371
20190712,0.0419439645809669,0.00533334597536239,0.00893660996640699,0.018297484441578,0.00269179166571143,0.0118746094207127
20190715,-0.00853490244983757,0,-0.00356506616449614,0.00139372844860386,-0.00539084863487638,0
20190716,-0.018018505502678,0.00132890385005391,0.00178412179350151,0,-0.00270636159774318,0.00336700654790434
20190717,-0.00437318481222304,-0.00532624428267381,-0.00895261127211411,-0.00698814863392827,-0.00543479598595686,0
20190718,-0.00146198856449908,-0.00535476513765998,0.00179694567670174,0.0139278017444688,-0.00546449447207875,-0.00505477066162396
20190719,0.0231391379415316,0.00668898815079633,0.00537154380191085,0.00276243269590992,0.00546449447207875,0.00505477066162396
20190722,-0.0100575560440421,-0.00400802139753864,0.00711746776886391,-0.00414651596184856,0,-0.0482021018178775
20190723,-0.00651940012815011,0.0013377928416598,0.00353982670512409,0.0096485931158321,0.00543479598595686,0.00527705710084359
20190724,0.00868312257346071,0.00533334597536239,0.00528635592314797,0.0109141601806784,0,0.0122059056795036
20190725,0.0227930095285567,0.00662692948760935,0,0.00541273310675039,0.00270636159774318,0.013769580723757
20190726,0.00211044749454592,0,0,-0.00677050656721079,0,0
20190729,0.00420757984001519,-0.00132187725791599,-0.00705470297988997,0.0013577734604604,0,0.00341297259623996
20190730,0.00558270814915751,0.00790517950711322,0.001768347056742,0.00406229400887903,0.00539084863487638,0.0152158472372534
20190731,-0.0168425033944977,-0.00790517950711322,-0.00353982670512409,-0.00406229400887903,-0.00269179166571143,-0.0033613477027048
20190801,-0.00212539931231337,-0.00397614837963944,-0.00533334597536239,-0.00544219030268511,-0.00811912443850415,-0.0050633019565467
20190802,-0.0258635105899194,-0.0080000426670761,-0.00895261127211411,-0.0165065646017024,-0.0109290705321903,-0.0153455696746605
20190805,-0.0287949019479448,-0.0189194832461659,-0.0144930073025666,-0.015374167249588,-0.0166208812360404,-0.0225900136051069
20190806,0.00149700626759319,-0.0137364797278867,-0.0128560081015341,-0.00990807822469608,-0.0140649294674036,-0.0177309609712317
20190807,0.0126348763702775,-0.00277008487381569,-0.00370370793748442,0,-0.00283688133519955,0.00713015498459124
20190808,0.0601900848087715,0.00415225510076733,0.00739374902493828,0.0155260705289193,0.00566573753567723,0.00354610300675051
20190809,0.00968865710374933,0.00275862243907965,0.00550965581096974,0,0.005633817718256,-0.00710482562374448
20190812,0.0404913613547371,0.0136801039040801,0.00911583340800926,0.00697839538146239,0.00560225554866989,0.00355872261699397
20190813,-0.0153285240554695,-0.00955638672021797,0,-0.0125963876856856,0,-0.0125113338891081
20190814,0.00535835173561949,0,0.00362319236942055,-0.0028208763416413,-0.00279720462106137,0
20190815,-0.00200601872686557,-0.00412371718386217,0.00541029272824733,0.0028208763416413,0.00279720462106137,-0.00541029272824733
20190816,-0.00268096675325813,-0.00275862243907965,-0.0108500160240657,-0.00140944350323369,-0.00279720462106137,-0.00180995524523975
20190819,0.00134138182420163,0.0137176362287992,-0.0054694758045355,-0.00282486063555476,0.00279720462106137,0.0126014268780039
20190820,0.00468071733889142,-0.0013633267278641,-0.00918280098233493,-0.0113799236627625,-0.00560225554866989,-0.00898478640781519
20190821,-0.0366888975560653,-0.00410116774421465,0.0018433184942892,0.00142959280959443,-0.0028129413766147,0.0054005531800001
20190822,-0.0097358209900813,0.00273597981887463,-0.00739374902493828,-0.00716848947861237,-0.0028208763416413,-0.00359712618084962
20190823,0.0234817418947166,0.00136518792534002,0.00555043053064908,0.00859604146979787,0,0.00359712618084962
20190826,-0.0276834287484169,-0.00821922435313227,-0.00740744127786175,-0.0114778878446868,-0.00566573753567723,-0.00901719365018883
20190827,0.00420168685370026,-0.00275482267884453,0.00740744127786175,0.00288184637488897,0.0141046061815417,0.00542006746933921
20190828,-0.00279916207961461,0.00550207715398354,-0.00369686188132601,0,-0.00843886864586452,0.00359712618084962
20190829,-0.00985923479230921,-0.00412371718386217,0.00369686188132601,-0.00143988505798776,-0.00282885620047768,0.00358423322781509
20190830,0.00212089156913775,-0.00275862243907965,-0.00555043053064908,-0.00578036291549933,0,0
20190902,0.0202733262928674,0.00962206736406213,0,-0.00290275965796161,0.00282885620047768,0.00890477834295966
20190903,-0.0104348772925795,0,0.00185356864932307,0,0.0028208763416413,0.00706716722309242
20190904,0.00974259619881845,0.0135871655463085,0.0128796628636609,0.0172914971100611,0.0139862419747401,0.0139862419747399
20190905,0.00964859311583233,0.00806455983673038,0.0054694758045355,0.0127751914887229,0.00554018037561521,-0.0034782643763247
20190906,0.0156519016991949,0.00400802139753864,0.00362976805057857,0.00281690327111339,0.00275862243907965,0.005212870188533
20190909,-0.00813563809392148,0.00266311741948355,-0.0018132371241808,-0.00281690327111339,0,0.00518583703236564
20190910,-0.00957599656828423,-0.00266311741948355,-0.00181653092639777,-0.00424028903888551,-0.00275862243907965,-0.00345423486808749
20190911,0.000687049151038455,0.00664454271866877,0.00904983551991778,0.0112677248463424,0.0109891215755953,0.00689657905906027
20190912,0.00820798041782966,0.00264550418842413,0.00359712618084962,0,0,0.00343053509678937
20190916,-0.0157916086279286,-0.00397088542949264,0,-0.00280505092760852,0,-0.00687287928776215
20190917,-0.0146395085746112,-0.0133513331748643,-0.0108304307743696,-0.0112995552539334,-0.0109891215755953,-0.0138891121606672
20190918,0.0118675040276011,-0.00134499011533284,-0.00181653092639777,0.00141944665422611,-0.00554018037561521,-0.00174978172378748
20190919,0.0294038277278035,0.0053691404150582,0,0,0.00277392688272515,0.00174978172378748
20190920,0.0331375581998756,0.00534046663131749,0.00543972329581832,0.00424629088145134,0,-0.00350263055120204
20190923,0.00260416813838793,-0.00802143338457517,-0.00908271457431931,-0.0127933514599097,-0.00277392688272515,-0.00704228262541284
20190924,-0.013089192110014,0.00134138182420118,0.00364299127850098,-0.00430108189939049,0,0.00352734051796832
20190925,0.0368615933041583,-0.0040295554860017,-0.00181983671698593,0.00286944242795273,-0.002781642961877,0.00351494210744452
20190926,-0.00254291300411236,0.0107096070463757,0.0108696722369037,0.00997870004989609,0.00555556984460215,0.0122059056795036
20190927,0.0120216569586562,-0.00400267378965768,-0.00180342699915048,0.00283286308430419,-0.00277392688272515,-0.0087032751283016
20190930,-0.0196894261565008,-0.0134591533740047,-0.00180668522494898,-0.0113799236627625,-0.00557104504945549,-0.014084739881739
20191008,0.0383815591686529,0.00809721023261956,0.00541029272824733,0.0127933514599097,0.00557104504945549,0.0175751448215076
20191009,0.00308166653740827,0.0106952891167476,0.00359066813072872,0.00843886864586452,0.00554018037561521,0.0172715865086608
20191010,-0.000615574042214462,0.00132890385005391,-0.00179372245402698,0,-0.00554018037561521,0.0136056520557786
20191011,0.0344966126869921,0.0105681300617926,0.0124890115707748,0.00975617494536474,0.0110498361865849,0.0134230203321406
20191014,0.0240975515790605,0.0208069925059613,0.014084739881739,0.0124053968574878,0.00820798041782944,0.0214352807200651
20191015,-0.00232558244347514,0,0,0.00818558458643937,0.00272109011436084,-0.00490597876885457
20191016,-0.0229624454666602,-0.00904983551991778,0,-0.012303641195357,0.00271370587159603,-0.00493016610785846
20191017,-0.00537475166673973,-0.00520834510713808,-0.00174978172378748,-0.00137646270872316,-0.00271370587159603,-0.00827134575067734
20191018,-0.011442461490673,-0.0131407935610586,-0.00702990592825814,-0.00137835997012137,-0.00544960476756473,0
20191021,0.0227554728876722,0.0144454251877231,0.020943173845243,0.0150584638742015,0.00816331063916076,0.0422827211593777
20191022,-0.0282216267954265,-0.0013046316266645,0.00344827927891611,0.0013577734604604,0,0
20191023,0.00182537318709874,-0.00130633591405571,0.010274062976185,0.00135593241113585,0.00540541856690813,-0.00799364768074562
20191024,0.0252114193464958,0.00651468102119379,0.00848181505590939,0.00675222011728671,0.0107239633629757,0.00320513094894848
20191025,0.000592592609934162,-0.00520834510713808,0.0100841190666261,0.00134499011533284,-0.00534760632659537,0.00319489089651914
20191028,-0.0131188524291144,-0.00261438057407126,-0.00839635495290647,-0.0108109161042158,-0.00537635703638029,-0.0128412679483245
20191029,0.0148945261717923,-0.00788440352414854,-0.00337838159162707,-0.00818558458643937,-0.00540541856690813,0.0064412461028569
20191030,-0.0287962308613121,0.00131839175325821,0.00674538813953141,0.00273597981887463,0,-0.00160642604827377
20191031,-0.0104008279295122,-0.0132627938784102,-0.00674538813953141,-0.00410678195265324,0.00270636159774318,-0.0145751568029679
20191101,0.0362358484540448,0.00930239266231325,0.0050633019565467,0.0013708021337786,0,0.0177854324332163
20191104,0.00355240160436798,0.00790517950711322,-0.00675678246287981,0.00546449447207875,0,0.0143200537747485
20191105,0.0135018194338716,0.0104439591610834,0.00338409798424055,0.00543479598595686,0.00539084863487638,0.00943403223335859
20191106,-0.0111405432481919,0.00259403517704637,0.0100841190666261,0.0147951589167472,0.00536194314138538,0.00156372197618282
20191107,-0.00413589954404836,-0.00259403517704637,-0.00502934840500213,0,-0.00267737777071653,-0.00312989300892785
20191108,-0.0143115143932562,-0.00782272568120934,-0.0135365857175334,-0.0188684843043831,-0.0134954814748844,-0.0173917427118691
20191111,-0.0224728558520582,-0.0145025613666268,-0.017182553319997,-0.0178453603200104,-0.0109290705321903,-0.0144580831752299
20191112,0.00306654640797932,0.00265252144913131,0.00518583703236564,0.00276625349289028,0.00547946576462555,-0.00324149392417095
20191113,0,-0.00664454271866877,-0.00345423486808749,-0.00693003466466968,-0.00273597981887486,-0.00815000436192448
20191114,-0.000612557446412865,-0.00267022855587884,-0.00520382787502705,-0.00418119076040102,-0.00825314175672043,-0.00492207720542837
20191115,0.00122473989589578,-0.00401875959491749,0.0069324367756447,-0.00139762426663803,-0.00276625349289006,0.00164338574372991
20191118,0.00670938777952435,0.00535476513765998,0.00516797015844261,0.00279329790561267,0.00276625349289006,0.00491401480242915
20191119,-0.00243457210938169,0.0039973404326199,0.00514139950041859,0.00278551712142638,0.00275862243907965,-0.00163532334073069
20191120,-0.0347214047787099,-0.0120402792320804,-0.00858374369139137,-0.0111889279178059,-0.00275862243907965,-0.0165020246363878
20191121,0.000630715883412236,-0.00404585851954353,-0.0121423868257253,0.00280899061105511,0.00275862243907965,0
20191122,-0.0171705331370164,0.00135043909787136,-0.00349650705872939,0.00140154192528841,-0.00552487593196971,0
20191125,0.0133802569632357,0.00940235267839018,0.0207979766944821,0.00975617494536474,0.0110193952496105,0.0099338565242908
20191126,-0.0114577956213813,0.00533334597536239,0.00342466088136395,0,0.00546449447207875,0.0130934767470197
20191127,-0.00964947982656472,-0.00935210557027988,0.00511510066677046,0.00138600160787705,-0.0027285146532039,-0.0180480698717029
20191128,0.00129198984380219,0,-0.00682596507039968,-0.0111421765532418,-0.00273597981887486,-0.00497926339960753
20191129,-0.0129956344878064,-0.00268817366180052,-0.00859850525523198,-0.00561799230422322,-0.00549451931764078,-0.00166527931906124
20191202,0.00456770777855509,0,0.00344827927891611,0.0028129413766147,-0.00275862243907965,-0.00668898815079655
20191203,0.00584227562422868,0.00134499011533284,-0.00344827927891611,0.00420463128203186,-0.00276625349289006,0
20191204,-0.00910279367416233,-0.00674311388489013,-0.0051948168771041,-0.00139958035442334,-0.00277392688272515,-0.00167926151972009
20191205,0.00780745670547711,0.00405132221917848,0.0017346058122083,0,0.00554018037561521,0.00335570784697237
20191206,0.0109572478804218,0.00134680155037881,-0.0034722257107489,0,0,0
20191209,-0.0122542649234667,0.00134499011533284,-0.0017406444777841,-0.00702743580745691,0,-0.00167644632725228
20191210,-0.00520495644830188,0.00134318354646767,-0.00699303549097063,-0.00282486063555476,-0.00276625349289006,-0.00842464965925149
20191211,0.0212979976789343,0.00134138182420118,0.00873367996875474,0.00423430413878845,0,0.0117747365445335
20191212,-0.00383877630716567,-0.00268456537066886,-0.0017406444777841,0.0014074597678797,0,0.00167084416481744
20191213,0.0327898228229913,0.0106952891167476,0.0138410514118714,0.0125787822068602,0.0110193952496105,0.0214706843968768
20191216,0.000620155058634886,0,-0.00689657905906027,-0.0069686693160933,0,0
20191217,0.0226794887694175,0.0171395098766962,0.0103271141558496,0.0111266794647571,0.00818558458643959,0.0162078102268532
20191218,-0.00242718565761102,-0.00392927813988964,0.00512383699986918,0.00138217022695164,-0.00272109011436084,0.00160642604827377
20191219,0.00545290657414821,0.00654024568060985,0.010169579169629,0.00275862243907965,0.00543479598595686,-0.00160642604827377
20191220,0.00241400237928113,-0.00391901220073576,0.00168492036491963,-0.00137835997012137,0.00270636159774318,-0.00969312920565946
20191223,-0.0213227694688212,-0.0105264129869873,-0.0101523714640182,-0.00831029713362796,-0.00814115758370004,-0.00488202759730849
20191224,0.00980400009662086,0.00396040121609698,-0.0034071583216142,0,0,0
20191225,-0.00611622701743597,-0.00528402814660511,-0.0051326032265202,-0.00278551712142638,-0.0027285146532039,-0.00490597876885457
20191226,0.0103754363768318,0.00528402814660511,0.0051326032265202,0.00833338155914443,0.00544960476756473,0.00653597097978564
20191227,0.00966774901528744,0.005256253888827,0.00680274732275254,0.00276243269590992,0.00271370587159603,0.00325203538637742
20191230,-0.00361446176636449,0.00261780254207888,-0.00169635324817863,-0.00276243269590992,0.00540541856690813,0.00162206037186796
20191231,-0.0072683542270906,0.00261096754072021,-0.00169923575295972,0,-0.00540541856690813,0
20200102,0.0252114193464958,0.00390371348047358,0.0151901654939752,0.0110042375910138,0.00809721023261956,0.00646205802809097
20200103,0.0182090199982325,-0.00129954534208565,0.00334448472284721,0,-0.00269179166571143,-0.00161160389434167
20200106,-0.00642337974976037,-0.00390879976505243,-0.00334448472284721,-0.00962206736406213,-0.00540541856690813,-0.0113545421029257
20200107,0.00467563680560001,0.00650620382273814,0.00667782114260551,-0.00138217022695164,0.00809721023261956,0.00812352152147944
20200108,-0.0289875368732524,-0.0130550157016436,-0.0167789171291093,-0.0125262598191804,-0.00809721023261956,-0.013029500290334
20200109,0.0077728343507526,0.00393443130483417,0,0.00279720462106137,0,-0.00164068945745988
20200110,-0.00597373341570551,0.00261438057407126,0,0,0,-0.00164338574372991
20200113,0.0178151980100969,0.0013046316266645,0.00337838159162707,0.00139567363897464,0.00270636159774318,0.00164338574372991
20200114,-0.0136298406299038,-0.0013046316266645,0.00168492036491963,-0.00139567363897464,-0.00270636159774318,-0.00164338574372991
20200115,-0.0144233269611047,-0.00523561405394535,-0.0101523714640182,-0.00279720462106137,-0.00543479598595686,-0.00825768523898152
20200116,-0.0115678611104584,-0.00526317004427446,-0.0136988443581618,-0.00702743580745691,-0.00546449447207875,-0.00665559861173626
20200117,0.00366748577336473,0,0.00344234419097278,-0.00141143283840761,0,-0.00167084416481744
20200120,0.00365408445564253,0.00263504763800482,0.00343053509678937,0.0028208763416413,0.00273597981887486,0.00500418058457575
20200121,-0.0277367549715999,-0.0119127815162416,-0.0120587163201278,-0.00848661387731875,-0.00547946576462555,-0.0167789171291093
20200122,0.00560923876451058,-0.00400267378965768,0.0034602110648958,0.00141944665422611,0,0.00169061747790744
20200123,-0.0347806160647903,-0.0107527917762615,-0.0121634861931974,-0.0114123920517446,-0.0082759093038598,-0.0170361871525679
20200203,-0.105074556262112,-0.0527167821724046,-0.0538729899401515,-0.0790866846561702,-0.0511475111669411,-0.0749013081731176
20200204,0.0426787400369011,0.0085106896679088,0.0146522767868704,0.0365894474322921,0.0202027073175195,0.0201656695945942
20200205,0.00205268631774214,0,-0.00181983671698593,0.00448096343503601,0,0
20200206,0.00952388151125527,0.00141143283840761,0.00181983671698593,-0.00298507684345339,0.00285306898240645,0.0126241532283966
20200207,-0.0102076422216557,0.00422238487984838,-0.0109690313705739,-0.00900906994236594,0,0
20200210,-0.00824180489510384,-0.00422238487984838,-0.0036832454162965,-0.00150943424885419,-0.00285306898240645,-0.00719427563402708
20200211,0.0198026272961798,0.0056258938821685,0.00735297430525894,0.0105185041912201,0.00853490244983734,0.00719427563402708
20200212,-0.00135318017942021,-0.00140350900232011,0,0,0.00282885620047768,0
20200213,-0.00815776108021193,-0.0084626739187339,-0.00919969689842359,-0.0105185041912201,-0.00282885620047768,-0.00900096085897606
20200214,0.0256078683018068,0.0028288562004779,0.00369004108745385,0.00452148471884595,0.00846267391873368,0.00541029272824733
20200217,0.0223693537856211,0.0126317469059005,0.0109891215755953,0.0134430702564527,0.0111733005981254,0.0178257839526006
20200218,-0.0111221296982738,-0.004192878260036,-0.00547946576462555,-0.00595239852729512,-0.00557104504945549,-0.00709222830949185
20200219,0.00262812240626964,-0.00140154192528841,0.0036563112031105,0.00149142458666995,0.00557104504945549,-0.00178094437099463
20200220,0.0227061328111851,0.00976979159580504,0.00545952220489876,0.00742393907128225,0.00829880281469486,0.0176683041333139
20200221,-0.000641642627082994,-0.00138985428905425,-0.00363636764338371,0.00147819686931094,-0.00275862243907965,-0.00350877552967943
20200224,-0.022720873535532,-0.00557881502703905,-0.00914919465358799,-0.00890213594059319,-0.00832182333749221,-0.00882618262827206
20200225,-0.0125538483853767,-0.011251876797435,-0.00552996800946115,-0.010486987495248,-0.00558660670863986,-0.0160861377516244
20200226,-0.00333000640718728,0.00564176390666815,0,0.00150489117942043,0.00836824967051686,0.00180018050414787
20200227,0.00797346417014166,0.00140548160873499,-0.00185013928816136,0.0030030052597696,0.00554018037561521,0
20200228,-0.0412081268581193,-0.0241660658471836,-0.0186921330121528,-0.0258176830259411,-0.0195264223503553,-0.0236589743166469
20200302,0.0198026272961798,0.0185322481289276,0.0112571545246345,0.0137511716128245,0.0139862419747401,0.0182486815883995
20200303,-0.00474416342197825,0.005633817718256,0.00372439909098254,0.00151630051796392,0.00554018037561521,0.00361011222409946
20200304,-0.0020401231149445,0.00420463128203186,0.00185701074721267,0,0.00275862243907965,0
20200305,0.0465509576650023,0.013889112160667,0.012903404835908,0.0165293019512107,0.00823049913651563,0.0196259644567485
20200306,-0.0236697440859048,-0.012491487894029,-0.00919969689842359,-0.0119941467858193,-0.00823049913651563,-0.0178257839526006
20200309,-0.0393537892064422,-0.0154823641483772,-0.0186572576045427,-0.0228842938335876,-0.0166670524852117,-0.0163194918286012
20200310,0.0212264046138855,0.00847462699097234,0.00937213982886309,0.00768643292415616,0.00558660670863986,0.00909924385511407
20200311,-0.00475382898654075,-0.00564176390666815,-0.00749067172915741,-0.00153256734977814,0,-0.0109290705321901
20200312,-0.00068096699941611,-0.0042523097385303,-0.00565505748334516,0.00306278953054573,-0.0027894020875785,-0.00550965581096974
20200313,-0.0109590137897198,-0.0128665105932502,-0.0133208439756607,-0.0076746347531087,-0.00560225554866989,-0.00739374902493828
20200316,-0.0544881852840695,-0.0101230076314487,-0.00962471337420956,-0.0108444130141288,-0.005633817718256,-0.0111941467431527
20200317,-0.025038126818993,-0.00583092031079313,0,0.00466201310581127,0.005633817718256,-0.00753299230754512
20200318,-0.0536116120922245,-0.0206802052375386,-0.0116732843047247,-0.00934586241823765,-0.016997576368571,-0.0133208439756607
20200319,-0.0384971355022818,-0.0349314178841114,-0.0237634944521856,-0.028573372444056,-0.0114943794257352,-0.0135006872189025
20200320,0.0234354159728714,0.00154440185137439,0.0178753518269632,0.0175583122133787,0.0114943794257352,0.0154145634011869
20200323,-0.029998195885395,-0.0234202742080987,-0.0178753518269632,-0.0240203702414696,-0.0172914971100611,-0.0154145634011869
20200324,0.0371609801902708,0.0187798946515962,0.0257185292879889,0.0319006316667756,0.0115608224010759,0.0135006872189025
20200325,0.020408871631207,0.0153849188394795,0.0116506172199753,0.00156862777262634,0.00858374369139159,0.00763362485507102
20200326,0.0146551022402499,0,0,0.00312989300892785,0,0.00379507096855192
20200327,0.00686763477548835,-0.00152788417805327,0.00577479949388393,0.0108781181471829,0.00284495213223135,0.00189214815203775
20200330,-0.0160984695510189,-0.00459770924862934,0.00191754612927175,0,0,-0.00378788331693714
20200331,-0.0108781181471831,-0.0061633477076688,-0.0135006872189025,-0.0202973400636746,-0.0114286958236229,-0.0172253062818792
20200401,0.0070066460255247,0,0.0019398648178266,0.00628932890756384,0,-0.00580834159574684
20200402,0.00618718137725649,0.00769826742575241,0.00579711768432589,0.00780644089282956,0.00573067470898514,0.00580834159574684
20200403,-0.0281488483515244,-0.00769826742575241,-0.00968061771072359,-0.0046765478839017,-0.00286123228103219,-0.00969939708871359
20200407,0.0211855706993793,0.0122889411343514,0.0038835000263977,0.00312012733624356,0.00571430126343864,0.00969939708871359
20200408,-0.0077942717268189,0,-0.0038835000263977,-0.00781864811779776,-0.00571430126343864,-0.00386847677792024
20200409,-0.00313479880537137,-0.00305810635882087,-0.00194742028439565,0.00469852078155419,0,0
20200410,0.00391696544673392,-0.00923083477553055,-0.00390625496706498,-0.00469852078155419,0.00286123228103219,-0.0038835000263977
20200413,-0.0157607675344953,-0.00775799081093931,-0.001958864485333,-0.00788026142530596,0.0056980211146378,-0.00585367525146063
20200414,0.0212188707532173,0.0093023926623137,0.00391389932113628,0.00630916919326463,0.00283688133519955,0.00585367525146063
20200415,0.00077730279856203,-0.00309119256967305,0.0019512201312617,-0.00314960890289617,0.00282885620047768,-0.00781253973679363
20200416,-0.0148730725989554,0.00309119256967305,-0.0019512201312617,0,0.0028208763416413,0.00391389932113628
20200417,0.0164258679420164,0,0.00584227562422845,0.00157604445546577,0.00841519692528458,0.0019512201312617
20200420,0.00772801373141219,-0.00619197024792117,-0.00584227562422845,-0.00631913635147852,-0.00841519692528458,-0.0019512201312617
20200421,0.0347992753653399,-0.00623054975063608,-0.0078431774610257,-0.00955421280481161,0.0028129413766147,-0.0078431774610257
20200422,-0.016492127920984,0.00156128056695248,0.00196656897204073,0.00159872136369699,-0.00846267391873368,-0.00394477829101647
20200423,0,-0.00156128056695248,-0.00393701295933946,-0.00801928916661976,-0.0200292818755725,-0.00197824001210578
20200424,0.000755572381998082,-0.00312989300892785,-0.00395257431582352,-0.00161160389434167,-0.00870832789178433,0.00395257431582352
20200427,0.0194471349355214,0.00625002034517141,0.00788958727516298,0.00963089306096143,0.00291121020745844,0.00981362144832443
20200428,0.00148038517043414,0,0.00392157365318169,0.00159616953282216,-0.00291121020745844,0.0019512201312617
20200429,0.0363148109916263,0.0230957147946493,0.00779731046003174,0.0236417630570405,0.00870832789178433,0.0154741965825975
20200430,-0.00644009381472976,-0.00152322954052142,0.00387597384469296,0.00155642054765814,0.00576370471675003,-0.00192123017789392
20200506,-0.0115524750511509,-0.00765114673551981,-0.0116732843047247,-0.0140957698003934,-0.00865806274311454,-0.00966191091173685
20200507,-0.00582667344020615,-0.0061633477076688,-0.001958864485333,-0.00474309189601274,-0.00290275965796138,-0.00779731046003174
20200508,0.0188138689670172,0.00769826742575241,0,0.00631913635147852,0.00579711768432589,0.00779731046003174
20200511,0.00357782134788387,-0.0030721990369702,0.00781253973679363,0.0062794554848431,0,-0.00389105549296676
20200512,-0.0151136378100478,-0.00617285910708087,-0.00194742028439565,-0.0062794554848431,-0.00579711768432589,-0.00586511945239798
20200513,-0.0116704460967694,-0.00310077767824812,0,0.00471328445209807,0.00579711768432589,0.00391389932113628
20200514,-0.024509210480733,-0.00623054975063608,-0.00586511945239798,-0.0094488891979323,-0.00289435802636451,-0.00981362144832443
20200515,-0.00527705710084403,0,-0.00196270916784869,-0.00158353160564428,0,0.00197044398729873
20200518,-0.00227014853453911,0.00312012733624356,0.00196270916784869,0.00158353160564428,0,0
20200519,0.0120483385161747,0.00155642054765814,0.00391389932113628,0.0110150602306773,0.00289435802636451,0.00196656897204073
20200520,0.0111649838636074,-0.00155642054765814,0,0.0031250025431353,0.00288600488913504,0.00196270916784869
20200521,-0.00817544501524159,-0.00312012733624356,-0.00391389932113628,0.00311526731694922,-0.00578036291549955,-0.00392927813988941
20200522,-0.0364782086024098,-0.00941922191649169,-0.00985229644301167,-0.0172553300907619,-0.00873367996875452,-0.0158733491562904
20200525,0.00309119256967305,-0.00315956029036846,0.00788958727516298,0.00158102799731874,0.00583092031079313,0
20200526,0.0061538655743778,0.00158102799731874,-0.00196656897204073,0.00157853229304972,-0.00291121020745844,0.00199800266267314
20200527,-0.00307219903696998,0.00315457674851549,0.0078431774610257,0.0047207011349375,0.00581396986541982,0.00795232819049496
20200528,0.00537017017459407,0.0062794554848431,0.00971824946892141,0.00781864811779776,0.00578036291549955,0.00395257431582352
20200529,-0.00537017017459407,-0.00313479880537137,-0.00971824946892141,-0.00781864811779776,-0.00578036291549955,-0.00991088389945416
20200601,0.0243173076507062,0.00781864811779776,0.00778214044205505,0.00469852078155419,0.00578036291549955,0.00991088389945416
20200602,0.0171198822134668,0.00311042241439252,0.00579711768432589,0.00156128056695248,0.00287769982761499,0.00785858661252115
20200603,-0.000738279841580702,0,0,0.00311526731694922,0.00573067470898514,-0.001958864485333
20200604,0.00221320636264855,-0.00623054975063608,-0.00192864090640565,-0.0046765478839017,0,-0.00589972212718815
20200605,0.00147275431627492,-0.00156372197618282,0.00577479949388393,0.0046765478839017,0,0.00785858661252115
20200608,0.00220507255831359,-0.0047058910374127,0.00574164256767529,-0.0046765478839017,0.00285306898240645,-0.00588814262522241
20200609,0.00366435001449217,0.00313972000466767,0.00380952841666748,0.0046765478839017,0,0.00588814262522241
20200610,-0.0132549805161939,-0.00628932890756384,0.00189933580365254,-0.0046765478839017,-0.00285306898240645,-0.00588814262522241
20200611,-0.0308643241906119,-0.00632913505164767,0,-0.00784317746102592,-0.00573067470898514,-0.00790517950711345
20200612,-0.00690451534654413,-0.00158856268513774,-0.00953296065872355,0.00471328445209807,0,0
20200615,-0.0131733791899844,-0.0031847160675198,0.00382409643840353,-0.0173917427118691,-0.0115608224010759,-0.00597016698650377
20200616,0.00544536545857222,0.00794285351393675,0.0113853222251252,0.00635932190829247,0.00868312257346093,0.00597016698650377
20200617,-0.00310800560986735,0.00158102799731874,-0.00757579380845774,0,-0.00288600488913504,-0.0019860979716293
20200618,-0.00702853342458498,0.00157853229304972,-0.013397329571821,-0.00476569607301447,0,0.00594649918772627
20200619,0.00312989300892763,-0.0336840185010145,0.00192492840958436,0,0.00288600488913504,0
20200622,-0.0125787822068602,0,-0.00772204609391025,0.00317965291737954,-0.00288600488913504,0
20200623,-0.00316957476127921,-0.00490597876885457,-0.0038835000263977,-0.00477327875265754,-0.00579711768432589,-0.00793654959573642
20200624,0.0157483569681394,0.00490597876885457,0.0154443224274736,0.00794285351393675,0.00579711768432589,0.00991088389945416
20200629,0,-0.00326797676461599,0.00573067470898514,-0.00634922767865875,0.00288600488913504,0.0329806807298589
20200630,0,0.00163532334073069,-0.0527981855669708,0.00476569607301447,0.00287769982761499,-0.0173247836573061
20200701,0.0246926125903717,0.012987195526811,0.00200601872686579,0.00789270079890891,0.00573067470898514,0.0305951205782027
20200702,0.0233532270192032,0.0270501775330263,0.0139305735359467,0.0186921330121528,0.0225998319172409,0.0333364202675919
20200703,0.0592658961795132,0.0217399866364059,0.0195700961940972,0.0303974771843709,0.0138698478641504,0.0180510316455684
20200706,0.0956291082076022,0.0923733201310151,0.0818300182476321,0.0818834813180289,0.064021858764931,0.0938454549920433
20200707,-0.0128371467606807,-0.0284110018327799,-0.00716848947861259,0,-0.0130040844232067,-0.0398723912473773
20200708,0.0179262162681519,0.0114614435190066,-0.0163194918286012,-0.00276243269590992,0,0.0151390612156841
20200709,-0.0147014472691374,-0.00858374369139137,-0.0165902422601967,-0.00833338155914443,-0.0131754211585644,-0.0117549632314435
20200710,-0.0441005978709823,-0.0291565842914556,-0.0301909722791458,-0.0904406049643685,-0.0268833393934405,-0.034367643504208
20200713,0.00201680740630428,-0.00148038517043436,-0.00191754612927175,-0.0076628727455692,0.00543479598595686,0.0069686693160933
20200714,-0.0142038235095479,-0.0179377006866672,-0.0135267762982019,-0.0123840591997215,-0.00543479598595686,-0.0122272265695602
20200715,-0.0283265916976245,-0.0182653479772932,-0.011741817876683,-0.017282441148748,-0.0676314008886303,-0.0578823396174661
20200716,-0.00844480739949827,-0.00461894585629441,-0.00394477829101647,-0.00158604315563493,-0.0087848295557329,-0.0131210879626973
20200717,-0.000706963620820122,-0.00774597211465555,0,-0.00158856268513774,0.00293685967330992,-0.0152094186635288
20200720,0.0408785700061123,0.027609115614067,0.0137391758833039,0.0173369196532771,0.0145562977742073,0.0301909722791458
20200721,-0.0164274741419481,-0.00454890852636902,-0.00586511945239798,-0.00469852078155419,-0.00870832789178433,-0.00746272120158964
20200722,-0.00553634632115996,0,-0.00196270916784869,-0.0047207011349375,0,0.00187090793581168
20200723,-0.0281510496625152,-0.0184054275427155,-0.0118578464507835,-0.0111024138043052,-0.00584796988242298,-0.0188684843043827
20200724,-0.037081674904532,-0.0203290816384256,-0.00999009307508625,-0.0242142581205946,-0.0177519454584505,-0.0250736375521161
20200727,-0.0194471349355214,-0.00316455960296302,-0.00201005092802431,-0.00985229644301167,-0.00598804184462254,0
20200728,0.00752448997861555,0.00631913635147852,0.00201005092802431,0.00329489589685261,0,0.0019512201312617
20200729,0.0148812269966512,0.0109633047972695,0.0080000426670761,0.00982004618097543,0.0119404403719179,0.0135529664047036
20200730,-0.0126348763702775,-0.00781864811779776,-0.0080000426670761,-0.00326264563481637,-0.0089419373756614,-0.00772204609391025
20200731,-0.00224635062637368,-0.00157109223204133,-0.00402415029972558,0,-0.00299850299625648,0
20200803,0.0185671876755746,0.007830893580548,0.00402415029972558,0.00488998529419193,0.00299850299625648,0.00579711768432589
20200804,0.0325761704346124,0.0108612394316048,0.0139583522507067,0.0161293819298836,0.0119049025063183,0.0152966653754736
20200805,-0.0201445660924673,-0.0093023926623137,-0.0099503308531681,-0.00642056780292277,-0.0089153636579522,-0.0114505067879953
20200806,0.0101230076314485,0.00311042241439252,0.00399202126953746,-0.00322580924888261,0.00298062813813771,0.00764822083825689
20200807,-0.0144930073025669,-0.0125001627642316,-0.0080000426670761,-0.00161681522690538,-0.00597016698650377,-0.0114943794257352
20200810,0.0180836754332954,0.00938974034983908,0.00200601872686579,0.00484262447578798,0.00298953884836606,0.00576370471675003
20200811,0.0128206884290614,-0.00468384931242638,-0.00200601872686579,-0.00161160389434167,0,-0.00383877630716567
20200812,0.0175381555964647,0.00156372197618282,0.00200601872686579,0.00161160389434167,-0.00298953884836606,0.0114724011622367
20200813,-0.0140058311889191,-0.00156372197618282,-0.00200601872686579,-0.00161160389434167,-0.00299850299625648,-0.00763362485507102
20200814,0.020245019539411,0.0077942717268189,0.0080000426670761,0.00482704074831597,0.00598804184462254,0.0114286958236229
20200817,0.0485597759642888,0.0290762640815088,0.0138478968587936,0.0222231367847103,0.0148150857851406,0.0316895109569826
20200818,-0.00263678465230299,-0.0121397545506106,-0.00788958727516298,-0.00788026142530596,-0.0118344576470029,-0.011070223754247
20200819,-0.00330578813449955,-0.00305810635882087,-0.00396825917562049,-0.00794285351393675,-0.00597016698650377,-0.00931973194880231
20200820,-0.0343583812861845,-0.0154324050388117,-0.00598207167754761,-0.0112270625937836,-0.00299850299625648,-0.0150946262224851
20200821,-0.00964194797625328,0,0.00199800266267314,0.0032206147000422,0,0.00379507096855192
20200824,0.000691802172177791,-0.00155642054765814,-0.00400000533334599,0,-0.00300752106395552,-0.00379507096855192
20200825,0.00963531198367207,0,0.00200200267067285,-0.00160901080570053,0,-0.00190295014608588
20200826,-0.0158788286233573,-0.00625002034517141,-0.00400802139753864,-0.00808411839995893,-0.00907721815111651,-0.0114943794257352
20200827,0.00624351663968525,-0.00156862777262634,-0.00201005092802431,-0.00162469572700186,-0.00304414238122819,0.00192492840958436
20200828,0.0452933110696456,0.0093750686654559,0.00601807232556295,0.00970881412696079,0.00607904607638221,0.0076628727455692
20200831,-0.00331016522045458,0,-0.00803217169726422,-0.00161160389434167,-0.00607904607638221,-0.00382409643840353
20200901,0.00397088542949309,-0.00780644089282956,0,0,-0.00918842605440617,-0.00191754612927175
20200902,0.0118189163031421,-0.00786786120061356,-0.00809721023261933,-0.00485045413374929,-0.00927363678532922,-0.00577479949388393
20200903,-0.0277979513610318,-0.00475060275859795,-0.0020345886977875,-0.00650408796917645,0,-0.00193236775105388
20200904,0.00401875959491793,-0.0111733005981252,-0.00203873668984822,-0.00326797676461599,-0.00623054975063608,-0.00387597384469296
20200907,-0.0013377928416598,0,0,0,-0.00312989300892763,-0.00779731046003174
20200908,0.0322714866703979,0.00958473791298742,0.0101523714640179,0.0178431335675839,0.00625002034517119,0.0116732843047247
20200909,-0.0143605601038677,-0.00637960696403894,-0.00202224538076767,-0.00645163528148851,0,-0.00581960905326406
20200910,0.00851068966790836,-0.00803217169726445,-0.00609138939340204,-0.00649352931054836,-0.00312012733624356,-0.00781253973679363
20200911,-0.0217471502937396,0.0032206147000422,0.0040650462481695,0.00162733965937556,0,0
20200914,0.0191361827530194,0.00160642604827377,0,-0.00325733187030663,0.00312012733624356,-0.00196270916784869
20200915,0.00326264563481615,-0.00160642604827377,-0.002030457550382,-0.0016326534238853,0,0.00196270916784869
20200916,0.00584607056342401,0.00481155699722224,0.00405680069561454,0.0016326534238853,0,0.00391389932113628
20200917,0.00838444124927706,0,0,0.00325733187030663,0,-0.00587660848898497
20200918,0.031608193903514,0.0142973047008244,0.00806455983673038,0.0145281005629097,0.0093023926623137,0.0175272257089603
20200921,-0.0131539635427194,-0.00315956029036846,-0.00402415029972558,-0.00481928643594887,-0.00619197024792117,-0.00580834159574684
20200922,-0.0184542303607946,-0.0127390257774298,-0.00606675268223733,-0.00322580924888261,-0.00623054975063608,-0.00779731046003174
20200923,0.00384615858747805,-0.00643089033029054,-0.002030457550382,-0.00323624877920836,0.00312012733624356,-0.001958864485333
20200924,-0.0331737736819981,-0.00323102058144631,-0.00407332538763572,-0.00650408796917645,-0.00312012733624356,-0.00985229644301167
20200925,0.00461894585629441,0,-0.00204290162980048,0.00162999221093107,-0.00312989300892763,-0.00396825917562049
20200928,0.00786889306191085,-0.00161943355230298,0.0101730277130507,0.00811034453745374,0.0155524130074849,0.00594649918772627
20200929,-0.033879028899523,-0.00487409575824538,-0.00609138939340204,-0.00811034453745374,-0.0124225199985573,-0.00396040121609698
20200930,0.0246926125903717,-0.00162999221093107,0.0020345886977875,0.00162733965937556,0,0.0019821612039912
20201009,0.000658978607043004,0.00488202759730849,-0.0020345886977875,-0.00162733965937556,0.00312012733624356,0.00395257431582352
20201012,0.0463403372587021,0.0129034048359078,0.0101317989304068,0.0145515906403106,0.00621120009264065,0.0195318709172458
20201013,0.0100125992924296,-0.00321027563024834,-0.00809721023261933,-0.00967749488206526,-0.00621120009264065,-0.00387597384469296
20201014,-0.00186974189715405,-0.0032206147000422,0,0,-0.00312012733624356,0.0019398648178266
20201015,0.032528182335652,0.00643089033029054,0.002030457550382,0.00967749488206526,0.00312012733624356,0.00964327627180417
20201016,0.0320883145515007,0.00479617226349305,0.0120969217088287,0.0269216575662645,0.00621120009264065,0.0133462419528947
20201019,0.021978906718775,0.00477327875265754,0.00599402394021031,0.0185763855729353,0.00309119256967305,-0.0056980211146378
20201020,0.00342661671664768,-0.00956945101615059,-0.0080000426670761,-0.0264195630339612,-0.0093023926623137,-0.0192313619278877
20201021,0.0208752291285834,0.0158985860677983,0.0139583522507067,0.0125197253449276,0.0093023926623137,0.0192313619278877
20201022,-0.01973562786565,-0.00791769773678541,0.00197824001210578,0.00620157026328116,-0.00309119256967305,0.00190295014608588
20201023,0.031944436559789,0.0110673066396816,0,0,0.00309119256967305,0.00379507096855192
20201026,-0.0240033851869761,-0.0190481949706944,-0.00793654959573642,-0.00464756839654679,0,-0.0133462419528947
20201027,0.00338409798424077,0,0.00199005040801015,-0.0077942717268189,-0.00309119256967305,-0.00964327627180417
20201028,-0.00734674115424516,-0.00966191091173685,-0.00598207167754761,-0.0157731976770943,-0.00621120009264065,-0.00973717527785833
20201029,0.0079096457567811,-0.00324149392417095,-0.00803217169726422,0,-0.00625002034517119,-0.00392157365318169
20201030,-0.00112612624513542,-0.0163669774642055,-0.00809721023261933,0,-0.00313972000466767,-0.00788958727516298
20201102,-0.00678351951164569,-0.00165152803847302,0.00405680069561454,-0.00798088833101285,0.00313972000466767,0
20201103,0.0185450664642746,0.0147664701163011,0.00202224538076767,0.00479617226349305,0.00312989300892763,0.0137661957641479
20201104,0.0198462963719308,0.00811034453745374,0,0.012678458259771,0,-0.00587660848898497
20201105,-0.034428719666201,0.00161420535454093,0,0.0015735644474304,0,0.00392157365318169
20201106,-0.0033955890011379,0.00161160389434167,0.00201816415623712,0.0047058910374127,0.00312012733624356,0
20201109,0.0112740765732178,0.00801928916661976,0.00402415029972558,0.00156372197618282,0.00311042241439252,0.00779731046003174
20201110,0.0150211447434589,-0.00320000273067089,0.0080000426670761,0.00778214044205483,0,-0.0019436352085711
20201111,-0.0167041745937522,0.00479617226349305,0.00991088389945416,0.0199546145295448,0.00619197024792117,0.00581960905326406
20201112,-0.00845790212575626,0.00477327875265754,-0.0119049025063185,-0.00762780204888625,-0.00309119256967305,-0.0116732843047247
20201113,-0.0275562786197043,-0.0176145467009821,-0.0100301743599374,-0.0201089529227134,-0.00310077767824812,-0.00983292091623889
20201116,0.0109986636969044,0.00964637705180538,0.00402415029972558,0.00312012733624356,0.00310077767824812,0.00197433430371774
20201117,0.026137851622035,0.00478851673179714,0.00400802139753864,0.0093023926623137,0,0.00393701295933946
20201118,0.0347237971996575,0.0157981168765911,0.00598207167754761,0.0137933221323356,0.00309119256967305,0.0175272257089603
20201119,0.0209066848193138,-0.00156862777262634,0.0019860979716293,0.0121030221712437,0,0
20201120,0.000530363311291193,-0.00314465667947172,-0.0019860979716293,-0.0121030221712437,-0.00309119256967305,-0.00580834159574684
20201123,0.0395061769319058,0.014073727211662,0.00792083349144401,0.0210851184870713,0.0061728591070811,0.0154145634011869
20201124,-0.0133403722887859,-0.00623054975063608,-0.00395257431582352,-0.010486987495248,0.00307219903696998,-0.00767758089903436
20201125,-0.0156171836223753,-0.00626961301359552,-0.0019821612039912,-0.00301659353942552,-0.00615386557437803,0
20201126,0.0228225673436451,0.007830893580548,0.00987174847915417,0.0179645549752987,0.00308166653740805,0.013397329571821
20201127,0.0102041701742417,0.0185476723557609,0.0572675543584744,0.0421267808983581,0.0243173076507064,0.0373177630071955
20201130,0.00202839826139289,0,-0.0130720815673526,0.0169256508833426,-0.009049835519918,-0.041127291423863
20201201,0.0155821197472426,0.0227110442602148,0.0278053130803366,0.0207619914484292,0.0180185055026783,0.0282238865879549
20201202,-0.0211701454642084,-0.0120483385161747,-0.00366300775873696,0.0013689256073417,-0.00896866998276025,-0.00931973194880231
20201203,-0.00459536167373287,0.0165293019512107,-0.0129272345014597,-0.0013689256073417,-0.00602411460338104,0.00187090793581168
20201204,-0.0123585507037971,-0.0241339013364299,-0.0130965389198456,-0.0221615718028525,-0.00910476699291918,-0.0150661983546443
20201207,-0.0204142132404734,-0.0169365095308982,-0.0228581380760502,-0.0240975515790605,-0.00918842605440617,-0.0230336478776261
20201208,-0.010632742384368,-0.00155400186673438,-0.0135792581263809,-0.0291141378482489,-0.00308166653740805,-0.00389105549296676
20201209,0,-0.0093750686654559,-0.00391389932113628,-0.00741293238912544,-0.00309119256967305,-0.00586511945239798
20201210,-0.00321199419617368,-0.00946379303095024,-0.00787405643090588,-0.0210534091978323,-0.00310077767824812,0
20201211,-0.00699491687179155,0,0.00394477829101647,-0.0137722146212274,-0.00311042241439252,0.00975617494536474
20201214,0.0192519314993214,-0.00795549144111463,-0.00592301830312225,0.00614441257234111,-0.00312012733624356,-0.00584227562422845
20201215,-0.00744288390707837,-0.00641027836091923,-0.00795232819049496,-0.0154324050388117,-0.0062696130135953,-0.00195503483580328
20201216,0.0143048796900618,-0.00645163528148851,-0.00199800266267314,0,0,-0.00588814262522241
20201217,-0.00316122497190241,0.00966191091173685,0.00598207167754761,0.00310559255815313,0.00313972000466767,0.00588814262522241
20201218,-0.0316295463360912,-0.00160384958197457,-0.00598207167754761,-0.00622085987510235,-0.00313972000466767,-0.001958864485333
20201221,-0.00436681916634019,0.00160384958197457,0,-0.007830893580548,0.00313972000466767,0.001958864485333
20201222,-0.0210068531792951,-0.00966191091173685,-0.012072581234269,-0.020652044552669,-0.00944888919793252,-0.0118111609283447
20201223,0.00557104504945549,0,0.0040404095370048,0.00160384958197457,0,0.00592301830312225
20201224,0.014341117270658,-0.00161943355230298,0,0.00479617226349305,0.00315956029036846,-0.00197044398729873
20201225,-0.0121213605323449,0,0.00201409937170127,0,0.00314960890289639,0
20201228,0.0439213992595424,-0.00487409575824538,0,-0.00479617226349305,-0.00314960890289639,0
20201229,0.0168336431635332,0.00162733965937556,0.00201005092802431,0.00160128136697391,0,0
20201230,0.00156372197618238,0.00648300487807818,-0.00402415029972558,-0.00481155699722224,0,0.00197044398729873
20201231,0.00726521099141264,0.00964637705180538,0.00603016902659137,0.00960007372901939,0.00314960890289639,0.00588814262522241
